# SUBTLEX-US word frequencies (Brysbaert & New 2009; Zipf scale per Van Heuven et al. 2014)
# word	zipf	dominant_part_of_speech
you	7.621	Pronoun
the	7.468	Article
that	7.149	Determiner
and	7.126	Conjunction
what	6.993	Determiner
this	6.901	Determiner
for	6.838	Preposition
your	6.809	Pronoun
don	6.798	Name
have	6.789	Verb
know	6.757	Verb
was	6.752	Verb
not	6.734	Not
can	6.719	Verb
are	6.716	Verb
all	6.712	Determiner
with	6.703	Preposition
just	6.676	Adverb
get	6.661	Verb
here	6.655	Adverb
but	6.645	Conjunction
there	6.638	Ex
they	6.613	Pronoun
right	6.602	Adverb
like	6.601	Preposition
out	6.587	Adverb
she	6.571	Pronoun
about	6.559	Preposition
him	6.542	Pronoun
got	6.519	Verb
now	6.505	Adverb
come	6.496	Verb
one	6.487	Number
how	6.485	Adverb
well	6.475	Adverb
yeah	6.474	Interjection
her	6.452	Pronoun
want	6.44	Verb
think	6.429	Verb
good	6.416	Adjective
see	6.407	Verb
let	6.383	Verb
did	6.369	Verb
why	6.351	Adverb
who	6.346	Pronoun
his	6.327	Pronoun
going	6.326	Verb
will	6.326	Verb
from	6.309	Preposition
when	6.308	Conjunction
back	6.302	Adverb
okay	6.302	Adverb
gonna	6.3	#N/A
yes	6.3	Interjection
time	6.291	Noun
look	6.289	Verb
take	6.276	Verb
man	6.266	Noun
where	6.262	Adverb
them	6.25	Pronoun
would	6.247	Verb
been	6.239	Verb
hey	6.237	Interjection
some	6.237	Determiner
tell	6.236	Verb
had	6.224	Verb
were	6.22	Verb
say	6.214	Verb
could	6.211	Verb
didn	6.198	Verb
really	6.176	Adverb
down	6.173	Adverb
then	6.172	Adverb
little	6.16	Adjective
way	6.153	Noun
our	6.146	Pronoun
make	6.142	Verb
too	6.137	Adverb
never	6.134	Adverb
over	6.121	Adverb
more	6.113	Determiner
need	6.112	Verb
mean	6.094	Verb
very	6.093	Adverb
off	6.071	Adverb
give	6.067	Verb
sorry	6.067	Adjective
has	6.054	Verb
love	6.047	Verb
thank	6.047	Verb
said	6.044	Verb
people	6.042	Noun
any	6.041	Determiner
please	6.041	Adverb
sure	6.041	Adjective
thing	6.036	Noun
only	6.034	Adverb
because	6.029	Conjunction
two	6.027	Number
should	6.026	Verb
doing	6.012	Verb
much	5.988	Determiner
sir	5.984	Noun
maybe	5.966	Adverb
help	5.964	Verb
anything	5.957	Pronoun
these	5.956	Determiner
god	5.955	Name
even	5.942	Adverb
night	5.937	Noun
call	5.935	Verb
nothing	5.931	Pronoun
talk	5.931	Verb
into	5.926	Preposition
first	5.924	Number
find	5.919	Verb
wait	5.919	Verb
put	5.918	Verb
great	5.914	Adjective
thought	5.907	Verb
day	5.903	Noun
life	5.901	Noun
work	5.901	Verb
again	5.899	Adverb
before	5.899	Conjunction
better	5.899	Adverb
still	5.896	Adverb
home	5.888	Adverb
guy	5.882	Noun
won	5.88	Verb
those	5.876	Determiner
than	5.868	Conjunction
around	5.867	Adverb
other	5.866	Adjective
away	5.863	Adverb
last	5.859	Number
new	5.859	Adjective
ever	5.85	Adverb
stop	5.849	Verb
keep	5.846	Verb
must	5.844	Verb
told	5.844	Verb
things	5.84	Noun
after	5.834	Preposition
big	5.834	Adjective
long	5.829	Adverb
does	5.823	Verb
always	5.816	Adverb
their	5.816	Pronoun
nice	5.812	Adjective
name	5.807	Noun
money	5.806	Noun
doesn	5.803	Noun
guys	5.8	Noun
feel	5.797	Verb
believe	5.795	Verb
thanks	5.794	Noun
old	5.784	Adjective
place	5.779	Noun
fine	5.776	Adjective
kind	5.771	Noun
hello	5.767	Interjection
isn	5.767	Noun
lot	5.755	Noun
years	5.754	Noun
made	5.749	Verb
leave	5.748	Verb
girl	5.745	Noun
hear	5.744	Verb
father	5.743	Noun
every	5.739	Article
through	5.739	Preposition
bad	5.736	Adjective
listen	5.736	Verb
remember	5.734	Verb
three	5.734	Number
boy	5.724	Noun
coming	5.721	Verb
wrong	5.718	Adjective
might	5.712	Verb
stay	5.712	Verb
house	5.71	Noun
may	5.708	Verb
another	5.706	Determiner
baby	5.706	Noun
dad	5.705	Noun
gotta	5.704	#N/A
wanna	5.703	#N/A
enough	5.7	Adverb
wanted	5.7	Verb
talking	5.696	Verb
happened	5.69	Verb
show	5.688	Verb
course	5.687	Adverb
being	5.686	Verb
care	5.685	Verb
done	5.685	Verb
getting	5.685	Verb
left	5.685	Verb
mind	5.685	Noun
ask	5.683	Verb
car	5.683	Noun
mother	5.681	Noun
try	5.678	Verb
which	5.678	Determiner
shit	5.676	Noun
hell	5.672	Noun
miss	5.669	Noun
came	5.666	Verb
wouldn	5.665	Noun
own	5.661	Determiner
world	5.658	Noun
guess	5.656	Verb
kill	5.655	Verb
next	5.655	Number
dead	5.652	Adjective
else	5.652	Adverb
trying	5.651	Verb
someone	5.649	Pronoun
real	5.646	Adjective
morning	5.642	Noun
room	5.642	Noun
huh	5.641	Interjection
hold	5.64	Verb
ain	5.639	Noun
woman	5.638	Noun
today	5.637	Adverb
yourself	5.637	Pronoun
looking	5.636	Verb
wasn	5.634	Noun
mom	5.633	Noun
friend	5.622	Noun
move	5.621	Verb
same	5.62	Determiner
job	5.615	Noun
tonight	5.615	Adverb
went	5.614	Verb
son	5.613	Noun
best	5.606	Adjective
saw	5.604	Verb
found	5.597	Verb
pretty	5.593	Adverb
heard	5.588	Verb
ready	5.588	Adjective
seen	5.585	Verb
whole	5.585	Adjective
together	5.583	Adverb
fuck	5.578	Verb
minute	5.576	Noun
men	5.571	Noun
head	5.569	Noun
matter	5.568	Noun
haven	5.567	Noun
knew	5.566	Verb
excuse	5.565	Verb
idea	5.555	Noun
many	5.555	Determiner
family	5.549	Noun
play	5.549	Verb
without	5.549	Preposition
meet	5.546	Verb
most	5.544	Adverb
run	5.544	Verb
while	5.543	Conjunction
wife	5.542	Noun
live	5.537	Verb
once	5.537	Adverb
somebody	5.537	Pronoun
use	5.536	Verb
used	5.536	Verb
myself	5.534	Pronoun
took	5.534	Verb
yet	5.533	Adverb
called	5.531	Verb
couldn	5.531	Noun
start	5.531	Verb
kid	5.53	Noun
tomorrow	5.526	Adverb
happy	5.522	Adjective
school	5.522	Noun
problem	5.518	Noun
watch	5.518	Verb
bring	5.514	Verb
fucking	5.512	Adjective
actually	5.508	Adverb
business	5.506	Noun
says	5.506	Verb
hope	5.505	Verb
open	5.505	Verb
already	5.503	Adverb
since	5.498	Conjunction
looks	5.493	Verb
sit	5.493	Verb
mrs	5.492	Noun
cause	5.491	Noun
alone	5.489	Adjective
hard	5.488	Adjective
wants	5.487	Verb
stuff	5.486	Noun
turn	5.486	Verb
days	5.485	Noun
friends	5.484	Noun
until	5.48	Conjunction
few	5.479	Determiner
kids	5.478	Noun
honey	5.477	Noun
gone	5.472	Verb
both	5.47	Determiner
door	5.465	Noun
later	5.465	Adverb
saying	5.464	Verb
such	5.464	Determiner
killed	5.462	Verb
face	5.461	Noun
having	5.461	Verb
worry	5.457	Verb
ago	5.456	Adverb
five	5.455	Number
second	5.454	Noun
brother	5.453	Noun
damn	5.452	Adjective
case	5.45	Noun
thinking	5.449	Verb
probably	5.448	Adverb
hand	5.446	Noun
check	5.445	Verb
year	5.443	Noun
forget	5.442	Verb
hit	5.439	Verb
lost	5.437	Verb
minutes	5.436	Noun
crazy	5.434	Adjective
late	5.43	Adjective
phone	5.43	Noun
nobody	5.425	Pronoun
easy	5.424	Adjective
end	5.424	Noun
doctor	5.421	Noun
shut	5.421	Verb
under	5.418	Preposition
deal	5.417	Noun
part	5.417	Noun
die	5.416	Verb
soon	5.41	Adverb
four	5.407	Number
anyone	5.406	Pronoun
happen	5.405	Verb
pay	5.405	Verb
each	5.403	Pronoun
true	5.403	Adjective
eat	5.401	Verb
supposed	5.401	Adjective
jack	5.4	Name
mine	5.399	Pronoun
working	5.398	Verb
town	5.394	Noun
afraid	5.393	Adjective
drink	5.393	Noun
exactly	5.392	Adverb
whatever	5.392	Determiner
hurt	5.391	Verb
knows	5.389	Verb
heart	5.387	Noun
gave	5.386	Verb
young	5.385	Adjective
everyone	5.383	Pronoun
chance	5.382	Noun
makes	5.382	Verb
read	5.382	Verb
number	5.381	Noun
change	5.38	Verb
taking	5.38	Verb
anyway	5.377	Adverb
married	5.377	Adjective
week	5.377	Noun
hands	5.373	Noun
point	5.373	Noun
police	5.373	Noun
word	5.372	Noun
bit	5.371	Noun
fun	5.371	Noun
wish	5.371	Verb
aren	5.369	Noun
game	5.368	Noun
party	5.367	Noun
set	5.364	Verb
cut	5.361	Verb
comes	5.358	Verb
sleep	5.357	Verb
shot	5.356	Noun
anybody	5.355	Pronoun
ass	5.354	Noun
stand	5.354	Verb
water	5.352	Noun
boys	5.35	Noun
couple	5.349	Noun
dear	5.349	Interjection
trouble	5.349	Noun
gets	5.347	Verb
making	5.347	Verb
eyes	5.345	Noun
break	5.344	Verb
far	5.343	Adverb
story	5.343	Noun
times	5.342	Noun
close	5.341	Adjective
means	5.339	Verb
funny	5.338	Adjective
goes	5.336	Verb
lady	5.336	Noun
death	5.335	Noun
asked	5.334	Verb
walk	5.334	Verb
fire	5.333	Noun
hours	5.332	Noun
hate	5.331	Verb
gun	5.328	Noun
person	5.328	Noun
rest	5.328	Noun
inside	5.324	Adverb
waiting	5.324	Verb
captain	5.318	Noun
girls	5.318	Noun
least	5.317	Adverb
also	5.314	Adverb
line	5.314	Noun
yours	5.311	Pronoun
office	5.309	Noun
dinner	5.306	Noun
quite	5.306	Adverb
against	5.304	Preposition
fight	5.303	Verb
side	5.302	Noun
half	5.299	Determiner
six	5.299	Number
ahead	5.297	Adverb
michael	5.297	Name
pick	5.297	Verb
question	5.297	Noun
body	5.291	Noun
cool	5.291	Adjective
women	5.291	Noun
high	5.289	Adjective
husband	5.289	Noun
john	5.287	Name
almost	5.286	Adverb
reason	5.286	Noun
dog	5.285	Noun
buy	5.284	Verb
truth	5.283	Noun
met	5.281	Verb
telling	5.28	Verb
hot	5.278	Adjective
anymore	5.274	Adverb
behind	5.273	Preposition
started	5.273	Verb
bed	5.272	Noun
speak	5.272	Verb
moment	5.271	Noun
tried	5.271	Verb
blood	5.269	Noun
daddy	5.267	Noun
shall	5.267	Verb
stupid	5.265	Adjective
along	5.262	Adverb
either	5.261	Adverb
though	5.259	Conjunction
front	5.258	Preposition
sister	5.256	Noun
bye	5.255	Interjection
send	5.254	Verb
welcome	5.253	Verb
trust	5.25	Verb
free	5.249	Adjective
book	5.247	Noun
answer	5.245	Verb
between	5.243	Preposition
children	5.243	Noun
war	5.242	Noun
hurry	5.239	Verb
brought	5.236	Verb
fact	5.236	Noun
bet	5.235	Verb
clear	5.235	Adjective
its	5.234	Pronoun
white	5.234	Adjective
daughter	5.233	Noun
glad	5.233	Adjective
outside	5.23	Adverb
city	5.228	Noun
bitch	5.227	Noun
black	5.225	Adjective
feeling	5.225	Verb
seems	5.224	Verb
full	5.222	Adjective
till	5.221	Conjunction
sick	5.218	Adjective
light	5.217	Noun
shoot	5.217	Verb
news	5.216	Noun
lose	5.215	Verb
months	5.212	Noun
hour	5.21	Noun
save	5.21	Verb
country	5.209	Noun
jesus	5.207	Name
needs	5.206	Verb
wow	5.204	Interjection
able	5.203	Adjective
frank	5.202	Name
perfect	5.2	Adjective
shouldn	5.199	Verb
running	5.198	Verb
child	5.197	Noun
died	5.196	Verb
whoa	5.196	Interjection
living	5.194	Verb
order	5.194	Noun
sounds	5.193	Verb
alive	5.188	Adjective
food	5.188	Noun
hair	5.186	Noun
luck	5.186	Noun
drive	5.185	Verb
promise	5.184	Verb
sex	5.182	Noun
music	5.18	Noun
power	5.173	Noun
sort	5.172	Adverb
serious	5.171	Adjective
special	5.171	Adjective
dance	5.17	Verb
red	5.17	Adjective
street	5.17	Noun
hang	5.169	Verb
team	5.169	Noun
touch	5.169	Verb
playing	5.168	Verb
company	5.167	Noun
george	5.165	Name
pull	5.165	Verb
plan	5.163	Noun
sweet	5.161	Adjective
ten	5.161	Number
coffee	5.159	Noun
lucky	5.156	Adjective
sound	5.156	Verb
safe	5.155	Adjective
date	5.15	Noun
leaving	5.15	Verb
parents	5.148	Noun
himself	5.147	Pronoun
lives	5.145	Noun
seem	5.145	Verb
air	5.143	Noun
picture	5.141	Noun
taken	5.141	Verb
york	5.141	Name
ladies	5.14	Noun
lord	5.14	Noun
sent	5.139	Verb
fast	5.138	Adverb
happens	5.137	Verb
perhaps	5.133	Adverb
catch	5.131	Verb
ride	5.131	Noun
win	5.129	Verb
kidding	5.126	Verb
scared	5.125	Adjective
top	5.125	Noun
dream	5.124	Noun
sign	5.124	Verb
meeting	5.121	Noun
beat	5.119	Verb
sense	5.119	Noun
control	5.116	Noun
drop	5.115	Verb
cold	5.114	Adjective
weeks	5.114	Noun
darling	5.112	Noun
figure	5.111	Verb
king	5.111	Noun
poor	5.11	Adjective
throw	5.109	Verb
asking	5.108	Verb
joe	5.107	Name
write	5.103	Verb
cannot	5.102	#N/A
suppose	5.099	Verb
human	5.096	Adjective
small	5.096	Adjective
piece	5.095	Noun
boss	5.094	Noun
hospital	5.094	Noun
uncle	5.093	Noun
calling	5.092	Verb
past	5.092	Noun
known	5.091	Verb
follow	5.09	Verb
sam	5.09	Name
movie	5.089	Noun
straight	5.087	Adverb
weren	5.087	Noun
words	5.086	Noun
clean	5.083	Adjective
kiss	5.083	Verb
looked	5.082	Verb
evening	5.081	Noun
feet	5.081	Noun
lie	5.08	Verb
million	5.08	Noun
felt	5.078	Verb
moving	5.078	Verb
step	5.074	Verb
bill	5.073	Name
fall	5.073	Verb
learn	5.073	Verb
class	5.069	Noun
finally	5.069	Adverb
takes	5.069	Verb
quiet	5.068	Adjective
wonder	5.068	Verb
goodbye	5.066	Interjection
law	5.065	Noun
become	5.062	Verb
general	5.062	Noun
worked	5.061	Verb
possible	5.057	Adjective
rather	5.057	Adverb
goddamn	5.056	Adjective
unless	5.055	Conjunction
mad	5.054	Adjective
tired	5.051	Adjective
murder	5.049	Noun
eye	5.048	Noun
mike	5.048	Name
road	5.048	Noun
except	5.047	Conjunction
charlie	5.045	Name
explain	5.045	Verb
less	5.045	Adverb
none	5.043	Pronoun
loved	5.042	Verb
giving	5.041	Verb
secret	5.039	Noun
seeing	5.039	Verb
tom	5.039	Name
wear	5.038	Verb
worth	5.038	Preposition
act	5.037	Verb
careful	5.036	Adjective
quick	5.036	Adjective
handle	5.035	Verb
early	5.033	Adverb
pass	5.033	Verb
report	5.033	Noun
state	5.032	Noun
busy	5.027	Adjective
table	5.023	Noun
turned	5.023	Verb
wake	5.022	Verb
ball	5.021	Noun
broke	5.021	Verb
works	5.021	Verb
major	5.02	Adjective
marry	5.018	Verb
meant	5.018	Verb
mouth	5.018	Noun
seven	5.018	Number
fault	5.017	Noun
lunch	5.017	Noun
expect	5.016	Verb
hmm	5.015	Interjection
mama	5.015	Noun
future	5.014	Noun
paper	5.014	Noun
hotel	5.013	Noun
officer	5.013	Noun
buddy	5.012	Noun
agent	5.011	Noun
thinks	5.011	Verb
blue	5.01	Adjective
talked	5.01	Verb
american	5.009	Adjective
david	5.008	Name
mistake	5.008	Noun
ones	5.006	Noun
wedding	5.006	Noun
changed	5.004	Verb
clothes	5.004	Noun
weird	5.004	Adjective
court	5.003	Noun
floor	5.002	Noun
building	4.998	Noun
watching	4.998	Verb
dude	4.997	Noun
earth	4.997	Noun
others	4.996	Noun
finish	4.995	Verb
forgot	4.995	Verb
longer	4.995	Adverb
ship	4.995	Noun
club	4.994	Noun
eight	4.992	Number
worse	4.991	Adjective
ben	4.99	Name
pain	4.99	Noun
blow	4.989	Verb
choice	4.989	Noun
sing	4.989	Verb
ray	4.988	Name
birthday	4.987	Noun
stick	4.987	Verb
relax	4.985	Verb
colonel	4.983	Noun
honor	4.983	Noun
smart	4.983	Adjective
boat	4.981	Noun
plane	4.98	Noun
given	4.978	Verb
lovely	4.978	Adjective
month	4.978	Noun
train	4.977	Noun
fair	4.976	Adjective
ooh	4.976	Interjection
worried	4.976	Adjective
needed	4.975	Verb
cover	4.974	Verb
security	4.974	Noun
sitting	4.974	Verb
across	4.973	Preposition
bag	4.973	Noun
paul	4.973	Name
terrible	4.973	Adjective
caught	4.972	Verb
song	4.971	Noun
spend	4.969	Verb
horse	4.967	Noun
ring	4.967	Noun
sell	4.964	Verb
personal	4.962	Adjective
return	4.962	Verb
bob	4.961	Name
message	4.961	Noun
system	4.961	Noun
hasn	4.957	Noun
tough	4.956	Adjective
christ	4.954	Name
count	4.954	Verb
peter	4.954	Name
quit	4.954	Verb
box	4.953	Noun
missed	4.952	Verb
charge	4.951	Noun
fool	4.951	Noun
kept	4.951	Verb
present	4.951	Noun
middle	4.95	Noun
simple	4.95	Adjective
calm	4.949	Verb
forever	4.948	Adverb
surprise	4.948	Noun
dark	4.947	Adjective
decided	4.947	Verb
anywhere	4.945	Adverb
land	4.945	Noun
miles	4.945	Noun
swear	4.945	Verb
mary	4.944	Name
missing	4.944	Verb
cute	4.943	Adjective
lying	4.942	Verb
dress	4.94	Noun
master	4.94	Noun
fix	4.938	Verb
key	4.938	Noun
strong	4.938	Adjective
johnny	4.936	Name
strange	4.936	Adjective
wearing	4.936	Verb
cop	4.935	Noun
rock	4.935	Noun
voice	4.935	Noun
bar	4.934	Noun
window	4.934	Noun
totally	4.933	Adverb
army	4.932	Noun
bought	4.932	Verb
paid	4.932	Verb
record	4.932	Noun
short	4.932	Adjective
card	4.931	Noun
certain	4.931	Adjective
college	4.93	Noun
bank	4.929	Noun
evidence	4.929	Noun
fly	4.929	Verb
besides	4.928	Adverb
ran	4.925	Verb
cops	4.924	Noun
test	4.924	Noun
history	4.923	Noun
born	4.922	Verb
finished	4.922	Verb
proud	4.922	Adjective
fish	4.921	Noun
join	4.921	Verb
lead	4.92	Verb
near	4.919	Preposition
smell	4.919	Verb
enjoy	4.917	Verb
letter	4.917	Noun
trip	4.915	Noun
harry	4.914	Name
mark	4.913	Name
store	4.913	Noun
amazing	4.912	Adjective
accident	4.91	Noun
danny	4.91	Name
star	4.91	Noun
imagine	4.908	Verb
doc	4.907	Noun
ought	4.907	Verb
pleasure	4.907	Noun
list	4.906	Noun
rich	4.905	Adjective
calls	4.904	Noun
jimmy	4.904	Name
entire	4.902	Adjective
service	4.902	Noun
judge	4.901	Noun
fat	4.9	Adjective
ice	4.9	Noun
lawyer	4.9	Noun
alright	4.899	Adverb
instead	4.899	Preposition
age	4.898	Noun
station	4.898	Noun
gold	4.897	Noun
realize	4.897	Verb
hundred	4.896	Noun
liked	4.896	Verb
seat	4.896	Noun
summer	4.895	Noun
dollars	4.894	Noun
angel	4.893	Noun
standing	4.893	Verb
mess	4.892	Noun
america	4.891	Name
chief	4.891	Noun
killing	4.89	Verb
radio	4.887	Noun
brain	4.886	Noun
hungry	4.886	Adjective
marriage	4.886	Noun
problems	4.886	Noun
soul	4.886	Noun
forgive	4.885	Verb
deep	4.883	Adjective
drunk	4.883	Adjective
henry	4.883	Name
figured	4.882	Verb
likes	4.882	Verb
folks	4.881	Noun
during	4.88	Preposition
private	4.88	Adjective
slow	4.88	Adjective
attack	4.878	Noun
beer	4.877	Noun
stopped	4.877	Verb
partner	4.876	Noun
walking	4.875	Verb
area	4.874	Noun
offer	4.873	Verb
scene	4.873	Noun
third	4.872	Number
upset	4.872	Verb
bus	4.87	Noun
owe	4.87	Verb
shoes	4.87	Noun
driving	4.869	Verb
english	4.869	Noun
richard	4.868	Name
group	4.867	Noun
kick	4.865	Verb
evil	4.864	Adjective
fell	4.863	Verb
joey	4.863	Name
joke	4.863	Noun
teach	4.862	Verb
truck	4.862	Noun
green	4.86	Adjective
ground	4.86	Noun
loves	4.86	Verb
cash	4.859	Noun
forward	4.859	Adverb
honest	4.859	Adjective
park	4.858	Noun
position	4.857	Noun
single	4.857	Adjective
respect	4.854	Noun
broken	4.852	Verb
crime	4.852	Noun
wrote	4.852	Verb
max	4.851	Name
public	4.851	Adjective
art	4.85	Noun
fighting	4.85	Verb
grab	4.85	Verb
mommy	4.85	Noun
favor	4.849	Noun
force	4.849	Noun
seconds	4.849	Noun
upstairs	4.849	Adverb
wall	4.849	Noun
jail	4.848	Noun
push	4.848	Verb
normal	4.847	Adjective
prove	4.847	Verb
field	4.846	Noun
machine	4.846	Noun
protect	4.846	Verb
feels	4.845	Verb
spent	4.845	Verb
jump	4.844	Verb
named	4.844	Verb
speaking	4.844	Verb
church	4.843	Noun
hide	4.843	Verb
nose	4.843	Noun
saved	4.843	Verb
starting	4.843	Verb
sun	4.843	Noun
bobby	4.842	Name
peace	4.842	Noun
share	4.842	Verb
bullshit	4.841	Noun
french	4.841	Adjective
steve	4.841	Name
holding	4.84	Verb
moved	4.84	Verb
paris	4.84	Name
picked	4.84	Verb
thousand	4.84	Noun
billy	4.839	Name
fear	4.839	Noun
using	4.839	Verb
tape	4.837	Noun
suit	4.836	Noun
tony	4.836	Name
holy	4.833	Adjective
pictures	4.833	Noun
involved	4.832	Verb
putting	4.832	Verb
books	4.831	Noun
gas	4.831	Noun
neither	4.83	Adverb
nine	4.829	Number
pop	4.829	Interjection
bother	4.828	Verb
rules	4.828	Noun
nervous	4.827	Adjective
whether	4.826	Conjunction
dying	4.825	Verb
round	4.823	Adjective
stuck	4.823	Verb
dirty	4.822	Adjective
cat	4.821	Noun
idiot	4.82	Noun
lived	4.819	Verb
prison	4.819	Noun
space	4.819	Noun
carry	4.818	Verb
james	4.818	Name
bastard	4.817	Noun
cry	4.817	Verb
arm	4.815	Noun
smoke	4.815	Verb
film	4.814	Noun
foot	4.812	Noun
tree	4.812	Noun
contact	4.811	Noun
agree	4.81	Verb
knock	4.81	Verb
pardon	4.81	Noun
dreams	4.809	Noun
gift	4.809	Noun
gives	4.809	Verb
south	4.809	Noun
board	4.807	Noun
hat	4.807	Noun
jim	4.807	Name
sake	4.807	Noun
north	4.805	Noun
patient	4.803	Noun
awful	4.802	Adjective
roll	4.801	Verb
sad	4.801	Adjective
robert	4.8	Name
grand	4.799	Adjective
usually	4.799	Adverb
doubt	4.798	Verb
killer	4.798	Noun
laugh	4.798	Verb
sergeant	4.798	Noun
double	4.797	Adjective
upon	4.797	Preposition
twice	4.796	Adverb
outta	4.795	Noun
whose	4.795	Determiner
guilty	4.794	Adjective
plenty	4.794	Pronoun
jerry	4.793	Name
promised	4.793	Verb
fired	4.792	Verb
race	4.791	Noun
bathroom	4.79	Noun
chicken	4.79	Noun
crap	4.79	Noun
asshole	4.789	Noun
spot	4.789	Noun
orders	4.788	Noun
reading	4.788	Verb
weekend	4.786	Noun
action	4.785	Noun
sheriff	4.785	Noun
eating	4.784	Verb
glass	4.783	Noun
guns	4.782	Noun
type	4.782	Noun
west	4.782	Noun
wine	4.78	Noun
brown	4.779	Name
lots	4.779	Pronoun
luke	4.779	Name
press	4.779	Noun
nick	4.778	Name
rid	4.777	Verb
sea	4.777	Noun
arms	4.776	Noun
flight	4.775	Noun
staying	4.775	Verb
arrest	4.774	Noun
favorite	4.774	Adjective
grow	4.774	Verb
mention	4.774	Verb
neck	4.774	Noun
sleeping	4.773	Verb
wind	4.773	Noun
admit	4.772	Verb
extra	4.772	Adjective
notice	4.772	Verb
within	4.772	Preposition
computer	4.771	Noun
gay	4.771	Adjective
low	4.771	Adjective
angry	4.77	Adjective
bunch	4.77	Noun
blame	4.769	Verb
pants	4.769	Noun
clock	4.768	Noun
tea	4.768	Noun
visit	4.768	Verb
fellow	4.767	Noun
hole	4.765	Noun
kitchen	4.765	Noun
lay	4.765	Verb
guard	4.764	Noun
learned	4.764	Verb
smile	4.763	Noun
feelings	4.76	Noun
fit	4.76	Verb
pal	4.76	Noun
bear	4.759	Noun
often	4.758	Adverb
wild	4.758	Adjective
silly	4.756	Adjective
begin	4.755	Verb
camera	4.755	Noun
reach	4.755	Verb
beach	4.753	Noun
larry	4.753	Name
heaven	4.752	Noun
leg	4.752	Noun
lock	4.752	Verb
quickly	4.752	Adverb
kelly	4.751	Name
lights	4.751	Noun
played	4.75	Verb
shooting	4.75	Verb
worst	4.75	Adjective
bucks	4.749	Noun
plans	4.749	Noun
suddenly	4.747	Adverb
writing	4.747	Verb
teacher	4.746	Noun
track	4.746	Noun
legs	4.745	Noun
river	4.744	Noun
dare	4.743	Verb
burn	4.742	Verb
aunt	4.741	Noun
raise	4.741	Verb
rory	4.741	Name
shh	4.741	Interjection
cross	4.74	Verb
decision	4.74	Noun
cost	4.739	Verb
queen	4.737	Noun
fresh	4.736	Adjective
innocent	4.736	Adjective
cell	4.735	Noun
dancing	4.735	Verb
medical	4.735	Adjective
bigger	4.734	Adjective
gotten	4.734	Verb
seemed	4.734	Verb
closed	4.733	Verb
states	4.733	Name
names	4.731	Noun
bomb	4.729	Noun
hanging	4.729	Verb
walked	4.729	Verb
note	4.728	Noun
nuts	4.728	Noun
shop	4.728	Noun
sweetie	4.728	Noun
band	4.727	Noun
losing	4.727	Verb
price	4.727	Noun
steal	4.727	Verb
client	4.726	Noun
waste	4.726	Verb
code	4.725	Noun
crying	4.725	Verb
pressure	4.725	Noun
stole	4.725	Verb
dick	4.724	Noun
dogs	4.724	Noun
places	4.724	Noun
rose	4.724	Noun
accept	4.722	Verb
further	4.722	Adverb
aah	4.721	Interjection
drinking	4.721	Verb
magic	4.721	Noun
corner	4.72	Noun
keeps	4.72	Verb
acting	4.719	Verb
consider	4.719	Verb
herself	4.719	Pronoun
locked	4.719	Verb
address	4.718	Noun
copy	4.718	Noun
laughing	4.718	Verb
tells	4.718	Verb
warm	4.717	Adjective
pregnant	4.716	Adjective
sold	4.716	Verb
hall	4.715	Noun
treat	4.715	Verb
van	4.714	Name
complete	4.713	Adjective
cup	4.713	Noun
papers	4.713	Noun
level	4.712	Noun
passed	4.712	Verb
ways	4.712	Noun
taste	4.71	Noun
witness	4.71	Noun
camp	4.709	Noun
hardly	4.709	Adverb
charles	4.708	Name
keeping	4.708	Verb
beg	4.707	Verb
duty	4.707	Noun
interest	4.707	Noun
keys	4.707	Noun
yep	4.707	Interjection
tight	4.706	Adverb
bottle	4.705	Noun
helping	4.705	Verb
support	4.705	Noun
leo	4.704	Name
flying	4.703	Verb
decide	4.702	Verb
united	4.701	Name
turns	4.699	Verb
bottom	4.698	Noun
hoping	4.698	Verb
moon	4.698	Noun
asleep	4.697	Adjective
hero	4.697	Noun
roger	4.697	Name
san	4.697	Name
final	4.696	Adjective
continue	4.695	Verb
east	4.695	Noun
match	4.694	Noun
spirit	4.693	Noun
trial	4.693	Noun
chair	4.692	Noun
willing	4.692	Adjective
amy	4.69	Name
risk	4.69	Noun
study	4.69	Noun
above	4.689	Preposition
possibly	4.689	Adverb
rain	4.689	Noun
cousin	4.688	Noun
pulled	4.688	Verb
cream	4.687	Noun
dropped	4.687	Verb
excited	4.686	Adjective
memory	4.686	Noun
breathe	4.685	Verb
enemy	4.685	Noun
drugs	4.684	Noun
greatest	4.684	Adjective
huge	4.684	Adjective
search	4.684	Noun
beauty	4.683	Noun
lately	4.683	Adverb
tommy	4.683	Name
build	4.682	Verb
rule	4.682	Noun
advice	4.681	Noun
cards	4.681	Noun
choose	4.681	Verb
lee	4.681	Name
became	4.679	Verb
teeth	4.679	Noun
victim	4.678	Noun
coach	4.677	Noun
crew	4.677	Noun
flowers	4.677	Noun
friday	4.677	Name
showed	4.677	Verb
saturday	4.676	Name
driver	4.675	Noun
empty	4.674	Adjective
heavy	4.674	Adjective
trick	4.674	Noun
destroy	4.673	Verb
apart	4.672	Adverb
brothers	4.672	Noun
mission	4.672	Noun
plus	4.672	Preposition
pool	4.672	Noun
dressed	4.671	Verb
dumb	4.671	Adjective
helped	4.67	Verb
knife	4.67	Noun
checked	4.669	Verb
santa	4.669	Name
weapon	4.668	Noun
shirt	4.666	Noun
faith	4.665	Noun
gee	4.665	Interjection
simply	4.665	Adverb
dig	4.664	Verb
size	4.664	Noun
stars	4.664	Noun
london	4.663	Name
movies	4.662	Noun
blind	4.661	Adjective
credit	4.661	Noun
bridge	4.66	Noun
center	4.66	Noun
starts	4.66	Verb
cars	4.659	Noun
closer	4.659	Adverb
discuss	4.659	Verb
mister	4.659	Noun
practice	4.659	Noun
animal	4.658	Noun
cook	4.658	Verb
grandma	4.658	Noun
stage	4.658	Noun
strike	4.658	Verb
ticket	4.658	Noun
bird	4.657	Noun
leaves	4.657	Verb
sight	4.656	Noun
somehow	4.656	Adverb
career	4.655	Noun
drug	4.655	Noun
knowing	4.655	Verb
however	4.654	Adverb
nature	4.654	Noun
prince	4.654	Noun
cake	4.653	Noun
famous	4.653	Adjective
nurse	4.653	Noun
breath	4.652	Noun
correct	4.652	Adjective
fucked	4.652	Verb
allowed	4.651	Verb
games	4.651	Noun
sky	4.651	Noun
account	4.65	Noun
bringing	4.65	Verb
hearing	4.65	Verb
singing	4.65	Verb
common	4.649	Adjective
due	4.649	Adjective
afford	4.647	Verb
allow	4.647	Verb
belong	4.647	Verb
bright	4.647	Adjective
chinese	4.647	Adjective
tie	4.647	Verb
escape	4.646	Verb
suspect	4.645	Noun
written	4.644	Verb
file	4.643	Noun
jake	4.643	Name
madam	4.643	Noun
skin	4.643	Noun
aye	4.642	Interjection
desk	4.642	Noun
fill	4.642	Verb
taught	4.642	Verb
faster	4.641	Adverb
lied	4.641	Verb
pack	4.641	Verb
danger	4.64	Noun
deserve	4.64	Verb
meat	4.64	Noun
ted	4.64	Name
command	4.639	Noun
stories	4.637	Noun
tickets	4.637	Noun
hiding	4.636	Verb
paying	4.636	Verb
sunday	4.636	Name
whoever	4.635	Pronoun
beyond	4.634	Preposition
dave	4.634	Name
sarah	4.634	Name
jane	4.633	Name
student	4.633	Noun
dry	4.631	Adjective
jury	4.631	Noun
form	4.63	Noun
heads	4.63	Noun
main	4.63	Adjective
papa	4.629	Noun
program	4.629	Noun
fred	4.628	Name
martin	4.628	Name
milk	4.628	Noun
feed	4.627	Verb
held	4.627	Verb
horrible	4.627	Adjective
kinda	4.627	Adverb
grace	4.626	Name
natural	4.626	Adjective
battle	4.625	Noun
breaking	4.625	Verb
coat	4.624	Noun
phoebe	4.624	Name
ugly	4.624	Adjective
although	4.623	Conjunction
opinion	4.623	Noun
settle	4.623	Verb
terrific	4.622	Adjective
loose	4.621	Adjective
lucy	4.621	Name
noticed	4.621	Verb
older	4.621	Adjective
local	4.62	Adjective
lonely	4.619	Adjective
shame	4.618	Noun
shows	4.618	Verb
large	4.617	Adjective
devil	4.616	Noun
chicago	4.615	Name
military	4.615	Adjective
speed	4.615	Noun
video	4.615	Noun
built	4.614	Verb
shower	4.614	Noun
oil	4.613	Noun
chest	4.612	Noun
horses	4.612	Noun
biggest	4.611	Adjective
threw	4.611	Verb
bite	4.61	Verb
eric	4.61	Name
wash	4.609	Verb
stone	4.608	Noun
block	4.607	Noun
indeed	4.607	Adverb
invited	4.607	Verb
records	4.607	Noun
weapons	4.607	Noun
attorney	4.606	Noun
draw	4.606	Verb
turning	4.606	Verb
health	4.605	Noun
pretend	4.605	Verb
vegas	4.605	Name
balls	4.603	Noun
heat	4.603	Noun
guest	4.601	Noun
manager	4.601	Noun
loud	4.6	Adverb
itself	4.599	Pronoun
cares	4.598	Verb
shake	4.598	Verb
island	4.597	Noun
lab	4.597	Noun
numbers	4.597	Noun
princess	4.597	Noun
easier	4.596	Adjective
color	4.595	Noun
earlier	4.595	Adverb
bell	4.594	Noun
naked	4.594	Adjective
suggest	4.593	Verb
wet	4.593	Adjective
animals	4.592	Noun
letting	4.592	Verb
merry	4.592	Adjective
nowhere	4.592	Adverb
pig	4.592	Noun
weli	4.592	Noun
cheese	4.591	Noun
ideas	4.59	Noun
soldier	4.59	Noun
monster	4.589	Noun
planet	4.588	Noun
several	4.588	Determiner
dean	4.587	Name
eggs	4.587	Noun
fellas	4.587	Noun
insane	4.587	Adjective
spoke	4.587	Verb
walter	4.587	Name
butt	4.586	Noun
murdered	4.586	Verb
bloody	4.585	Adjective
view	4.585	Noun
lines	4.584	Noun
opening	4.584	Noun
jealous	4.583	Adjective
pete	4.583	Name
split	4.583	Verb
arrived	4.582	Verb
bullet	4.582	Noun
national	4.581	Adjective
airport	4.58	Noun
speech	4.58	Noun
finding	4.579	Verb
hook	4.579	Noun
serve	4.579	Verb
target	4.579	Noun
player	4.577	Noun
signal	4.577	Noun
sugar	4.577	Noun
helen	4.576	Name
selling	4.575	Verb
total	4.575	Adjective
football	4.574	Noun
hill	4.574	Noun
page	4.574	Noun
screw	4.574	Verb
justice	4.573	Noun
letters	4.573	Noun
crowd	4.572	Noun
hurts	4.572	Verb
meaning	4.572	Noun
project	4.572	Noun
rough	4.572	Adjective
pair	4.571	Noun
planning	4.571	Verb
science	4.571	Noun
sees	4.571	Verb
usual	4.571	Adjective
adam	4.569	Name
emily	4.568	Name
sooner	4.568	Adverb
lies	4.567	Noun
ordered	4.567	Verb
remind	4.567	Verb
strength	4.567	Noun
subject	4.567	Noun
dan	4.566	Name
mail	4.566	Noun
paint	4.566	Verb
freak	4.565	Noun
bedroom	4.564	Noun
finger	4.564	Noun
onto	4.564	Preposition
spell	4.564	Noun
ghost	4.563	Noun
tim	4.563	Name
majesty	4.562	Noun
peg	4.561	Name
smith	4.561	Name
doctors	4.56	Noun
fake	4.56	Adjective
cheap	4.559	Adjective
market	4.559	Noun
pray	4.559	Verb
release	4.559	Verb
weight	4.559	Noun
unit	4.558	Noun
signed	4.557	Verb
falling	4.556	Verb
lake	4.556	Noun
nor	4.556	Conjunction
susan	4.556	Name
throat	4.556	Noun
agreed	4.555	Verb
director	4.555	Noun
phil	4.555	Name
realized	4.555	Verb
truly	4.555	Adverb
cab	4.554	Noun
powers	4.554	Noun
candy	4.553	Noun
junior	4.553	Adjective
prepared	4.553	Verb
aware	4.552	Adjective
legal	4.552	Adjective
pocket	4.552	Noun
roof	4.552	Noun
scott	4.552	Name
babe	4.551	Noun
jason	4.551	Name
brian	4.55	Name
radar	4.55	Noun
slept	4.55	Verb
bud	4.549	Name
mountain	4.549	Noun
base	4.548	Noun
ours	4.548	Pronoun
firm	4.547	Noun
england	4.546	Name
romantic	4.546	Adjective
trade	4.546	Noun
whom	4.546	Pronoun
brings	4.545	Verb
fan	4.545	Noun
language	4.545	Noun
liar	4.545	Noun
powerful	4.545	Adjective
purpose	4.545	Noun
sending	4.545	Verb
training	4.545	Noun
whenever	4.545	Adverb
whoo	4.545	Interjection
believed	4.544	Verb
bless	4.544	Verb
arrested	4.543	Verb
nope	4.543	Interjection
pieces	4.543	Noun
exciting	4.542	Adjective
fancy	4.542	Adjective
noise	4.542	Noun
suck	4.542	Verb
genius	4.541	Noun
annie	4.54	Name
familiar	4.538	Adjective
rent	4.538	Noun
criminal	4.537	Adjective
doors	4.536	Noun
proof	4.536	Noun
com	4.535	Noun
stolen	4.535	Verb
vote	4.535	Verb
drinks	4.534	Noun
medicine	4.534	Noun
suicide	4.534	Noun
weather	4.534	Noun
issue	4.533	Noun
lift	4.533	Verb
anna	4.532	Name
buried	4.532	Verb
followed	4.532	Verb
mood	4.532	Noun
among	4.53	Preposition
male	4.53	Adjective
nights	4.529	Noun
opened	4.529	Verb
regular	4.529	Adjective
someday	4.529	Adverb
stomach	4.529	Noun
yellow	4.529	Adjective
ate	4.528	Verb
buck	4.528	Noun
county	4.528	Noun
nearly	4.528	Adverb
crane	4.526	Name
scare	4.526	Verb
village	4.526	Noun
matters	4.525	Noun
monkey	4.525	Noun
pizza	4.525	Noun
prepare	4.525	Verb
assume	4.524	Verb
babies	4.524	Noun
ears	4.524	Noun
fella	4.524	Noun
heading	4.524	Verb
jacket	4.524	Noun
lane	4.524	Noun
sudden	4.524	Adverb
toast	4.524	Noun
social	4.523	Adjective
thoughts	4.523	Noun
travel	4.523	Verb
expected	4.522	Verb
fingers	4.522	Noun
monday	4.522	Name
property	4.522	Noun
sometime	4.522	Adverb
bodies	4.521	Noun
funeral	4.521	Noun
magazine	4.521	Noun
remain	4.521	Verb
sexual	4.521	Adjective
dating	4.52	Verb
glasses	4.52	Noun
jerk	4.52	Noun
senator	4.52	Noun
add	4.519	Verb
arthur	4.519	Name
damage	4.519	Noun
freedom	4.519	Noun
research	4.519	Noun
handsome	4.518	Adjective
hired	4.518	Verb
repeat	4.518	Verb
buying	4.517	Verb
energy	4.517	Noun
prefer	4.517	Verb
society	4.517	Noun
alan	4.516	Name
chase	4.516	Noun
crack	4.516	Noun
vacation	4.516	Noun
carter	4.515	Name
divorce	4.515	Noun
mulder	4.515	Verb
ally	4.514	Noun
defense	4.514	Noun
jackson	4.514	Name
stayed	4.514	Verb
rat	4.513	Noun
began	4.512	Verb
grandpa	4.512	Noun
grant	4.512	Name
picking	4.512	Verb
checking	4.511	Verb
goodness	4.511	Noun
post	4.511	Noun
reasons	4.511	Noun
confused	4.51	Verb
contract	4.51	Noun
surgery	4.51	Noun
william	4.51	Name
fixed	4.509	Verb
safety	4.509	Noun
tall	4.509	Adjective
lesson	4.508	Noun
tiny	4.508	Adjective
freeze	4.507	Verb
points	4.507	Noun
license	4.506	Noun
model	4.506	Noun
runs	4.506	Verb
thomas	4.506	Name
ear	4.505	Noun
gate	4.505	Noun
margaret	4.505	Name
riding	4.505	Verb
soft	4.505	Adjective
staff	4.505	Noun
warning	4.504	Noun
engine	4.503	Noun
german	4.503	Adjective
planned	4.503	Verb
harm	4.502	Noun
map	4.502	Noun
square	4.502	Noun
swim	4.502	Verb
brave	4.501	Adjective
silver	4.501	Noun
sydney	4.501	Name
access	4.5	Noun
positive	4.5	Adjective
blew	4.499	Verb
covered	4.499	Verb
female	4.499	Adjective
streets	4.499	Noun
season	4.498	Noun
weak	4.498	Adjective
matt	4.497	Name
rush	4.497	Noun
awesome	4.496	Adjective
snow	4.496	Noun
bond	4.495	Name
mayor	4.495	Noun
pounds	4.495	Noun
spread	4.495	Verb
spring	4.495	Noun
demon	4.494	Noun
lips	4.494	Noun
madame	4.494	Noun
winner	4.494	Noun
bath	4.493	Noun
leader	4.493	Noun
showing	4.493	Verb
tongue	4.493	Noun
monsieur	4.492	Noun
mexico	4.491	Name
jones	4.49	Name
spare	4.489	Verb
storm	4.489	Noun
headed	4.488	Verb
tour	4.488	Noun
trees	4.487	Noun
bones	4.486	Noun
burning	4.486	Verb
ends	4.486	Verb
students	4.486	Noun
kicked	4.485	Verb
piper	4.484	Name
angeles	4.483	Name
claire	4.483	Name
score	4.483	Noun
shoe	4.482	Noun
harder	4.481	Adverb
johnson	4.481	Name
ocean	4.481	Noun
brad	4.48	Name
reality	4.48	Noun
shape	4.48	Noun
gang	4.479	Noun
jeff	4.479	Name
kim	4.479	Name
saving	4.479	Verb
survive	4.479	Verb
cos	4.478	Conjunction
style	4.478	Noun
clearly	4.477	Adverb
farm	4.477	Noun
sexy	4.477	Adjective
shopping	4.477	Noun
answers	4.476	Noun
example	4.476	Noun
growing	4.476	Verb
laid	4.476	Verb
alarm	4.475	Noun
gosh	4.475	Interjection
rings	4.475	Verb
plays	4.474	Verb
screwed	4.474	Verb
bleeding	4.473	Verb
enter	4.473	Verb
fortune	4.473	Noun
schedule	4.473	Noun
punch	4.472	Noun
ended	4.471	Verb
invite	4.471	Verb
obvious	4.471	Adjective
patients	4.471	Noun
rights	4.471	Noun
charges	4.47	Noun
touched	4.47	Verb
affair	4.469	Noun
parts	4.469	Noun
russian	4.469	Adjective
focus	4.468	Verb
sue	4.468	Verb
wherever	4.468	Adverb
borrow	4.467	Verb
cole	4.466	Name
finds	4.466	Verb
grade	4.466	Noun
grew	4.466	Verb
mate	4.466	Noun
load	4.465	Noun
painting	4.465	Noun
throwing	4.465	Verb
loss	4.464	Noun
ross	4.464	Name
waited	4.464	Verb
barely	4.463	Adverb
changes	4.463	Noun
details	4.463	Noun
woods	4.463	Noun
exist	4.462	Verb
toilet	4.461	Noun
chances	4.46	Noun
drove	4.46	Verb
meal	4.46	Noun
dump	4.459	Verb
failed	4.459	Verb
member	4.459	Noun
shock	4.459	Noun
carol	4.458	Name
pie	4.458	Noun
crash	4.457	Noun
martha	4.457	Name
artist	4.456	Noun
depends	4.456	Verb
sat	4.456	Verb
theory	4.456	Noun
bags	4.455	Noun
joy	4.455	Noun
kissed	4.455	Verb
pleased	4.455	Adjective
ruin	4.455	Verb
traffic	4.455	Noun
carrying	4.454	Verb
nonsense	4.454	Noun
pink	4.454	Adjective
wise	4.454	Adjective
burned	4.453	Verb
laura	4.453	Name
midnight	4.453	Noun
shots	4.453	Noun
bread	4.452	Noun
deliver	4.452	Verb
button	4.451	Noun
officers	4.451	Noun
dealing	4.45	Verb
eve	4.45	Name
hated	4.45	Verb
mac	4.45	Name
original	4.45	Adjective
source	4.45	Noun
cases	4.449	Noun
charming	4.449	Adjective
hung	4.449	Verb
received	4.449	Verb
switch	4.449	Verb
decent	4.448	Adjective
nah	4.448	Interjection
below	4.447	Adverb
desert	4.447	Noun
process	4.447	Noun
texas	4.447	Name
belongs	4.445	Verb
higher	4.444	Adjective
lower	4.444	Adjective
moves	4.444	Verb
period	4.444	Noun
pride	4.442	Noun
dollar	4.441	Noun
jobs	4.441	Noun
plant	4.441	Noun
soldiers	4.441	Noun
tip	4.441	Noun
witch	4.441	Noun
birth	4.44	Noun
bust	4.44	Verb
joint	4.44	Adjective
logan	4.44	Name
sports	4.44	Noun
surely	4.44	Adverb
brains	4.439	Noun
bull	4.439	Noun
wire	4.439	Noun
boring	4.438	Adjective
rise	4.438	Verb
towards	4.438	Preposition
ashamed	4.437	Adjective
karen	4.437	Name
sisters	4.437	Noun
facts	4.436	Noun
section	4.436	Noun
carl	4.435	Name
clever	4.435	Adjective
garage	4.435	Noun
honestly	4.435	Adverb
smells	4.435	Verb
success	4.435	Noun
filled	4.434	Verb
physical	4.434	Adjective
pulling	4.433	Verb
regret	4.433	Verb
closet	4.432	Noun
france	4.432	Name
giant	4.432	Adjective
loser	4.432	Noun
parking	4.432	Noun
wheel	4.432	Noun
policy	4.431	Noun
stranger	4.431	Noun
tear	4.431	Verb
twenty	4.431	Number
wood	4.431	Noun
fate	4.43	Noun
maggie	4.43	Name
governor	4.429	Noun
juice	4.429	Noun
lily	4.429	Name
europe	4.428	Name
faces	4.427	Noun
knight	4.427	Name
tied	4.427	Verb
awake	4.426	Adjective
coast	4.426	Noun
fought	4.426	Verb
kitty	4.426	Name
pilot	4.426	Noun
aboard	4.425	Adverb
based	4.425	Verb
files	4.425	Noun
lover	4.425	Noun
miracle	4.425	Noun
garden	4.424	Noun
grateful	4.424	Adjective
mighty	4.424	Adjective
murderer	4.424	Noun
alice	4.423	Name
sally	4.423	Name
watched	4.423	Verb
wound	4.423	Noun
drag	4.422	Verb
forced	4.422	Verb
fourth	4.422	Number
linda	4.422	Name
marie	4.422	Name
scream	4.422	Verb
event	4.421	Noun
woke	4.421	Verb
actor	4.42	Noun
row	4.42	Noun
changing	4.419	Verb
grave	4.419	Noun
senior	4.419	Adjective
badly	4.418	Adverb
curious	4.418	Adjective
disease	4.418	Noun
flat	4.418	Noun
priest	4.418	Noun
rick	4.418	Name
scary	4.418	Adjective
shoulder	4.418	Noun
super	4.418	Adjective
sword	4.418	Noun
winter	4.418	Noun
chick	4.417	Noun
closing	4.417	Verb
concern	4.417	Noun
offered	4.417	Verb
smoking	4.417	Verb
talent	4.417	Noun
attitude	4.416	Noun
bone	4.416	Noun
garbage	4.416	Noun
mostly	4.416	Adverb
egg	4.415	Noun
engaged	4.415	Verb
friendly	4.415	Adjective
quarter	4.415	Noun
recently	4.415	Adverb
rooms	4.415	Noun
thee	4.415	Pronoun
amen	4.414	Interjection
passing	4.414	Verb
swing	4.414	Verb
bike	4.413	Noun
birds	4.413	Noun
knees	4.413	Noun
louis	4.413	Name
marshall	4.413	Name
slip	4.413	Verb
caused	4.412	Verb
hunt	4.412	Verb
taxi	4.412	Noun
likely	4.411	Adjective
object	4.411	Noun
stood	4.411	Verb
guests	4.41	Noun
hates	4.41	Verb
japanese	4.41	Adjective
percent	4.41	Noun
pierce	4.41	Name
raised	4.41	Verb
dirt	4.409	Noun
navy	4.409	Noun
negative	4.409	Adjective
plate	4.409	Noun
pussy	4.409	Noun
cooking	4.408	Noun
data	4.408	Noun
distance	4.408	Noun
tank	4.408	Noun
golf	4.407	Noun
hire	4.407	Verb
request	4.407	Noun
ruined	4.407	Verb
cow	4.406	Noun
dawn	4.406	Noun
falls	4.406	Verb
pissed	4.406	Verb
stock	4.406	Noun
ann	4.405	Name
reports	4.405	Noun
rescue	4.405	Verb
audience	4.404	Noun
claim	4.404	Verb
holmes	4.404	Name
sale	4.404	Noun
silence	4.404	Noun
warn	4.404	Verb
hank	4.403	Name
jesse	4.403	Name
mercy	4.403	Noun
baseball	4.402	Noun
create	4.402	Verb
proper	4.402	Adjective
universe	4.402	Noun
harold	4.401	Name
hercules	4.401	Name
soup	4.401	Noun
british	4.4	Adjective
outfit	4.399	Noun
slowly	4.399	Adverb
yard	4.399	Noun
drew	4.398	Name
duke	4.398	Noun
grown	4.398	Verb
jackie	4.398	Name
loving	4.398	Verb
valley	4.398	Noun
robin	4.397	Name
bro	4.396	Noun
dies	4.396	Verb
pure	4.396	Adjective
rate	4.396	Noun
china	4.395	Name
piano	4.395	Noun
pills	4.395	Noun
simon	4.395	Name
uniform	4.395	Noun
doll	4.394	Noun
duck	4.394	Noun
location	4.394	Noun
returned	4.394	Verb
spending	4.394	Verb
stealing	4.394	Verb
amount	4.393	Noun
central	4.393	Adjective
healthy	4.393	Adjective
knocked	4.393	Verb
pen	4.393	Noun
reached	4.393	Verb
walls	4.393	Noun
steps	4.392	Noun
younger	4.392	Adjective
notes	4.391	Noun
beast	4.39	Noun
fail	4.39	Verb
path	4.39	Noun
poison	4.39	Noun
wanting	4.389	Verb
anytime	4.388	Noun
betty	4.388	Name
gary	4.388	Name
sucks	4.388	Verb
channel	4.387	Noun
elevator	4.387	Noun
thy	4.387	Pronoun
belt	4.386	Noun
secure	4.386	Verb
avoid	4.385	Verb
guards	4.385	Noun
laughs	4.385	Verb
penny	4.385	Noun
thief	4.385	Noun
bay	4.384	Noun
bride	4.384	Noun
pathetic	4.384	Adjective
mirror	4.383	Noun
partners	4.383	Noun
thursday	4.383	Name
becomes	4.382	Verb
dozen	4.382	Noun
ellen	4.382	Name
kyle	4.382	Name
direct	4.381	Adjective
gorgeous	4.381	Adjective
odd	4.381	Adjective
theater	4.381	Noun
boston	4.38	Name
led	4.38	Verb
march	4.38	Name
members	4.38	Noun
morgan	4.38	Name
official	4.38	Adjective
puts	4.38	Verb
attacked	4.378	Verb
effect	4.378	Noun
tail	4.378	Noun
treated	4.378	Verb
vision	4.378	Noun
dust	4.377	Noun
secrets	4.377	Noun
talks	4.377	Verb
trap	4.377	Noun
aside	4.376	Adverb
deck	4.376	Noun
honour	4.376	Noun
sharp	4.376	Adjective
stairs	4.376	Noun
wide	4.376	Adjective
guts	4.375	Noun
lousy	4.375	Adjective
unusual	4.375	Adjective
apple	4.374	Noun
courage	4.374	Noun
tuesday	4.374	Name
fishing	4.373	Noun
terribly	4.373	Adverb
piss	4.372	Verb
edge	4.371	Noun
hitting	4.371	Verb
illegal	4.371	Adjective
pity	4.371	Noun
pulse	4.371	Noun
writer	4.371	Noun
couch	4.37	Noun
created	4.37	Verb
staring	4.37	Verb
tests	4.37	Noun
victims	4.37	Noun
screen	4.369	Noun
appear	4.368	Verb
precious	4.368	Adjective
studio	4.368	Noun
windows	4.368	Noun
winning	4.368	Verb
golden	4.367	Adjective
kissing	4.367	Verb
rob	4.367	Verb
wilson	4.367	Name
owner	4.366	Noun
royal	4.366	Adjective
sandy	4.366	Name
intend	4.365	Verb
parties	4.365	Noun
burns	4.364	Name
cast	4.364	Verb
frasier	4.364	Name
prisoner	4.364	Noun
popular	4.363	Adjective
destiny	4.362	Noun
federal	4.362	Adjective
robbery	4.362	Noun
silent	4.362	Adjective
violence	4.362	Noun
hearts	4.361	Noun
mystery	4.361	Noun
nerve	4.361	Noun
busted	4.36	Verb
library	4.36	Noun
toward	4.36	Preposition
becoming	4.359	Verb
miller	4.359	Name
photo	4.359	Noun
rocks	4.359	Noun
tower	4.359	Noun
armed	4.358	Adjective
maid	4.358	Noun
shift	4.358	Noun
wallet	4.358	Noun
beating	4.357	Verb
flower	4.357	Noun
package	4.357	Noun
range	4.357	Noun
cheers	4.356	Interjection
cleaning	4.356	Verb
results	4.356	Noun
rope	4.356	Noun
steady	4.356	Adjective
barbara	4.354	Name
exact	4.354	Adjective
image	4.354	Noun
maria	4.354	Name
turkey	4.354	Noun
vehicle	4.354	Noun
easily	4.353	Adverb
jungle	4.353	Noun
nasty	4.353	Adjective
pot	4.353	Noun
millions	4.352	Noun
suffer	4.352	Verb
thou	4.351	Pronoun
trash	4.351	Noun
behavior	4.35	Noun
per	4.35	Preposition
prize	4.35	Noun
cancer	4.349	Noun
families	4.349	Noun
snake	4.349	Noun
tears	4.349	Noun
donna	4.348	Name
foreign	4.348	Adjective
media	4.348	Noun
orange	4.348	Adjective
terms	4.348	Noun
wasting	4.347	Verb
memories	4.346	Noun
songs	4.346	Noun
expert	4.345	Noun
material	4.345	Noun
spanish	4.345	Adjective
cutting	4.344	Verb
flesh	4.343	Noun
rude	4.343	Adjective
signs	4.343	Noun
terry	4.343	Name
kinds	4.342	Noun
punk	4.342	Noun
downtown	4.341	Adverb
sandwich	4.341	Noun
daniel	4.34	Name
marks	4.34	Noun
mistakes	4.34	Noun
cents	4.339	Noun
panic	4.339	Noun
plain	4.339	Adjective
sweat	4.339	Noun
boom	4.338	Noun
parker	4.338	Name
seats	4.338	Noun
stops	4.338	Verb
union	4.338	Noun
cable	4.337	Noun
fruit	4.337	Noun
hundreds	4.337	Noun
mum	4.337	Noun
ancient	4.336	Adjective
kong	4.336	Name
separate	4.336	Adjective
cliff	4.334	Name
fox	4.334	Name
lewis	4.334	Name
moments	4.334	Noun
castle	4.333	Noun
rolling	4.333	Verb
setting	4.333	Verb
bills	4.332	Noun
chuck	4.332	Verb
circle	4.332	Noun
counting	4.332	Verb
glory	4.332	Noun
manage	4.332	Verb
squad	4.332	Noun
value	4.332	Noun
bowl	4.331	Noun
stands	4.331	Verb
victory	4.331	Noun
willie	4.331	Name
zero	4.331	Number
creature	4.33	Noun
deny	4.33	Verb
mixed	4.33	Verb
bruce	4.329	Name
route	4.329	Noun
andrew	4.328	Name
hidden	4.328	Verb
holiday	4.328	Noun
ill	4.328	Name
nancy	4.328	Name
rare	4.328	Adjective
yelling	4.328	Verb
directly	4.327	Adverb
gods	4.327	Noun
helps	4.327	Verb
progress	4.327	Noun
remove	4.327	Verb
wave	4.327	Noun
chain	4.326	Noun
highly	4.326	Adverb
hunting	4.326	Noun
shadow	4.326	Noun
wore	4.326	Verb
false	4.325	Adjective
jumped	4.325	Verb
estate	4.324	Noun
gray	4.324	Adjective
horn	4.324	Noun
skip	4.324	Verb
whore	4.324	Noun
agents	4.323	Noun
appears	4.323	Verb
basement	4.323	Noun
jess	4.323	Name
approach	4.322	Noun
clients	4.322	Noun
mile	4.322	Noun
minds	4.322	Noun
pleasant	4.322	Adjective
refuse	4.322	Verb
bug	4.321	Noun
district	4.321	Noun
rabbit	4.321	Noun
speaks	4.321	Verb
anne	4.32	Name
champion	4.32	Noun
jeez	4.32	Interjection
proceed	4.32	Verb
stopping	4.32	Verb
watson	4.32	Name
century	4.319	Noun
cure	4.319	Noun
forces	4.319	Noun
leading	4.319	Verb
presence	4.319	Noun
rita	4.319	Name
capable	4.318	Adjective
swell	4.318	Adjective
warrant	4.318	Noun
wayne	4.318	Name
threat	4.317	Noun
zack	4.316	Name
april	4.315	Name
bury	4.315	Verb
diamond	4.315	Noun
ruth	4.315	Name
services	4.315	Noun
shine	4.315	Verb
alert	4.314	Adjective
bat	4.314	Noun
chip	4.314	Noun
edward	4.314	Name
monica	4.314	Name
jenny	4.313	Name
transfer	4.313	Noun
fabulous	4.312	Adjective
sentence	4.312	Noun
thrown	4.312	Verb
nation	4.311	Noun
pushed	4.311	Verb
butter	4.31	Noun
earl	4.31	Noun
booth	4.309	Noun
casino	4.309	Noun
jokes	4.309	Noun
josh	4.309	Name
potter	4.309	Name
reporter	4.309	Noun
learning	4.308	Verb
awfully	4.307	Adverb
bow	4.307	Noun
cage	4.307	Noun
desire	4.307	Noun
nigger	4.307	Noun
sand	4.307	Noun
wolf	4.307	Noun
exchange	4.306	Noun
units	4.306	Noun
wing	4.306	Noun
bored	4.305	Adjective
pet	4.305	Noun
thin	4.305	Adjective
trapped	4.305	Verb
drama	4.304	Noun
hills	4.304	Noun
homework	4.304	Noun
rip	4.304	Verb
series	4.304	Noun
carried	4.303	Verb
entirely	4.303	Adverb
zone	4.303	Noun
spy	4.302	Noun
assure	4.301	Verb
collect	4.301	Verb
failure	4.301	Noun
hits	4.301	Verb
bang	4.3	Verb
delivery	4.3	Noun
fever	4.3	Noun
jordan	4.3	Name
joseph	4.3	Name
journey	4.3	Noun
launch	4.3	Verb
print	4.3	Noun
swimming	4.3	Noun
useless	4.3	Adjective
kills	4.299	Verb
photos	4.299	Noun
sport	4.299	Noun
barry	4.298	Name
loan	4.298	Noun
shore	4.298	Name
clark	4.297	Name
mask	4.297	Noun
routine	4.297	Noun
soda	4.297	Noun
spoken	4.297	Verb
teaching	4.297	Verb
teli	4.297	Noun
trunk	4.297	Noun
leads	4.296	Verb
passion	4.296	Noun
purse	4.296	Noun
result	4.296	Noun
argue	4.295	Verb
cats	4.295	Noun
climb	4.295	Verb
served	4.295	Verb
seth	4.295	Name
barney	4.294	Name
beef	4.294	Noun
recall	4.294	Verb
wings	4.294	Noun
cabin	4.293	Noun
mental	4.293	Adjective
ships	4.293	Noun
script	4.292	Noun
article	4.291	Noun
solid	4.291	Adjective
vic	4.291	Name
salt	4.29	Noun
solve	4.29	Verb
frankly	4.289	Adverb
metal	4.289	Noun
receive	4.289	Verb
wounded	4.289	Adjective
agency	4.288	Noun
anger	4.288	Noun
escaped	4.288	Verb
settled	4.288	Verb
detail	4.287	Noun
effort	4.287	Noun
pipe	4.287	Noun
spit	4.287	Verb
studying	4.287	Verb
supper	4.287	Noun
trace	4.287	Noun
wins	4.287	Verb
enemies	4.286	Noun
hug	4.286	Noun
commit	4.285	Verb
dragon	4.285	Noun
troops	4.285	Noun
ability	4.284	Noun
custody	4.284	Noun
gimme	4.284	#N/A
site	4.284	Noun
fifth	4.283	Number
palace	4.283	Noun
pushing	4.283	Verb
trail	4.283	Noun
boots	4.282	Noun
hop	4.282	Verb
owns	4.282	Verb
stays	4.282	Verb
attempt	4.281	Noun
bout	4.281	Noun
ease	4.281	Noun
houses	4.281	Noun
hurting	4.281	Verb
lawyers	4.281	Noun
mouse	4.281	Noun
stronger	4.281	Adjective
chloe	4.28	Name
laundry	4.28	Noun
ordinary	4.28	Adjective
presents	4.28	Noun
revenge	4.28	Noun
ripped	4.28	Verb
treasure	4.28	Noun
bravo	4.279	Interjection
odds	4.279	Noun
tricks	4.279	Noun
cowboy	4.278	Noun
motion	4.278	Noun
nuclear	4.278	Adjective
rome	4.278	Name
forest	4.276	Noun
kirk	4.276	Name
mall	4.276	Noun
reverend	4.276	Noun
virus	4.276	Noun
breaks	4.275	Verb
fifty	4.275	Number
june	4.275	Name
noel	4.275	Name
scratch	4.275	Verb
sounded	4.275	Verb
trained	4.275	Verb
twelve	4.275	Number
virgin	4.275	Noun
contest	4.274	Noun
defend	4.274	Verb
africa	4.273	Name
cap	4.273	Noun
fashion	4.273	Noun
mickey	4.273	Name
plastic	4.273	Noun
convince	4.272	Verb
issues	4.272	Noun
joan	4.272	Name
latest	4.272	Adjective
lincoln	4.272	Name
arrive	4.271	Verb
cheer	4.271	Verb
chose	4.271	Verb
supply	4.271	Noun
albert	4.27	Name
figures	4.27	Noun
ignore	4.27	Verb
joking	4.27	Verb
league	4.27	Noun
nail	4.27	Verb
stanley	4.27	Name
vice	4.27	Adjective
cheating	4.269	Verb
coke	4.269	Noun
favour	4.269	Noun
loaded	4.269	Verb
messages	4.269	Noun
quality	4.269	Noun
title	4.269	Noun
bunny	4.268	Noun
division	4.268	Noun
tiger	4.268	Noun
vincent	4.268	Name
bastards	4.267	Noun
therapy	4.267	Noun
minister	4.266	Noun
museum	4.266	Noun
steel	4.266	Noun
bound	4.265	Verb
dreaming	4.265	Verb
slave	4.265	Noun
standard	4.265	Adjective
wishes	4.265	Noun
yell	4.265	Verb
cruel	4.264	Adjective
firing	4.264	Verb
florida	4.264	Name
hunter	4.264	Name
reminds	4.264	Verb
shy	4.264	Adjective
walks	4.264	Verb
bible	4.263	Noun
seek	4.263	Verb
cancel	4.262	Verb
chasing	4.262	Verb
former	4.262	Determiner
las	4.262	Name
pat	4.262	Name
prime	4.262	Adjective
smooth	4.262	Adjective
socks	4.262	Noun
dates	4.261	Noun
judy	4.261	Name
modern	4.261	Adjective
surface	4.261	Noun
curse	4.26	Noun
lifetime	4.26	Noun
role	4.26	Noun
chosen	4.259	Verb
device	4.259	Noun
eaten	4.259	Verb
enjoyed	4.259	Verb
gym	4.259	Noun
motel	4.259	Noun
russell	4.259	Name
heck	4.258	Noun
hong	4.258	Name
jersey	4.258	Name
noon	4.258	Noun
pee	4.258	Verb
blowing	4.257	Verb
sons	4.257	Noun
reward	4.256	Noun
degrees	4.255	Noun
georgia	4.255	Name
lets	4.255	Verb
bars	4.254	Noun
cameras	4.254	Noun
dumped	4.254	Verb
iron	4.254	Noun
mitch	4.254	Name
cookies	4.253	Noun
devon	4.253	Name
express	4.253	Verb
janet	4.253	Name
saint	4.253	Name
highway	4.252	Noun
tunnel	4.252	Noun
guide	4.251	Noun
insist	4.251	Verb
slide	4.251	Verb
victor	4.251	Name
cleaned	4.25	Verb
oscar	4.25	Name
specific	4.25	Adjective
wrap	4.25	Verb
lack	4.249	Noun
prom	4.249	Noun
wagon	4.249	Noun
exercise	4.248	Noun
jean	4.248	Name
packed	4.248	Verb
bullets	4.247	Noun
cheat	4.247	Verb
kit	4.247	Noun
marshal	4.247	Noun
clue	4.246	Noun
damned	4.246	Verb
ringing	4.246	Noun
assault	4.245	Noun
walt	4.245	Name
concert	4.244	Noun
designed	4.244	Verb
dorothy	4.244	Name
fifteen	4.244	Number
planes	4.244	Noun
ranch	4.244	Noun
suits	4.244	Noun
temple	4.244	Noun
vampire	4.244	Noun
daphne	4.243	Name
darkness	4.243	Noun
flag	4.243	Noun
foolish	4.243	Adjective
tent	4.243	Noun
pacey	4.242	Name
remains	4.242	Verb
rotten	4.242	Adjective
term	4.242	Noun
alien	4.241	Adjective
patch	4.241	Noun
provide	4.241	Verb
touching	4.241	Verb
cooper	4.24	Name
davis	4.24	Name
snap	4.24	Verb
actual	4.239	Adjective
bail	4.239	Noun
believes	4.239	Verb
incident	4.238	Noun
liquor	4.238	Noun
molly	4.238	Name
released	4.238	Verb
sonny	4.238	Name
disaster	4.237	Noun
fully	4.237	Adverb
mass	4.237	Adjective
comfort	4.236	Noun
border	4.235	Noun
francis	4.235	Name
fuel	4.235	Noun
sec	4.235	Noun
smiling	4.235	Verb
thirty	4.235	Number
crossed	4.234	Verb
electric	4.234	Adjective
legend	4.234	Noun
players	4.234	Noun
demand	4.233	Verb
donald	4.233	Name
opera	4.233	Noun
circus	4.232	Noun
bundy	4.231	Name
current	4.231	Adjective
diamonds	4.231	Noun
enjoying	4.231	Verb
laws	4.231	Noun
prints	4.231	Noun
salad	4.231	Noun
trauma	4.231	Noun
turtle	4.231	Noun
argument	4.23	Noun
describe	4.23	Verb
harper	4.23	Name
peggy	4.23	Name
neighbor	4.229	Noun
nigga	4.229	Noun
starving	4.229	Adjective
backup	4.228	Noun
council	4.228	Noun
fallen	4.228	Verb
screams	4.228	Verb
sink	4.228	Noun
avenue	4.227	Noun
events	4.227	Noun
norman	4.227	Name
sneak	4.227	Verb
tone	4.227	Noun
trigger	4.227	Noun
wipe	4.227	Verb
meg	4.226	Name
toy	4.226	Noun
youth	4.226	Noun
campaign	4.225	Noun
crush	4.225	Noun
factory	4.225	Noun
felicity	4.225	Name
grass	4.225	Noun
instance	4.225	Adverb
jen	4.225	Name
trusted	4.225	Verb
williams	4.225	Name
bishop	4.224	Noun
dennis	4.224	Name
goal	4.224	Noun
ken	4.224	Name
tracks	4.224	Noun
wasted	4.224	Verb
asks	4.223	Verb
cookie	4.223	Noun
generous	4.223	Adjective
messed	4.223	Verb
fairy	4.222	Noun
violent	4.222	Adjective
average	4.221	Adjective
benny	4.221	Name
crisis	4.221	Noun
harvey	4.221	Name
humor	4.221	Noun
liberty	4.221	Noun
opens	4.221	Verb
rats	4.221	Noun
slipped	4.221	Verb
suite	4.221	Noun
systems	4.221	Noun
gambling	4.22	Noun
managed	4.22	Verb
nephew	4.22	Noun
stake	4.22	Noun
admiral	4.219	Noun
alcohol	4.219	Noun
begins	4.219	Verb
gentle	4.219	Adjective
occasion	4.219	Noun
politics	4.219	Noun
shirley	4.219	Name
cleared	4.218	Verb
network	4.218	Noun
unhappy	4.218	Adjective
charity	4.217	Noun
finest	4.217	Adjective
joined	4.217	Verb
offense	4.217	Noun
wade	4.217	Name
filthy	4.216	Adjective
judgment	4.216	Noun
shout	4.216	Verb
surgeon	4.216	Noun
tube	4.216	Noun
hon	4.215	Adjective
math	4.215	Noun
operator	4.215	Noun
mix	4.214	Verb
pin	4.214	Noun
sucker	4.214	Noun
alley	4.212	Noun
dancer	4.212	Noun
dealer	4.212	Noun
humans	4.212	Noun
chat	4.211	Noun
hoped	4.211	Verb
mon	4.211	Name
reaction	4.211	Noun
behave	4.21	Verb
chill	4.21	Noun
chips	4.21	Noun
fantasy	4.21	Noun
gloves	4.21	Noun
sides	4.21	Noun
steak	4.21	Noun
version	4.21	Noun
worrying	4.21	Adjective
blast	4.209	Noun
design	4.209	Noun
dropping	4.209	Verb
identify	4.209	Verb
struck	4.209	Verb
arranged	4.208	Verb
buster	4.208	Noun
classic	4.208	Adjective
crystal	4.208	Noun
quarters	4.208	Noun
spirits	4.208	Noun
divorced	4.207	Verb
jay	4.207	Name
perform	4.207	Verb
response	4.207	Noun
whiskey	4.207	Noun
dope	4.206	Noun
fence	4.206	Noun
greater	4.206	Adjective
poker	4.206	Noun
actress	4.205	Noun
drawing	4.205	Verb
landing	4.205	Noun
normally	4.205	Adverb
powder	4.205	Noun
vietnam	4.205	Name
advance	4.204	Noun
gear	4.204	Noun
locker	4.204	Noun
rape	4.204	Noun
buzz	4.203	Unclassified
beth	4.202	Name
civil	4.202	Adjective
classes	4.202	Noun
ending	4.202	Noun
marrying	4.202	Verb
miami	4.202	Name
sin	4.202	Noun
torture	4.202	Noun
banks	4.201	Noun
blown	4.201	Verb
dough	4.201	Noun
fed	4.201	Verb
selfish	4.201	Adjective
teddy	4.201	Name
confess	4.2	Verb
deserves	4.2	Verb
walker	4.2	Name
warned	4.2	Verb
ceremony	4.199	Noun
clown	4.199	Noun
connie	4.199	Name
highness	4.199	Noun
rocky	4.199	Name
solution	4.199	Noun
tries	4.199	Verb
apology	4.198	Noun
costs	4.198	Verb
dressing	4.198	Verb
forth	4.198	Adverb
prayer	4.198	Noun
corporal	4.197	Noun
hers	4.197	Pronoun
invented	4.197	Verb
accepted	4.196	Verb
emma	4.196	Name
boxes	4.195	Noun
entrance	4.195	Noun
gather	4.195	Verb
pearl	4.195	Name
singer	4.195	Noun
strip	4.195	Noun
daily	4.194	Adjective
deputy	4.194	Noun
nut	4.194	Noun
guitar	4.193	Noun
kicking	4.193	Verb
merely	4.193	Adverb
porter	4.193	Name
sauce	4.193	Noun
sighs	4.193	Verb
stress	4.193	Noun
tune	4.193	Noun
valuable	4.193	Adjective
basic	4.192	Adjective
belly	4.192	Noun
blows	4.192	Verb
charm	4.192	Noun
exit	4.192	Noun
net	4.192	Noun
steven	4.192	Name
voices	4.192	Noun
arrange	4.191	Verb
japan	4.191	Name
patrol	4.191	Noun
pitch	4.191	Noun
romance	4.191	Noun
makeup	4.19	Noun
matthew	4.19	Name
teams	4.19	Noun
rub	4.189	Verb
whistle	4.189	Noun
bum	4.188	Noun
fort	4.188	Name
hip	4.188	Noun
kingdom	4.188	Noun
visiting	4.188	Verb
wives	4.188	Noun
anthony	4.187	Name
diet	4.187	Noun
dreamed	4.187	Verb
flew	4.187	Verb
hood	4.187	Noun
junk	4.187	Noun
ling	4.187	Noun
patience	4.187	Noun
earn	4.186	Verb
flash	4.186	Noun
frozen	4.186	Adjective
homicide	4.186	Noun
lion	4.186	Noun
ralph	4.186	Name
robbed	4.186	Verb
gross	4.184	Adjective
holes	4.184	Noun
badge	4.183	Noun
mel	4.183	Name
offering	4.183	Verb
uses	4.183	Verb
answered	4.182	Verb
customer	4.182	Noun
opposite	4.182	Adjective
soap	4.182	Noun
anyhow	4.181	Adverb
beside	4.181	Preposition
painful	4.181	Adjective
privacy	4.181	Noun
unknown	4.181	Adjective
lessons	4.18	Noun
champ	4.179	Noun
hopes	4.179	Noun
pour	4.179	Verb
reported	4.179	Verb
testing	4.179	Verb
twins	4.179	Noun
bend	4.178	Verb
meantime	4.178	Noun
rice	4.178	Noun
squeeze	4.178	Verb
beats	4.177	Verb
begging	4.177	Verb
host	4.177	Noun
blocks	4.176	Noun
sore	4.176	Adjective
balance	4.175	Noun
shark	4.175	Noun
timing	4.175	Noun
angle	4.174	Noun
dutch	4.174	Adjective
sets	4.174	Verb
checks	4.173	Noun
degree	4.173	Noun
guilt	4.173	Noun
knocking	4.173	Verb
wondered	4.173	Verb
yards	4.173	Noun
aim	4.172	Verb
movement	4.172	Noun
urgent	4.172	Adjective
morris	4.171	Name
mud	4.171	Noun
chan	4.17	Name
freaking	4.17	Verb
heh	4.17	Interjection
moron	4.17	Noun
review	4.17	Noun
souls	4.17	Noun
warren	4.17	Name
oliver	4.169	Name
product	4.169	Noun
scotch	4.169	Noun
seal	4.169	Verb
tap	4.169	Noun
ace	4.168	Noun
broad	4.168	Adjective
anderson	4.167	Name
chandler	4.167	Name
escort	4.167	Verb
films	4.167	Noun
knee	4.167	Noun
skull	4.167	Noun
status	4.167	Noun
aaron	4.166	Name
affairs	4.166	Noun
entered	4.166	Verb
listened	4.166	Verb
murders	4.166	Noun
stretch	4.166	Verb
spin	4.165	Verb
angels	4.164	Noun
noble	4.164	Adjective
relief	4.164	Noun
sample	4.164	Noun
shouting	4.164	Verb
chicks	4.163	Noun
gene	4.163	Name
hostage	4.163	Noun
rifle	4.163	Noun
skills	4.163	Noun
tax	4.163	Noun
deaf	4.162	Adjective
port	4.162	Noun
sticking	4.162	Verb
patrick	4.161	Name
charged	4.16	Verb
foul	4.16	Adjective
habit	4.16	Noun
harris	4.16	Name
occurred	4.16	Verb
pattern	4.16	Noun
removed	4.16	Verb
ugh	4.16	Interjection
beans	4.159	Noun
confirm	4.159	Verb
deeply	4.159	Adverb
lad	4.159	Noun
option	4.159	Noun
coward	4.158	Noun
yale	4.158	Name
benefit	4.157	Noun
brief	4.157	Adjective
gifts	4.157	Noun
awkward	4.156	Adjective
adult	4.155	Noun
bombs	4.155	Noun
drives	4.155	Verb
flip	4.155	Verb
holds	4.155	Verb
jumping	4.155	Verb
liver	4.155	Noun
diane	4.154	Name
ward	4.154	Noun
corn	4.153	Noun
counsel	4.153	Noun
debt	4.153	Noun
gal	4.153	Noun
cared	4.152	Verb
cotton	4.152	Noun
facility	4.152	Noun
roses	4.152	Noun
shown	4.152	Verb
testify	4.152	Verb
tragedy	4.152	Noun
admire	4.151	Verb
brush	4.151	Verb
homes	4.151	Noun
pro	4.151	Noun
self	4.151	Noun
towel	4.151	Noun
wally	4.151	Name
bush	4.15	Noun
costume	4.15	Noun
jet	4.15	Noun
murphy	4.15	Name
prick	4.15	Noun
anxious	4.149	Adjective
frame	4.149	Noun
ghosts	4.149	Noun
harvard	4.149	Name
headache	4.149	Noun
marine	4.149	Adjective
respond	4.149	Verb
virginia	4.149	Name
washed	4.149	Verb
flies	4.148	Noun
louise	4.148	Name
palmer	4.148	Name
supplies	4.148	Noun
wounds	4.148	Noun
attend	4.147	Verb
dessert	4.147	Noun
options	4.147	Noun
pays	4.147	Verb
sacred	4.147	Adjective
cave	4.146	Noun
clinic	4.146	Noun
remote	4.146	Adjective
rubber	4.146	Adjective
schools	4.146	Noun
skinny	4.146	Adjective
thick	4.146	Adjective
brand	4.145	Noun
elaine	4.145	Name
blonde	4.144	Adjective
claims	4.144	Verb
culture	4.144	Noun
dallas	4.144	Name
fans	4.144	Noun
jonathan	4.144	Name
painted	4.144	Verb
polite	4.144	Adjective
theme	4.144	Noun
aid	4.143	Noun
counter	4.143	Noun
darn	4.143	Adjective
mason	4.143	Name
tyler	4.143	Name
claus	4.142	Name
griffin	4.142	Name
machines	4.142	Noun
oxygen	4.142	Noun
pound	4.142	Noun
religion	4.142	Noun
tag	4.142	Noun
audition	4.141	Noun
combat	4.141	Noun
sherry	4.141	Noun
blessed	4.14	Adjective
laughter	4.14	Noun
sammy	4.14	Name
sweater	4.14	Noun
dame	4.139	Noun
jewish	4.139	Adjective
shave	4.139	Verb
travis	4.139	Name
drill	4.138	Noun
flow	4.138	Noun
gain	4.138	Verb
sail	4.138	Verb
germany	4.137	Name
baker	4.136	Name
brooklyn	4.136	Name
crown	4.136	Noun
granted	4.136	Verb
packing	4.136	Verb
wreck	4.136	Noun
bonnie	4.135	Name
lawrence	4.135	Name
poem	4.135	Noun
species	4.135	Noun
unique	4.135	Adjective
zoo	4.135	Noun
bugs	4.134	Noun
chop	4.134	Noun
muscle	4.134	Noun
pages	4.134	Noun
similar	4.134	Adjective
sticks	4.134	Noun
tennis	4.134	Noun
barn	4.133	Noun
cherry	4.133	Noun
leather	4.133	Noun
manny	4.133	Name
tooth	4.133	Noun
counts	4.132	Verb
cheering	4.131	Verb
daisy	4.131	Name
emperor	4.131	Noun
jam	4.131	Noun
moral	4.131	Adjective
tokyo	4.131	Name
baron	4.129	Noun
blah	4.129	Interjection
lap	4.129	Noun
steam	4.129	Noun
berlin	4.128	Name
exam	4.128	Noun
gates	4.128	Noun
penis	4.128	Noun
sheep	4.128	Noun
demons	4.127	Noun
gum	4.127	Noun
sarge	4.127	Verb
suitcase	4.127	Noun
bottles	4.126	Noun
equal	4.126	Adjective
fools	4.126	Noun
operate	4.126	Verb
poetry	4.126	Noun
replace	4.126	Verb
struggle	4.126	Noun
citizen	4.125	Noun
freezing	4.125	Adjective
grabbed	4.125	Verb
smaller	4.125	Adjective
halfway	4.124	Adverb
pigs	4.124	Noun
session	4.124	Noun
stephen	4.124	Name
thunder	4.124	Noun
western	4.124	Adjective
wheels	4.124	Noun
wicked	4.124	Adjective
heavens	4.123	Noun
burt	4.122	Name
digging	4.122	Verb
fellows	4.122	Noun
motive	4.122	Noun
palm	4.122	Noun
paradise	4.122	Noun
cattle	4.121	Noun
hut	4.121	Noun
pit	4.121	Noun
shell	4.121	Noun
shove	4.121	Verb
toys	4.121	Noun
waves	4.121	Noun
basket	4.12	Noun
nurses	4.12	Noun
pile	4.12	Noun
stable	4.12	Adjective
stink	4.12	Verb
tracking	4.12	Verb
waiter	4.12	Noun
bells	4.119	Noun
fucker	4.119	Noun
missile	4.119	Noun
motor	4.119	Noun
musical	4.119	Adjective
parent	4.119	Noun
sire	4.119	Noun
whip	4.119	Verb
complex	4.118	Adjective
hooked	4.118	Verb
monitor	4.118	Noun
recent	4.118	Adjective
useful	4.118	Adjective
jill	4.117	Name
stroke	4.117	Noun
accused	4.116	Verb
prevent	4.116	Verb
chuckles	4.115	Verb
goose	4.115	Noun
howdy	4.115	Interjection
limit	4.115	Noun
messing	4.115	Verb
phones	4.115	Noun
rap	4.115	Noun
tapes	4.115	Noun
appeal	4.114	Noun
blade	4.114	Noun
despite	4.114	Preposition
drawer	4.114	Noun
propose	4.114	Verb
superior	4.114	Adjective
bernard	4.113	Name
blanket	4.113	Noun
cried	4.113	Verb
eleven	4.113	Number
identity	4.113	Noun
maintain	4.113	Verb
cigar	4.112	Noun
inches	4.112	Noun
mob	4.112	Noun
refused	4.112	Verb
survived	4.112	Verb
clerk	4.111	Noun
matches	4.111	Noun
properly	4.111	Adverb
sack	4.111	Noun
activity	4.11	Noun
award	4.11	Noun
gloria	4.11	Name
lamp	4.11	Noun
parade	4.11	Noun
profile	4.11	Noun
resist	4.11	Verb
rusty	4.11	Name
scout	4.11	Noun
shaking	4.11	Verb
drank	4.109	Verb
heroes	4.109	Noun
kenny	4.109	Name
stepped	4.109	Verb
suffered	4.109	Verb
comment	4.108	Noun
dive	4.108	Verb
fits	4.108	Verb
hatch	4.108	Noun
minor	4.108	Adjective
mistaken	4.108	Verb
fighter	4.107	Noun
handled	4.107	Verb
hiya	4.107	Interjection
landed	4.107	Verb
beloved	4.106	Adjective
manners	4.106	Noun
stuart	4.106	Name
wears	4.106	Verb
chamber	4.105	Noun
effects	4.105	Noun
hawk	4.105	Name
sookie	4.105	Name
swallow	4.105	Verb
task	4.105	Noun
capital	4.104	Noun
catching	4.104	Verb
sales	4.104	Noun
chin	4.103	Noun
earned	4.103	Verb
edgar	4.103	Name
empire	4.103	Noun
highest	4.103	Adjective
lobby	4.103	Noun
string	4.103	Noun
toe	4.103	Noun
tub	4.103	Noun
eats	4.102	Verb
nap	4.102	Noun
pump	4.102	Noun
stations	4.102	Noun
actors	4.101	Noun
beard	4.101	Noun
con	4.101	Noun
deeper	4.101	Adverb
inform	4.101	Verb
passes	4.101	Verb
related	4.101	Verb
twist	4.101	Noun
bid	4.1	Verb
pole	4.1	Noun
typical	4.1	Adjective
bingo	4.099	Noun
bitches	4.099	Noun
complain	4.099	Verb
realise	4.099	Verb
soccer	4.099	Noun
insult	4.098	Verb
philip	4.098	Name
abby	4.097	Name
apply	4.097	Verb
happier	4.097	Adjective
korea	4.097	Name
plates	4.097	Noun
seattle	4.097	Name
toes	4.097	Noun
acts	4.096	Noun
catholic	4.096	Adjective
choices	4.096	Noun
colin	4.096	Name
germans	4.096	Noun
hammer	4.096	Noun
producer	4.096	Noun
sheets	4.096	Noun
slap	4.096	Verb
troy	4.096	Name
breasts	4.095	Noun
covering	4.095	Verb
leonard	4.095	Name
neat	4.095	Adjective
railroad	4.095	Noun
rear	4.095	Noun
suspects	4.095	Noun
academy	4.094	Noun
battery	4.094	Noun
editor	4.094	Noun
informed	4.094	Verb
broadway	4.093	Name
diner	4.093	Noun
inch	4.093	Noun
sailor	4.093	Noun
tha	4.093	Determiner
tire	4.093	Verb
toss	4.093	Verb
bump	4.092	Noun
lawn	4.092	Noun
peanut	4.092	Noun
russia	4.092	Name
dana	4.091	Name
fond	4.091	Adjective
phase	4.091	Noun
purple	4.091	Adjective
quietly	4.091	Adverb
cheated	4.09	Verb
episode	4.09	Noun
goods	4.09	Noun
hitler	4.09	Name
item	4.09	Noun
pan	4.09	Noun
stinks	4.09	Verb
thirsty	4.09	Adjective
thus	4.09	Adverb
tits	4.09	Noun
coma	4.089	Noun
cruise	4.089	Noun
fooling	4.089	Verb
pockets	4.089	Noun
tend	4.089	Verb
critical	4.088	Adjective
diego	4.088	Name
mexican	4.088	Adjective
spike	4.088	Verb
tragic	4.088	Adjective
attached	4.087	Verb
graduate	4.087	Verb
handy	4.087	Adjective
placed	4.087	Verb
sharing	4.087	Verb
superman	4.087	Name
accent	4.086	Noun
advise	4.086	Verb
hollow	4.086	Noun
labor	4.086	Noun
mothers	4.086	Noun
robot	4.086	Noun
actions	4.085	Noun
behalf	4.085	Preposition
entry	4.085	Noun
assigned	4.084	Verb
brass	4.084	Noun
buddies	4.084	Noun
captured	4.084	Verb
helpful	4.084	Adjective
servant	4.084	Noun
permit	4.083	Verb
widow	4.083	Noun
dull	4.082	Adjective
july	4.082	Name
upper	4.082	Adjective
crawl	4.081	Verb
dime	4.081	Noun
discover	4.081	Verb
fights	4.081	Noun
joining	4.081	Verb
kansas	4.081	Name
retired	4.081	Verb
vault	4.081	Noun
foster	4.08	Name
hail	4.08	Verb
lemon	4.08	Noun
magnum	4.08	Name
bargain	4.079	Noun
beaten	4.079	Verb
clay	4.079	Noun
ewing	4.079	Name
loyal	4.079	Adjective
luther	4.079	Name
tale	4.079	Noun
tastes	4.079	Noun
cells	4.078	Noun
citizens	4.078	Noun
hawaii	4.078	Name
log	4.078	Noun
tattoo	4.078	Noun
allen	4.077	Name
basis	4.077	Noun
fields	4.077	Noun
link	4.077	Noun
buffalo	4.076	Name
idiots	4.076	Noun
jazz	4.076	Noun
marco	4.076	Name
needle	4.076	Noun
pam	4.076	Name
ruby	4.076	Name
sakes	4.076	Noun
chef	4.075	Noun
mistress	4.075	Noun
racing	4.075	Verb
bacon	4.074	Noun
chairman	4.074	Noun
chapter	4.074	Noun
dishes	4.074	Noun
farmer	4.074	Noun
psychic	4.074	Adjective
rocket	4.074	Noun
slim	4.074	Adjective
sunshine	4.074	Noun
treating	4.074	Verb
frog	4.073	Noun
pill	4.073	Noun
thumb	4.073	Noun
comedy	4.072	Noun
hart	4.071	Name
intended	4.071	Verb
weed	4.071	Noun
wrapped	4.071	Verb
beings	4.07	Noun
boats	4.07	Noun
cloud	4.07	Noun
feeding	4.07	Verb
owned	4.07	Verb
tables	4.07	Noun
cohen	4.069	Name
dated	4.069	Verb
dining	4.069	Noun
hooker	4.069	Noun
kennedy	4.069	Name
mount	4.069	Noun
pops	4.069	Verb
shocked	4.069	Adjective
boo	4.068	Interjection
chopper	4.068	Noun
engineer	4.068	Noun
fries	4.068	Noun
hid	4.068	Verb
industry	4.068	Noun
picnic	4.068	Noun
reckon	4.068	Verb
serving	4.068	Verb
debbie	4.067	Name
jacob	4.067	Name
lend	4.067	Verb
loyalty	4.067	Noun
shelter	4.067	Noun
splendid	4.067	Adjective
workers	4.067	Noun
beneath	4.066	Preposition
carpet	4.066	Noun
divine	4.066	Adjective
raped	4.066	Verb
spoil	4.066	Verb
synchro	4.066	Name
troubles	4.066	Noun
yup	4.066	Interjection
porn	4.065	Noun
sheet	4.065	Noun
southern	4.065	Adjective
ham	4.064	Noun
lazy	4.064	Adjective
plot	4.064	Noun
betrayed	4.063	Verb
crimes	4.063	Noun
dragged	4.063	Verb
employee	4.063	Noun
medal	4.063	Noun
entering	4.062	Verb
hockey	4.062	Noun
manner	4.062	Noun
waitress	4.062	Noun
ford	4.061	Name
veronica	4.061	Name
blake	4.06	Name
eagle	4.06	Noun
entitled	4.06	Verb
sends	4.06	Verb
visual	4.06	Adjective
active	4.059	Adjective
denied	4.059	Verb
dish	4.059	Noun
puppy	4.059	Noun
cuts	4.058	Verb
perfume	4.058	Noun
shadows	4.058	Noun
temper	4.058	Noun
theatre	4.058	Noun
bears	4.057	Noun
graham	4.057	Name
pillow	4.057	Noun
roommate	4.057	Noun
stones	4.057	Noun
talented	4.057	Adjective
teachers	4.057	Noun
approve	4.056	Verb
cock	4.056	Noun
defeat	4.056	Verb
elephant	4.056	Noun
forms	4.056	Noun
promises	4.056	Noun
safer	4.056	Adjective
alike	4.055	Adverb
asses	4.055	Noun
assumed	4.055	Verb
attacks	4.055	Noun
chemical	4.055	Adjective
greek	4.055	Adjective
handling	4.055	Verb
heal	4.055	Verb
slut	4.055	Noun
trailer	4.055	Noun
absolute	4.054	Adjective
diana	4.054	Name
killers	4.054	Noun
rage	4.054	Noun
serial	4.054	Adjective
shrink	4.054	Noun
studied	4.054	Verb
applause	4.053	Noun
potato	4.053	Noun
slightly	4.053	Adverb
blanche	4.052	Name
exists	4.052	Verb
geez	4.052	Verb
gin	4.052	Noun
halt	4.052	Verb
raising	4.052	Verb
turner	4.052	Name
whale	4.052	Noun
assholes	4.051	Noun
creep	4.051	Noun
peaceful	4.051	Adjective
warden	4.051	Noun
lovers	4.05	Noun
randy	4.05	Name
dentist	4.049	Noun
gig	4.049	Noun
wesley	4.049	Name
affect	4.047	Verb
billion	4.047	Noun
bitter	4.047	Adjective
boot	4.047	Noun
bureau	4.047	Noun
creepy	4.047	Adjective
gob	4.047	Name
helpless	4.047	Adjective
include	4.047	Verb
laying	4.047	Verb
ages	4.046	Noun
annoying	4.046	Adjective
brandy	4.046	Noun
luggage	4.046	Noun
tools	4.046	Noun
assuming	4.045	Verb
conduct	4.045	Verb
disturb	4.045	Verb
function	4.045	Noun
massage	4.045	Noun
nest	4.045	Noun
potatoes	4.045	Noun
safely	4.045	Adverb
wisdom	4.045	Noun
arizona	4.044	Name
boarding	4.044	Noun
charley	4.044	Name
jewelry	4.044	Noun
patty	4.044	Name
produce	4.044	Verb
thrilled	4.044	Verb
analysis	4.043	Noun
nails	4.043	Noun
nelson	4.043	Name
delay	4.042	Noun
harbor	4.042	Noun
latin	4.042	Adjective
limited	4.042	Adjective
murray	4.042	Name
psycho	4.042	Noun
register	4.042	Noun
spain	4.042	Name
election	4.041	Noun
reverse	4.041	Verb
shed	4.041	Verb
column	4.04	Noun
fetch	4.04	Verb
lick	4.04	Verb
nerves	4.04	Noun
ouch	4.04	Interjection
profit	4.04	Noun
booze	4.039	Noun
emotions	4.039	Noun
extreme	4.039	Adjective
heather	4.039	Name
shawn	4.039	Name
verdict	4.039	Noun
worker	4.039	Noun
airplane	4.038	Noun
bra	4.038	Noun
herr	4.038	Noun
lame	4.038	Adjective
oops	4.038	Interjection
rhythm	4.038	Noun
cocktail	4.037	Noun
corps	4.037	Noun
everyday	4.037	Adjective
phoenix	4.037	Name
rounds	4.037	Noun
honored	4.036	Verb
lance	4.036	Noun
stubborn	4.036	Adjective
von	4.036	Name
clothing	4.035	Noun
comic	4.035	Adjective
concept	4.035	Noun
grief	4.035	Noun
pumpkin	4.035	Noun
smarter	4.035	Adjective
torn	4.035	Verb
waters	4.035	Noun
deposit	4.034	Noun
dignity	4.034	Noun
franklin	4.034	Name
kay	4.034	Name
sixth	4.034	Number
canada	4.033	Name
gotcha	4.033	Unclassified
instant	4.033	Noun
monsters	4.033	Noun
bits	4.032	Noun
jew	4.032	Noun
orleans	4.032	Name
proved	4.032	Verb
acted	4.031	Verb
banana	4.031	Noun
beers	4.031	Noun
cathy	4.031	Name
creative	4.031	Adjective
eternal	4.031	Adjective
facing	4.031	Verb
holly	4.031	Noun
lip	4.031	Noun
marked	4.031	Verb
required	4.031	Verb
rod	4.031	Noun
salary	4.031	Noun
strictly	4.031	Adverb
tissue	4.031	Noun
tool	4.031	Noun
campus	4.03	Noun
guessing	4.03	Verb
pope	4.03	Noun
subway	4.03	Noun
bowling	4.029	Noun
laughed	4.029	Verb
arguing	4.028	Verb
roberts	4.028	Name
barrel	4.027	Noun
drawn	4.027	Verb
engines	4.027	Noun
hector	4.027	Name
homeless	4.027	Adjective
lamb	4.027	Noun
paranoid	4.027	Adjective
require	4.027	Verb
wizard	4.027	Noun
wong	4.027	Name
carmen	4.026	Name
fund	4.026	Noun
worries	4.026	Noun
capture	4.025	Verb
drown	4.025	Verb
fleet	4.025	Noun
lungs	4.025	Noun
multiple	4.025	Adjective
statue	4.025	Noun
traitor	4.025	Noun
twisted	4.025	Verb
forty	4.024	Number
adorable	4.023	Adjective
begun	4.023	Verb
bets	4.023	Noun
compared	4.023	Verb
detroit	4.023	Name
elvis	4.023	Name
exposed	4.023	Verb
goat	4.023	Noun
kindly	4.023	Adverb
measure	4.023	Verb
payment	4.023	Noun
pork	4.023	Noun
tested	4.023	Verb
candles	4.022	Noun
collar	4.022	Noun
houston	4.022	Name
mars	4.021	Name
accounts	4.02	Noun
hans	4.02	Name
injured	4.02	Verb
lecture	4.02	Noun
passport	4.02	Noun
roman	4.02	Adjective
root	4.02	Noun
shared	4.02	Verb
blond	4.019	Adjective
dice	4.019	Noun
fixing	4.019	Verb
grounds	4.019	Noun
parked	4.019	Verb
parole	4.019	Noun
salesman	4.019	Noun
twin	4.019	Noun
witches	4.019	Noun
booked	4.018	Verb
bothered	4.018	Verb
clubs	4.018	Noun
crashed	4.018	Verb
nanny	4.018	Noun
plug	4.018	Noun
rug	4.018	Noun
rumor	4.018	Noun
sidney	4.018	Name
cal	4.017	Noun
meetings	4.017	Noun
rode	4.017	Verb
tellin	4.017	Noun
unlike	4.017	Preposition
freaked	4.016	Verb
lean	4.016	Verb
narrator	4.016	Noun
bee	4.015	Noun
colors	4.015	Noun
coop	4.015	Name
caroline	4.014	Name
enormous	4.014	Adjective
levels	4.014	Noun
misery	4.014	Noun
obsessed	4.014	Adjective
punished	4.014	Verb
spots	4.014	Noun
sunset	4.014	Noun
worthy	4.014	Adjective
wrist	4.014	Noun
austin	4.013	Name
curtain	4.013	Noun
drops	4.013	Verb
kane	4.013	Name
nicky	4.013	Name
driven	4.012	Verb
fooled	4.012	Verb
jeep	4.012	Noun
locate	4.012	Verb
relieved	4.012	Verb
sharon	4.012	Name
abuse	4.011	Noun
ballet	4.011	Noun
blues	4.011	Noun
naughty	4.011	Adjective
skipper	4.011	Name
stiff	4.011	Adjective
sum	4.011	Noun
unable	4.011	Adjective
album	4.01	Noun
burger	4.01	Noun
caesar	4.01	Name
concerns	4.01	Verb
happily	4.01	Adverb
random	4.01	Adjective
spotted	4.01	Verb
tense	4.01	Adjective
august	4.009	Name
chickens	4.009	Noun
gunshot	4.009	Noun
impress	4.009	Verb
injury	4.009	Noun
intense	4.009	Adjective
jews	4.009	Noun
praying	4.009	Verb
borrowed	4.008	Verb
brick	4.008	Noun
leon	4.008	Name
priority	4.008	Noun
raw	4.008	Adjective
slight	4.008	Adjective
fried	4.007	Adjective
snakes	4.007	Noun
leak	4.006	Noun
sucked	4.005	Verb
warrior	4.005	Noun
worm	4.005	Noun
bleed	4.004	Verb
branch	4.004	Noun
corpse	4.004	Noun
document	4.004	Noun
dynamite	4.004	Noun
glove	4.004	Noun
louder	4.004	Adjective
sober	4.004	Adjective
spider	4.004	Noun
survival	4.004	Noun
vodka	4.004	Noun
worn	4.004	Verb
budget	4.003	Noun
deserved	4.003	Verb
envelope	4.003	Noun
novel	4.003	Noun
pistol	4.003	Noun
shortly	4.003	Adverb
fraud	4.002	Noun
shaw	4.002	Name
shotgun	4.002	Noun
bucket	4.001	Noun
clouds	4.001	Noun
belonged	4.0	Verb
heels	4.0	Noun
nicely	4.0	Adverb
russians	4.0	Noun
acid	3.999	Noun
butler	3.999	Noun
massive	3.999	Adjective
menu	3.999	Noun
sits	3.999	Verb
skirt	3.999	Noun
stare	3.999	Verb
inner	3.998	Adjective
signing	3.998	Verb
causes	3.997	Verb
collins	3.997	Name
constant	3.997	Adjective
korean	3.997	Adjective
october	3.997	Name
provided	3.997	Verb
solved	3.997	Verb
tanks	3.997	Noun
visitors	3.997	Noun
centre	3.996	Noun
festival	3.996	Noun
imagined	3.996	Verb
scum	3.996	Noun
atlantic	3.995	Name
bachelor	3.995	Noun
chairs	3.995	Noun
deadly	3.995	Adjective
depend	3.995	Verb
examine	3.995	Verb
oath	3.995	Noun
romeo	3.995	Name
screwing	3.995	Verb
ashes	3.994	Noun
pencil	3.994	Noun
trucks	3.994	Noun
bounce	3.993	Verb
burden	3.993	Noun
causing	3.993	Verb
core	3.993	Noun
fridge	3.993	Noun
heroin	3.993	Noun
internal	3.993	Adjective
shining	3.993	Adjective
ties	3.993	Noun
unfair	3.993	Adjective
columbo	3.992	Name
dummy	3.992	Noun
humble	3.992	Adjective
mummy	3.992	Noun
appeared	3.991	Verb
deals	3.991	Noun
dramatic	3.991	Adjective
explode	3.991	Verb
observe	3.991	Verb
raining	3.991	Verb
retire	3.991	Verb
roast	3.991	Adjective
shooter	3.991	Noun
silk	3.991	Noun
wha	3.991	Unclassified
announce	3.99	Verb
fires	3.99	Noun
ransom	3.99	Noun
coin	3.989	Noun
dock	3.989	Noun
dresses	3.989	Noun
gut	3.989	Noun
necklace	3.989	Noun
sealed	3.989	Verb
seventh	3.989	Number
taxes	3.989	Noun
bait	3.988	Noun
bald	3.988	Adjective
hats	3.988	Noun
lit	3.988	Verb
queens	3.988	Name
tarzan	3.988	Name
absurd	3.987	Adjective
blank	3.987	Adjective
blessing	3.987	Noun
demands	3.987	Noun
humanity	3.987	Noun
reese	3.987	Name
ape	3.986	Noun
bench	3.986	Noun
copies	3.986	Noun
fee	3.986	Noun
filling	3.986	Verb
grip	3.986	Noun
hostages	3.986	Noun
kidney	3.986	Noun
pacific	3.986	Name
polish	3.986	Noun
punish	3.986	Verb
sworn	3.986	Verb
added	3.985	Verb
connect	3.985	Verb
cracked	3.985	Verb
pancakes	3.985	Noun
spray	3.985	Noun
aliens	3.984	Noun
floating	3.984	Verb
gathered	3.984	Verb
losers	3.984	Noun
marines	3.984	Noun
porch	3.984	Noun
tires	3.984	Verb
develop	3.983	Verb
autopsy	3.982	Noun
requires	3.982	Verb
adults	3.981	Noun
burnt	3.981	Verb
daylight	3.981	Noun
lynn	3.981	Name
mortal	3.981	Adjective
pace	3.981	Noun
plants	3.981	Noun
quote	3.981	Verb
sorts	3.981	Noun
benjamin	3.98	Name
envy	3.98	Verb
hallway	3.98	Noun
bearing	3.979	Verb
mill	3.979	Noun
niece	3.979	Noun
signals	3.979	Noun
cooked	3.978	Verb
delicate	3.978	Adjective
grows	3.978	Verb
lesbian	3.978	Noun
loses	3.978	Verb
prayers	3.978	Noun
previous	3.978	Adjective
retreat	3.978	Noun
scale	3.978	Noun
smack	3.978	Verb
stores	3.978	Noun
strikes	3.978	Verb
sweep	3.978	Verb
towels	3.978	Noun
awhile	3.977	Adverb
cent	3.977	Noun
chart	3.977	Noun
helmet	3.977	Noun
louie	3.977	Name
aircraft	3.976	Noun
farewell	3.976	Noun
fathers	3.976	Noun
fog	3.976	Noun
physics	3.976	Noun
praise	3.976	Verb
stabbed	3.976	Verb
strategy	3.976	Noun
succeed	3.976	Verb
hudson	3.975	Name
moscow	3.975	Name
cows	3.974	Noun
impact	3.974	Noun
sailing	3.974	Verb
scan	3.974	Noun
severe	3.974	Adjective
shorts	3.974	Noun
tons	3.974	Noun
wells	3.974	Name
burke	3.973	Name
chaos	3.973	Noun
civilian	3.973	Adjective
maniac	3.973	Noun
triple	3.973	Adjective
types	3.973	Noun
cellar	3.972	Noun
covers	3.972	Noun
flush	3.972	Verb
oldest	3.972	Adjective
owes	3.972	Verb
danced	3.971	Verb
studies	3.971	Noun
vessel	3.971	Noun
height	3.97	Noun
reveal	3.97	Verb
stella	3.97	Name
brandon	3.969	Name
calvin	3.969	Name
debate	3.969	Noun
deed	3.969	Noun
glorious	3.969	Adjective
meets	3.969	Verb
thompson	3.969	Name
upside	3.969	Adverb
amber	3.968	Noun
error	3.968	Noun
faint	3.968	Adjective
handed	3.968	Verb
stinking	3.968	Adjective
ladder	3.967	Noun
groups	3.966	Noun
telegram	3.966	Noun
adams	3.965	Name
arts	3.965	Noun
gasps	3.965	Verb
hears	3.965	Verb
poet	3.965	Noun
web	3.965	Noun
willy	3.965	Name
amusing	3.964	Adjective
arrives	3.964	Verb
ash	3.964	Name
bonus	3.964	Noun
bree	3.964	Noun
grey	3.964	Adjective
hint	3.964	Noun
stunt	3.964	Noun
closely	3.963	Adverb
fairly	3.963	Adverb
horror	3.963	Noun
located	3.963	Verb
picks	3.963	Verb
rumors	3.963	Noun
admitted	3.962	Verb
codes	3.962	Noun
fears	3.962	Noun
jeremy	3.962	Name
tips	3.962	Noun
betray	3.961	Verb
holidays	3.961	Noun
madison	3.961	Name
rented	3.961	Verb
snack	3.961	Noun
alliance	3.96	Noun
faithful	3.96	Adjective
popcorn	3.96	Noun
wars	3.96	Noun
magical	3.959	Adjective
penalty	3.959	Noun
phrase	3.959	Noun
recovery	3.959	Noun
reed	3.959	Name
somewhat	3.959	Adverb
thieves	3.959	Noun
dale	3.958	Name
damaged	3.958	Verb
outer	3.958	Adjective
chew	3.957	Verb
crawling	3.957	Verb
rex	3.957	Name
roads	3.957	Noun
takin	3.957	Verb
washing	3.957	Verb
cart	3.956	Noun
coffin	3.956	Noun
explains	3.956	Verb
flame	3.956	Noun
kindness	3.956	Noun
ultimate	3.956	Adjective
wax	3.956	Noun
barking	3.955	Verb
bret	3.955	Name
cargo	3.955	Noun
gently	3.955	Adverb
hopper	3.955	Name
terror	3.955	Noun
vampires	3.955	Noun
yankee	3.955	Noun
coroner	3.954	Noun
diary	3.954	Noun
sock	3.954	Noun
swamp	3.954	Noun
breast	3.953	Noun
closest	3.953	Adjective
jock	3.953	Name
kings	3.953	Noun
lighter	3.953	Noun
russ	3.953	Name
stall	3.953	Verb
appetite	3.952	Noun
areas	3.952	Noun
barbecue	3.952	Noun
crowded	3.952	Adjective
fluid	3.952	Noun
gamble	3.952	Verb
hopeless	3.952	Adjective
hostile	3.952	Adjective
obey	3.952	Verb
planted	3.952	Verb
ritual	3.952	Noun
various	3.952	Adjective
dug	3.951	Verb
noah	3.951	Name
sins	3.951	Noun
whack	3.951	Verb
auction	3.95	Noun
contrary	3.95	Noun
creek	3.95	Noun
weakness	3.95	Noun
doris	3.949	Name
journal	3.949	Noun
leaders	3.949	Noun
oven	3.949	Noun
tender	3.949	Adjective
worlds	3.949	Noun
dial	3.948	Verb
storage	3.948	Noun
val	3.948	Name
advanced	3.947	Adjective
grades	3.947	Noun
helio	3.947	Noun
marilyn	3.947	Name
models	3.947	Noun
fork	3.946	Noun
melissa	3.946	Name
quitting	3.946	Verb
repair	3.946	Verb
reunion	3.946	Noun
filed	3.945	Verb
lipstick	3.945	Noun
pepper	3.945	Noun
cities	3.944	Noun
cough	3.944	Noun
proposal	3.944	Noun
protest	3.944	Noun
rolls	3.944	Noun
goddess	3.943	Noun
mankind	3.943	Noun
november	3.943	Name
returns	3.943	Verb
stab	3.943	Verb
supreme	3.943	Adjective
waking	3.943	Verb
almighty	3.942	Adjective
swore	3.942	Verb
visitor	3.942	Noun
beam	3.941	Noun
cease	3.941	Verb
reads	3.941	Verb
anyways	3.94	Noun
buttons	3.94	Noun
cannon	3.94	Noun
colour	3.94	Noun
conflict	3.94	Noun
crossing	3.94	Verb
deer	3.94	Noun
flu	3.94	Noun
objects	3.94	Noun
ohio	3.94	Name
primary	3.94	Adjective
shirts	3.94	Noun
shrimp	3.94	Noun
cemetery	3.939	Noun
balloon	3.938	Noun
samples	3.938	Noun
sexually	3.938	Adverb
excuses	3.937	Noun
fame	3.937	Noun
harmless	3.937	Adjective
stuffed	3.937	Verb
throne	3.937	Noun
tin	3.937	Noun
drain	3.936	Noun
fold	3.936	Verb
morgue	3.936	Noun
pimp	3.936	Noun
rig	3.936	Noun
setup	3.936	Noun
distant	3.935	Adjective
tan	3.935	Noun
clarence	3.934	Name
evans	3.934	Name
petty	3.934	Adjective
symbol	3.934	Noun
vicious	3.934	Adjective
beds	3.933	Noun
del	3.933	Name
sleepy	3.933	Adjective
banging	3.932	Verb
comrade	3.932	Noun
forbid	3.932	Verb
hack	3.932	Verb
increase	3.932	Verb
raid	3.932	Noun
seated	3.932	Verb
solo	3.932	Noun
tension	3.932	Noun
burst	3.931	Verb
display	3.931	Noun
eli	3.931	Name
scares	3.931	Verb
slice	3.931	Noun
threaten	3.931	Verb
butcher	3.93	Noun
gallery	3.93	Noun
invasion	3.93	Noun
wee	3.93	Adjective
laser	3.929	Noun
lunatic	3.929	Noun
rank	3.929	Noun
robe	3.929	Noun
til	3.929	Noun
woody	3.929	Name
compete	3.928	Verb
drum	3.928	Noun
ducks	3.928	Noun
fisher	3.928	Name
kiddo	3.928	Noun
limo	3.928	Noun
rolled	3.928	Verb
scar	3.928	Noun
senses	3.928	Noun
spill	3.928	Verb
spoiled	3.928	Verb
values	3.928	Noun
arnold	3.927	Name
chased	3.927	Verb
crushed	3.927	Verb
madness	3.927	Noun
nickel	3.927	Noun
adopted	3.926	Verb
betting	3.926	Verb
dizzy	3.926	Adjective
granny	3.926	Noun
software	3.926	Noun
haircut	3.925	Noun
lads	3.925	Noun
recorded	3.925	Verb
rising	3.925	Verb
thrill	3.925	Noun
approval	3.924	Noun
fry	3.924	Verb
horny	3.924	Adjective
inn	3.924	Noun
scenes	3.924	Noun
sequence	3.924	Noun
harrison	3.923	Name
alibi	3.922	Noun
ceiling	3.922	Noun
compare	3.922	Verb
judges	3.922	Noun
ribs	3.922	Noun
sympathy	3.922	Noun
wig	3.922	Noun
bare	3.921	Adjective
cabinet	3.921	Noun
cane	3.921	Noun
delta	3.921	Noun
doorbell	3.921	Noun
indicate	3.921	Verb
nearby	3.921	Adverb
pointing	3.921	Verb
formal	3.92	Adjective
jar	3.92	Noun
plague	3.92	Noun
apples	3.919	Noun
emotion	3.919	Noun
felix	3.919	Name
reminded	3.919	Verb
tore	3.919	Verb
tramp	3.919	Noun
arrival	3.918	Noun
footage	3.918	Noun
freaks	3.918	Noun
fur	3.918	Noun
infected	3.918	Verb
prior	3.918	Adjective
scores	3.918	Noun
sheila	3.918	Name
cocaine	3.917	Noun
denver	3.917	Name
depth	3.917	Noun
illusion	3.917	Noun
native	3.917	Adjective
phony	3.917	Adjective
replaced	3.917	Verb
smash	3.917	Verb
tossed	3.917	Verb
writes	3.917	Verb
brooks	3.916	Name
cape	3.916	Name
lung	3.916	Noun
visions	3.916	Noun
wished	3.916	Verb
congress	3.915	Noun
harmony	3.915	Noun
mature	3.915	Adjective
sang	3.915	Verb
shelly	3.915	Adverb
sources	3.915	Noun
sweating	3.915	Verb
yacht	3.915	Noun
canyon	3.914	Noun
genuine	3.914	Adjective
kent	3.914	Name
larger	3.914	Adjective
lori	3.914	Name
shield	3.914	Noun
sixteen	3.914	Number
strings	3.914	Noun
deeds	3.913	Noun
insisted	3.913	Verb
lan	3.913	Noun
judging	3.912	Verb
mick	3.912	Name
trains	3.912	Noun
doomed	3.911	Verb
minimum	3.911	Noun
pad	3.911	Noun
presume	3.911	Verb
alpha	3.91	Noun
courtesy	3.91	Noun
eastern	3.91	Adjective
fletcher	3.91	Name
julius	3.91	Name
kicks	3.91	Verb
panties	3.91	Noun
scandal	3.91	Noun
slaves	3.91	Noun
abandon	3.909	Verb
allergic	3.909	Adjective
belle	3.909	Name
capacity	3.909	Noun
improve	3.909	Verb
mccoy	3.909	Name
missy	3.909	Noun
pony	3.909	Noun
ski	3.909	Noun
sleeps	3.909	Verb
weaver	3.909	Name
artists	3.908	Noun
hawkeye	3.908	Name
momma	3.908	Noun
needing	3.908	Verb
reaching	3.908	Verb
hose	3.907	Noun
missiles	3.907	Noun
mole	3.907	Noun
saunders	3.907	Name
versus	3.907	Preposition
breeze	3.906	Noun
rash	3.906	Noun
stream	3.906	Noun
tray	3.906	Noun
violet	3.906	Name
ankle	3.905	Noun
candle	3.905	Noun
couples	3.905	Noun
defence	3.905	Noun
devoted	3.905	Adjective
disgrace	3.905	Noun
milo	3.905	Name
pale	3.905	Adjective
recover	3.905	Verb
satan	3.905	Name
surgical	3.905	Adjective
worship	3.905	Verb
bubble	3.904	Noun
circles	3.904	Noun
dreadful	3.904	Adjective
manual	3.904	Noun
pod	3.904	Noun
tuna	3.904	Noun
deb	3.902	Name
eternity	3.902	Noun
floors	3.902	Noun
grandson	3.902	Noun
mae	3.902	Name
password	3.902	Noun
rainbow	3.902	Noun
symptoms	3.902	Noun
chapel	3.901	Noun
dip	3.901	Verb
existed	3.901	Verb
scaring	3.901	Verb
searched	3.901	Verb
tricky	3.901	Adjective
tuck	3.901	Verb
watches	3.901	Verb
author	3.9	Noun
martini	3.9	Noun
monkeys	3.9	Noun
sickness	3.9	Noun
decides	3.899	Verb
meals	3.899	Noun
popped	3.899	Verb
proves	3.899	Verb
pulls	3.899	Verb
skill	3.899	Noun
smelled	3.899	Verb
sneaking	3.899	Verb
whitey	3.899	Name
contacts	3.898	Noun
focused	3.898	Verb
kathy	3.898	Name
uniforms	3.898	Noun
whisper	3.898	Verb
climbing	3.897	Verb
duties	3.897	Noun
hustle	3.897	Verb
largest	3.897	Adjective
method	3.897	Noun
welfare	3.897	Noun
abbott	3.896	Name
auntie	3.896	Noun
ditch	3.896	Verb
formula	3.896	Noun
images	3.896	Noun
lounge	3.896	Noun
mere	3.896	Adjective
minus	3.896	Preposition
wiped	3.896	Verb
accurate	3.895	Adjective
arrow	3.895	Noun
assist	3.895	Verb
attic	3.895	Noun
backs	3.895	Noun
cynthia	3.895	Name
forehead	3.895	Noun
sal	3.895	Name
sis	3.895	Noun
votes	3.895	Noun
groom	3.894	Noun
saddle	3.894	Noun
bracelet	3.893	Noun
controls	3.893	Verb
disguise	3.893	Noun
kisses	3.893	Noun
shiny	3.893	Adjective
cue	3.892	Noun
embassy	3.892	Noun
gossip	3.892	Noun
grounded	3.892	Verb
rack	3.892	Noun
relative	3.892	Noun
sausage	3.892	Noun
soil	3.892	Noun
creating	3.891	Verb
dodge	3.891	Name
husbands	3.891	Noun
joel	3.891	Name
maximum	3.891	Adjective
vital	3.891	Adjective
addition	3.89	Preposition
aspirin	3.89	Noun
bore	3.89	Verb
liquid	3.89	Adjective
theirs	3.89	Pronoun
adore	3.888	Verb
arriving	3.888	Verb
bailey	3.888	Name
persons	3.888	Noun
pierre	3.888	Name
poisoned	3.888	Verb
rot	3.888	Verb
expenses	3.887	Noun
moore	3.887	Name
rider	3.887	Noun
risky	3.887	Adjective
shaft	3.887	Noun
deaths	3.886	Noun
ahem	3.885	Interjection
auto	3.885	Noun
cans	3.885	Noun
cuba	3.885	Name
drowned	3.885	Verb
insanity	3.885	Noun
perry	3.885	Name
sunny	3.885	Adjective
switched	3.885	Verb
groans	3.884	Verb
inspired	3.884	Verb
instinct	3.884	Noun
magician	3.884	Noun
mona	3.884	Name
passage	3.884	Noun
sub	3.884	Noun
terminal	3.884	Noun
content	3.883	Noun
pickup	3.883	Noun
pilots	3.883	Noun
unto	3.883	Preposition
zip	3.883	Verb
belief	3.882	Noun
exhibit	3.882	Noun
hush	3.882	Interjection
legally	3.882	Adverb
recipe	3.882	Noun
spite	3.882	Preposition
spoon	3.882	Noun
chains	3.881	Noun
december	3.881	Name
pointed	3.881	Verb
stove	3.881	Noun
declare	3.88	Verb
embrace	3.88	Verb
karate	3.88	Noun
lizzie	3.88	Name
masters	3.88	Noun
nations	3.88	Noun
seed	3.88	Noun
wired	3.88	Verb
bass	3.878	Noun
bold	3.878	Adjective
genetic	3.878	Adjective
muscles	3.878	Noun
peanuts	3.878	Noun
peculiar	3.878	Adjective
prep	3.878	Noun
react	3.878	Verb
robinson	3.878	Name
rogers	3.878	Name
trophy	3.878	Noun
knights	3.877	Noun
offended	3.877	Verb
savings	3.877	Noun
throws	3.877	Verb
winds	3.877	Noun
hunch	3.876	Noun
jenna	3.876	Name
offers	3.876	Noun
backed	3.875	Verb
bombing	3.875	Noun
chili	3.875	Noun
easter	3.875	Noun
ego	3.875	Noun
flames	3.875	Noun
grams	3.875	Noun
included	3.875	Verb
ink	3.875	Noun
jolly	3.875	Adverb
nearest	3.875	Adjective
nicer	3.875	Adjective
protocol	3.875	Noun
rum	3.875	Noun
skies	3.875	Noun
ton	3.875	Noun
umbrella	3.875	Noun
carriage	3.874	Noun
dammit	3.874	Interjection
executed	3.874	Verb
float	3.874	Verb
juan	3.874	Name
mobile	3.874	Adjective
sings	3.874	Verb
stitch	3.874	Verb
tortured	3.874	Verb
chess	3.873	Noun
expense	3.873	Noun
favors	3.873	Noun
potion	3.873	Noun
aisle	3.872	Noun
bathing	3.872	Adjective
benefits	3.872	Noun
billie	3.872	Name
concrete	3.872	Adjective
consent	3.872	Noun
dealt	3.872	Verb
gesture	3.872	Noun
guessed	3.872	Verb
haunted	3.872	Verb
occur	3.872	Verb
racket	3.872	Noun
ranger	3.872	Noun
receipt	3.872	Noun
shepherd	3.872	Noun
alison	3.87	Name
anchor	3.87	Noun
income	3.87	Noun
injuries	3.87	Noun
julian	3.87	Name
pipes	3.87	Noun
ruining	3.87	Verb
scotland	3.87	Name
colored	3.869	Adjective
cousins	3.869	Noun
cursed	3.869	Verb
heel	3.869	Noun
logical	3.869	Adjective
weekends	3.869	Noun
guidance	3.868	Noun
heights	3.868	Noun
monk	3.868	Noun
prices	3.868	Noun
sucking	3.868	Verb
wang	3.868	Name
wealthy	3.868	Adjective
bothers	3.867	Verb
brutal	3.867	Adjective
efforts	3.867	Noun
fist	3.867	Noun
freshman	3.867	Noun
hamilton	3.867	Name
olive	3.867	Adjective
pirate	3.867	Noun
regard	3.867	Noun
sharks	3.867	Noun
tide	3.867	Noun
tops	3.867	Noun
victoria	3.867	Name
achieve	3.866	Verb
boobs	3.866	Noun
ideal	3.866	Adjective
lobster	3.866	Noun
owed	3.866	Verb
precinct	3.866	Noun
puzzle	3.866	Noun
refer	3.866	Verb
resident	3.866	Noun
spinning	3.866	Verb
agenda	3.865	Noun
balcony	3.865	Noun
casual	3.865	Adjective
melt	3.865	Verb
misses	3.865	Verb
alfred	3.864	Name
armor	3.864	Noun
bizarre	3.864	Adjective
canceled	3.864	Verb
claimed	3.864	Verb
clears	3.864	Verb
panel	3.864	Noun
sissy	3.864	Noun
spencer	3.864	Name
begged	3.862	Verb
distress	3.862	Noun
donny	3.862	Name
draft	3.862	Noun
follows	3.862	Verb
illness	3.862	Noun
jammed	3.862	Verb
joyce	3.862	Name
samson	3.862	Name
sandra	3.862	Name
shitty	3.862	Adjective
boxing	3.861	Noun
elected	3.861	Verb
factor	3.861	Noun
jewels	3.861	Noun
organ	3.861	Noun
salute	3.861	Verb
scheme	3.861	Noun
springs	3.861	Noun
sylvia	3.861	Name
tick	3.861	Noun
whipped	3.861	Verb
abortion	3.86	Noun
backyard	3.86	Noun
dorm	3.86	Noun
jewel	3.86	Noun
liable	3.86	Adjective
ordering	3.86	Verb
bent	3.859	Verb
bully	3.859	Noun
drowning	3.859	Verb
harriet	3.859	Name
honesty	3.859	Noun
mutual	3.859	Adjective
platoon	3.859	Noun
rally	3.859	Noun
annual	3.858	Adjective
drums	3.858	Noun
inviting	3.858	Verb
limits	3.858	Noun
nailed	3.858	Verb
notify	3.858	Verb
posted	3.858	Verb
trips	3.858	Noun
wooden	3.858	Adjective
bounty	3.857	Noun
chad	3.857	Name
glen	3.857	Name
moe	3.857	Name
quicker	3.857	Adverb
rely	3.857	Verb
reserve	3.857	Noun
rides	3.857	Verb
tucker	3.857	Name
ants	3.855	Noun
cheek	3.855	Noun
craig	3.855	Name
douglas	3.855	Name
folk	3.855	Noun
gracious	3.855	Adjective
noises	3.855	Noun
savage	3.855	Adjective
amongst	3.854	Preposition
disorder	3.854	Noun
fuss	3.854	Noun
jaw	3.854	Noun
moses	3.854	Name
calendar	3.853	Noun
carnival	3.853	Noun
jelly	3.853	Noun
lester	3.853	Name
mack	3.853	Name
sells	3.853	Verb
weigh	3.853	Verb
chi	3.852	Name
dearest	3.852	Adjective
fatal	3.852	Adjective
fighters	3.852	Noun
harsh	3.852	Adjective
medium	3.852	Noun
northern	3.852	Adjective
ariel	3.851	Name
bam	3.851	Verb
compound	3.851	Noun
haul	3.851	Verb
jin	3.851	Name
meters	3.851	Noun
ridge	3.851	Noun
strain	3.851	Noun
aha	3.849	Interjection
apollo	3.849	Name
buys	3.849	Verb
cooler	3.849	Noun
erin	3.849	Name
european	3.849	Adjective
expose	3.849	Verb
gag	3.849	Noun
herd	3.849	Noun
lifted	3.849	Verb
memorial	3.849	Noun
sector	3.849	Noun
soviet	3.849	Adjective
caring	3.848	Verb
elder	3.848	Noun
feds	3.848	Noun
nowadays	3.848	Adverb
pursuit	3.848	Noun
tales	3.848	Noun
cord	3.847	Noun
guardian	3.847	Noun
length	3.847	Noun
mule	3.847	Noun
narrow	3.847	Adjective
paulie	3.847	Name
smashed	3.847	Verb
sting	3.847	Noun
strict	3.847	Adjective
closes	3.846	Verb
fax	3.846	Noun
lonesome	3.846	Adjective
plead	3.846	Verb
resting	3.846	Verb
smoked	3.846	Verb
cries	3.845	Verb
grunts	3.845	Noun
lands	3.845	Noun
relaxed	3.845	Adjective
shoots	3.845	Verb
simpson	3.845	Name
tobacco	3.845	Noun
intimate	3.843	Adjective
nun	3.843	Noun
shelf	3.843	Noun
stepping	3.843	Verb
subjects	3.843	Noun
wires	3.843	Noun
baldrick	3.842	Name
blaming	3.842	Verb
grease	3.842	Noun
hobby	3.842	Noun
semester	3.842	Noun
stud	3.842	Noun
subtle	3.842	Adjective
tis	3.842	Noun
tolerate	3.842	Verb
vanessa	3.842	Name
volume	3.842	Noun
voted	3.842	Verb
cleaner	3.841	Noun
eleanor	3.841	Name
eugene	3.841	Name
geek	3.841	Noun
knives	3.841	Noun
toby	3.841	Name
crab	3.84	Noun
elements	3.84	Noun
fountain	3.84	Noun
kang	3.84	Name
myth	3.84	Noun
nevada	3.84	Name
opposed	3.84	Verb
pervert	3.84	Noun
resort	3.84	Noun
servants	3.84	Noun
speaker	3.84	Noun
yah	3.84	Interjection
bolt	3.838	Noun
domestic	3.838	Adjective
gravity	3.838	Noun
label	3.838	Noun
pledge	3.838	Noun
razor	3.838	Noun
teenager	3.838	Noun
yea	3.838	Interjection
chow	3.837	Noun
clamp	3.837	Verb
cunt	3.837	Noun
dispatch	3.837	Verb
eager	3.837	Adjective
echo	3.837	Noun
eighth	3.837	Number
faggot	3.837	Noun
messy	3.837	Adjective
nazi	3.837	Adjective
slick	3.837	Noun
sorrow	3.837	Noun
teenage	3.837	Adjective
visited	3.837	Verb
bean	3.836	Noun
mug	3.836	Noun
otto	3.836	Name
plea	3.836	Noun
rio	3.836	Name
shorty	3.836	Noun
shovel	3.836	Noun
avoiding	3.835	Verb
hardware	3.835	Noun
kerry	3.835	Name
races	3.835	Noun
swan	3.835	Name
han	3.833	Name
jackass	3.833	Noun
nicholas	3.833	Name
pose	3.833	Verb
sensible	3.833	Adjective
blocked	3.832	Verb
experts	3.832	Noun
nickname	3.832	Noun
touches	3.832	Verb
troubled	3.832	Adjective
yay	3.832	Unclassified
affected	3.831	Verb
african	3.831	Adjective
anxiety	3.831	Noun
bart	3.831	Name
dudes	3.831	Noun
loop	3.831	Noun
wakes	3.831	Verb
horace	3.83	Name
lottery	3.83	Noun
med	3.83	Adjective
monroe	3.83	Name
painter	3.83	Noun
psych	3.83	Noun
samuel	3.83	Name
theft	3.83	Noun
trey	3.83	Name
driveway	3.828	Noun
items	3.828	Noun
proposed	3.828	Verb
traveled	3.828	Verb
woo	3.828	Verb
feast	3.827	Noun
hardest	3.827	Adjective
hearst	3.827	Name
logic	3.827	Noun
online	3.827	Adverb
peyton	3.827	Name
pirates	3.827	Noun
preacher	3.827	Noun
rabbi	3.827	Noun
rarely	3.827	Adverb
sponge	3.827	Noun
strongly	3.827	Adverb
baked	3.826	Adjective
covenant	3.826	Noun
holland	3.826	Name
january	3.826	Name
locks	3.826	Noun
lodge	3.826	Noun
miriam	3.826	Name
pedro	3.826	Name
scissors	3.826	Noun
bonds	3.825	Noun
cigars	3.825	Noun
circuit	3.825	Noun
drivers	3.825	Noun
finals	3.825	Noun
homer	3.825	Name
leap	3.825	Noun
respects	3.825	Noun
targets	3.825	Noun
baxter	3.823	Name
brakes	3.823	Noun
dee	3.823	Unclassified
dreamt	3.823	Verb
galaxy	3.823	Noun
ming	3.823	Name
proven	3.823	Verb
threats	3.823	Noun
urge	3.823	Noun
wishing	3.823	Verb
disagree	3.822	Verb
disk	3.822	Noun
dot	3.822	Noun
element	3.822	Noun
endless	3.822	Adjective
feather	3.822	Noun
gail	3.822	Name
greedy	3.822	Adjective
gypsy	3.822	Noun
andre	3.821	Name
bicycle	3.821	Noun
funds	3.821	Noun
jeans	3.821	Noun
mattress	3.821	Noun
melody	3.821	Noun
memo	3.821	Noun
polly	3.821	Name
rejected	3.821	Verb
tubes	3.821	Noun
virgil	3.821	Name
withdraw	3.821	Verb
catches	3.819	Verb
copper	3.819	Noun
dexter	3.819	Name
notion	3.819	Noun
offices	3.819	Noun
warriors	3.819	Noun
coal	3.818	Noun
dragging	3.818	Verb
mice	3.818	Noun
amateur	3.817	Adjective
atlanta	3.817	Name
gown	3.817	Noun
internet	3.817	Noun
marching	3.817	Verb
miracles	3.817	Noun
needn	3.817	Verb
ninth	3.817	Number
pier	3.817	Noun
salmon	3.817	Noun
sawyer	3.817	Name
siren	3.817	Noun
skinner	3.817	Name
umm	3.817	Interjection
carries	3.816	Verb
charts	3.816	Noun
declared	3.816	Verb
fourteen	3.816	Number
gasoline	3.816	Noun
hike	3.816	Noun
beep	3.814	Noun
doubts	3.814	Noun
maris	3.814	Unclassified
risks	3.814	Noun
urine	3.814	Noun
vain	3.814	Adverb
venice	3.814	Name
airline	3.813	Noun
approved	3.813	Verb
clearing	3.813	Verb
forgiven	3.813	Verb
kidnap	3.813	Verb
morphine	3.813	Noun
rehab	3.813	Noun
riot	3.813	Noun
robbing	3.813	Verb
senate	3.813	Noun
sloan	3.813	Name
stark	3.813	Name
stewart	3.813	Name
vows	3.813	Noun
choke	3.812	Verb
involve	3.812	Verb
lined	3.812	Verb
methods	3.812	Noun
wardrobe	3.812	Noun
beeping	3.81	Verb
growth	3.81	Noun
mansion	3.81	Noun
mustard	3.81	Noun
naive	3.81	Adjective
phoned	3.81	Verb
tiffany	3.81	Name
butch	3.809	Name
fart	3.809	Noun
happiest	3.809	Adjective
rabbits	3.809	Noun
ram	3.809	Noun
stew	3.809	Noun
click	3.808	Verb
creeps	3.808	Noun
drift	3.808	Noun
extend	3.808	Verb
ginger	3.808	Adjective
pursue	3.808	Verb
quest	3.808	Noun
stern	3.808	Noun
tearing	3.808	Verb
angelus	3.806	Name
bullock	3.806	Name
canal	3.806	Noun
carrier	3.806	Noun
cups	3.806	Noun
customs	3.806	Noun
hangs	3.806	Verb
healing	3.806	Noun
luckily	3.806	Adverb
persuade	3.806	Verb
tech	3.806	Noun
torpedo	3.806	Noun
hay	3.805	Noun
hereby	3.805	Adverb
initial	3.805	Adjective
purchase	3.805	Noun
roots	3.805	Noun
tribe	3.805	Noun
backing	3.804	Verb
bein	3.804	Noun
cereal	3.804	Noun
chap	3.804	Noun
convict	3.804	Verb
frighten	3.804	Verb
intact	3.804	Adjective
peach	3.804	Noun
rodney	3.804	Name
shares	3.804	Noun
spilled	3.804	Verb
surf	3.804	Noun
wealth	3.804	Noun
bake	3.802	Verb
breed	3.802	Noun
counted	3.802	Verb
lighting	3.802	Noun
lions	3.802	Noun
nursing	3.802	Noun
pond	3.802	Noun
winners	3.802	Noun
absence	3.801	Noun
colorado	3.801	Name
hairy	3.801	Adjective
shipment	3.801	Noun
shipping	3.801	Noun
stripes	3.801	Noun
tasty	3.801	Adjective
webster	3.801	Name
crashing	3.8	Verb
curtains	3.8	Noun
deceased	3.8	Adjective
diving	3.8	Verb
global	3.8	Adjective
prophecy	3.8	Noun
ramon	3.8	Name
swiss	3.8	Adjective
worms	3.8	Noun
bronx	3.798	Name
bunk	3.798	Noun
charging	3.798	Verb
chester	3.798	Name
clues	3.798	Noun
elegant	3.798	Adjective
faced	3.798	Verb
lease	3.798	Noun
liking	3.798	Verb
spark	3.798	Noun
syndrome	3.798	Noun
velvet	3.798	Noun
whew	3.798	Verb
antonio	3.797	Name
bourbon	3.797	Noun
brace	3.797	Verb
ignorant	3.797	Adjective
puke	3.797	Verb
scenario	3.797	Noun
serves	3.797	Verb
timer	3.797	Noun
baggage	3.796	Noun
coverage	3.796	Noun
define	3.796	Verb
figuring	3.796	Verb
overtime	3.796	Noun
retarded	3.796	Adjective
screech	3.796	Noun
scrub	3.796	Verb
sperm	3.796	Noun
straw	3.796	Noun
willow	3.796	Noun
ashore	3.794	Adverb
bluff	3.794	Noun
brat	3.794	Noun
breach	3.794	Noun
cavalry	3.794	Noun
clowns	3.794	Noun
erase	3.794	Verb
explore	3.794	Verb
meter	3.794	Noun
napoleon	3.794	Name
treats	3.794	Verb
assured	3.793	Verb
bedtime	3.793	Noun
carolina	3.793	Name
crib	3.793	Noun
custom	3.793	Noun
horns	3.793	Noun
hugh	3.793	Name
mines	3.793	Noun
overcome	3.793	Verb
pine	3.793	Noun
smiles	3.793	Noun
stain	3.793	Noun
camping	3.792	Noun
dental	3.792	Adjective
drunken	3.792	Adjective
est	3.792	Adjective
hottest	3.792	Adjective
incoming	3.792	Adjective
lasted	3.792	Verb
shocking	3.792	Adjective
applied	3.79	Verb
countess	3.79	Noun
definite	3.79	Adjective
engage	3.79	Verb
fare	3.79	Noun
pudding	3.79	Noun
starve	3.79	Verb
booty	3.789	Noun
carson	3.789	Name
earrings	3.789	Noun
elbow	3.789	Noun
essay	3.789	Noun
platform	3.789	Noun
scam	3.789	Noun
swinging	3.789	Verb
yelled	3.789	Verb
den	3.787	Noun
habits	3.787	Noun
heavily	3.787	Adverb
ironic	3.787	Adjective
pinch	3.787	Noun
products	3.787	Noun
stadium	3.787	Noun
yen	3.787	Noun
bathtub	3.786	Noun
charmed	3.786	Adjective
cloth	3.786	Noun
debts	3.786	Noun
lawsuit	3.786	Noun
madeline	3.786	Name
stack	3.786	Noun
vast	3.786	Adjective
zeus	3.786	Name
bumped	3.785	Verb
chorus	3.785	Noun
contain	3.785	Verb
creation	3.785	Noun
eighteen	3.785	Number
fiction	3.785	Noun
isolated	3.785	Verb
ketchup	3.785	Noun
pounding	3.785	Noun
antique	3.783	Adjective
bats	3.783	Noun
comb	3.783	Verb
hips	3.783	Noun
noodles	3.783	Noun
sunrise	3.783	Noun
yankees	3.783	Noun
articles	3.782	Noun
bribe	3.782	Verb
cured	3.782	Verb
dash	3.782	Noun
directed	3.782	Verb
gibson	3.782	Name
musician	3.782	Noun
ahold	3.78	Noun
ding	3.78	Unclassified
herman	3.78	Name
luxury	3.78	Noun
rushing	3.78	Verb
waits	3.78	Verb
dickie	3.779	Name
dolly	3.779	Name
elk	3.779	Verb
exotic	3.779	Adjective
furious	3.779	Adjective
garlic	3.779	Noun
insulted	3.779	Verb
niggers	3.779	Noun
printed	3.779	Verb
vehicles	3.779	Noun
voyage	3.779	Noun
brake	3.778	Noun
bubbles	3.778	Noun
juliet	3.778	Name
poster	3.778	Noun
sincere	3.778	Adjective
steer	3.778	Verb
trading	3.778	Noun
buchanan	3.776	Name
costumes	3.776	Noun
drake	3.776	Noun
graves	3.776	Noun
sark	3.776	Name
scent	3.776	Noun
shade	3.776	Noun
stereo	3.776	Noun
behold	3.775	Verb
boil	3.775	Verb
cracking	3.775	Verb
heller	3.775	Name
montana	3.775	Name
parlor	3.775	Noun
peak	3.775	Noun
ropes	3.775	Noun
shook	3.775	Verb
slipping	3.775	Verb
writers	3.775	Noun
assassin	3.773	Noun
banner	3.773	Noun
colony	3.773	Noun
dances	3.773	Noun
pouring	3.773	Verb
slack	3.773	Noun
stamp	3.773	Noun
wit	3.773	Noun
wolves	3.773	Noun
fayed	3.772	Adjective
holler	3.772	Verb
ignored	3.772	Verb
lighten	3.772	Verb
mortgage	3.772	Noun
nude	3.772	Adjective
organs	3.772	Noun
pigeon	3.772	Noun
plaza	3.772	Noun
randall	3.772	Name
regrets	3.772	Noun
reliable	3.772	Adjective
rib	3.772	Noun
shallow	3.772	Adjective
skate	3.772	Verb
stir	3.772	Verb
tomato	3.772	Noun
vivian	3.772	Name
coats	3.77	Noun
courts	3.77	Noun
cycle	3.77	Noun
glue	3.77	Noun
hunger	3.77	Noun
mayday	3.77	Noun
modest	3.77	Adjective
newport	3.77	Name
pals	3.77	Noun
shorter	3.77	Adjective
sloppy	3.77	Adjective
archie	3.769	Name
deadline	3.769	Noun
despair	3.769	Noun
sofa	3.769	Noun
tequila	3.769	Noun
wander	3.769	Verb
beau	3.768	Unclassified
divide	3.768	Verb
fastest	3.768	Adjective
feature	3.768	Noun
michigan	3.768	Name
pentagon	3.768	Name
poke	3.768	Verb
revealed	3.768	Verb
shaving	3.768	Verb
spends	3.768	Verb
fuzzy	3.766	Adjective
muffin	3.766	Noun
niggas	3.766	Noun
pajamas	3.766	Noun
pressed	3.766	Verb
sour	3.766	Adjective
whales	3.766	Noun
whores	3.766	Noun
wonders	3.766	Noun
bon	3.765	Interjection
chambers	3.765	Noun
economy	3.765	Noun
martial	3.765	Adjective
queer	3.765	Adjective
slam	3.765	Verb
troop	3.765	Noun
vet	3.765	Noun
argh	3.763	Verb
busting	3.763	Verb
gilbert	3.763	Name
obliged	3.763	Verb
senor	3.763	Noun
spells	3.763	Noun
streak	3.763	Noun
sweetest	3.763	Adjective
tow	3.763	Noun
alma	3.762	Name
cheque	3.762	Noun
classy	3.762	Adjective
cracker	3.762	Noun
curly	3.762	Name
disco	3.762	Noun
tab	3.762	Noun
trusting	3.762	Verb
tsk	3.762	Name
vacuum	3.762	Noun
variety	3.762	Noun
blocking	3.76	Verb
dam	3.76	Noun
facial	3.76	Adjective
glow	3.76	Noun
hooray	3.76	Interjection
jealousy	3.76	Noun
occupied	3.76	Verb
orphan	3.76	Noun
resent	3.76	Verb
roller	3.76	Noun
scored	3.76	Verb
spine	3.76	Noun
suing	3.76	Verb
tasted	3.76	Verb
wheat	3.76	Noun
beware	3.759	Verb
butts	3.759	Noun
cadillac	3.759	Noun
hayes	3.759	Name
janitor	3.759	Noun
naval	3.759	Adjective
owners	3.759	Noun
sticky	3.759	Adjective
brett	3.757	Name
brewster	3.757	Name
cakes	3.757	Noun
cuff	3.757	Noun
deline	3.757	Name
era	3.757	Noun
exposure	3.757	Noun
feathers	3.757	Noun
flood	3.757	Noun
gabriel	3.757	Name
handful	3.757	Noun
hugo	3.757	Name
medic	3.757	Noun
nicest	3.757	Adjective
towns	3.757	Noun
accuse	3.756	Verb
attaboy	3.756	Noun
attract	3.756	Verb
clip	3.756	Noun
crooked	3.756	Adjective
database	3.756	Noun
mentally	3.756	Adverb
pets	3.756	Noun
resume	3.756	Verb
simmons	3.756	Name
tails	3.756	Noun
tease	3.756	Verb
toad	3.756	Noun
crackers	3.754	Noun
craft	3.754	Noun
crook	3.754	Noun
dolls	3.754	Noun
feared	3.754	Verb
hyde	3.754	Name
intel	3.754	Noun
lethal	3.754	Adjective
lucille	3.754	Name
masks	3.754	Noun
merlin	3.754	Name
onions	3.754	Noun
pressing	3.754	Verb
scoop	3.754	Noun
sophia	3.754	Name
cozy	3.753	Adjective
delight	3.753	Noun
kirby	3.753	Name
orbit	3.753	Noun
seeking	3.753	Verb
shack	3.753	Noun
travels	3.753	Verb
adjust	3.751	Verb
blamed	3.751	Verb
essence	3.751	Noun
farther	3.751	Adverb
preserve	3.751	Verb
riley	3.751	Name
suction	3.751	Noun
tomb	3.751	Noun
doom	3.75	Noun
evacuate	3.75	Verb
fade	3.75	Verb
intent	3.75	Noun
oak	3.75	Noun
owl	3.75	Noun
promoted	3.75	Verb
quarrel	3.75	Noun
relevant	3.75	Adjective
republic	3.75	Noun
satisfy	3.75	Verb
scope	3.75	Noun
sleeve	3.75	Noun
consult	3.748	Verb
felony	3.748	Noun
fitting	3.748	Verb
knots	3.748	Noun
poop	3.748	Noun
projects	3.748	Noun
quantum	3.748	Noun
rubbish	3.748	Noun
speeches	3.748	Noun
audio	3.747	Noun
corridor	3.747	Noun
defeated	3.747	Verb
dove	3.747	Noun
framed	3.747	Verb
listed	3.747	Verb
lust	3.747	Noun
programs	3.747	Noun
relieve	3.747	Verb
shells	3.747	Noun
stanford	3.747	Name
taller	3.747	Adjective
trainer	3.747	Noun
vest	3.747	Noun
collapse	3.745	Verb
dusty	3.745	Adjective
execute	3.745	Verb
foreman	3.745	Noun
gorilla	3.745	Noun
issued	3.745	Verb
madonna	3.745	Name
mia	3.745	Name
phyllis	3.745	Name
rodeo	3.745	Noun
stressed	3.745	Verb
vanished	3.745	Verb
vera	3.745	Name
blair	3.744	Name
burglar	3.744	Noun
cola	3.744	Noun
educated	3.744	Adjective
freeway	3.744	Noun
ghetto	3.744	Noun
grid	3.744	Noun
heavenly	3.744	Adjective
loosen	3.744	Verb
maiden	3.744	Noun
maine	3.744	Name
moose	3.744	Noun
pinky	3.744	Name
profits	3.744	Noun
punched	3.744	Verb
shuttle	3.744	Noun
submit	3.744	Verb
veins	3.744	Noun
bloom	3.742	Verb
chewing	3.742	Verb
col	3.742	Noun
hah	3.742	Interjection
lemonade	3.742	Noun
oui	3.742	Unclassified
prey	3.742	Noun
ruled	3.742	Verb
sane	3.742	Adjective
scumbag	3.742	Noun
sol	3.742	Name
tactical	3.742	Adjective
bark	3.741	Noun
bites	3.741	Noun
channels	3.741	Noun
dozens	3.741	Noun
february	3.741	Name
grocery	3.741	Noun
mildred	3.741	Name
monte	3.741	Name
possess	3.741	Verb
sew	3.741	Verb
slot	3.741	Noun
unlock	3.741	Verb
warp	3.741	Noun
weep	3.741	Verb
whispers	3.741	Verb
allows	3.739	Verb
barber	3.739	Noun
dismiss	3.739	Verb
hesitate	3.739	Verb
hiring	3.739	Verb
listens	3.739	Verb
puppet	3.739	Noun
runway	3.739	Noun
scouts	3.739	Noun
sidewalk	3.739	Noun
spying	3.739	Verb
squirrel	3.739	Noun
waltz	3.739	Noun
archer	3.737	Name
bananas	3.737	Noun
jasmine	3.737	Noun
joshua	3.737	Name
nazis	3.737	Noun
puppies	3.737	Noun
reader	3.737	Noun
ambush	3.736	Noun
anyplace	3.736	Adverb
chops	3.736	Noun
hee	3.736	Unclassified
mint	3.736	Noun
portrait	3.736	Noun
rang	3.736	Verb
roland	3.736	Name
sixty	3.736	Number
asian	3.734	Adjective
choosing	3.734	Verb
deserted	3.734	Verb
elders	3.734	Noun
forcing	3.734	Verb
gregory	3.734	Name
hatred	3.734	Noun
leopard	3.734	Noun
rescued	3.734	Verb
theories	3.734	Noun
tougher	3.734	Adjective
tourists	3.734	Noun
vow	3.734	Noun
clumsy	3.733	Adjective
corners	3.733	Noun
digital	3.733	Adjective
examined	3.733	Verb
fag	3.733	Noun
failing	3.733	Verb
hanna	3.733	Name
pause	3.733	Noun
popping	3.733	Verb
towers	3.733	Noun
ammo	3.731	Noun
bands	3.731	Noun
bin	3.731	Noun
campbell	3.731	Name
delayed	3.731	Verb
dwight	3.731	Name
employer	3.731	Noun
equally	3.731	Adverb
florence	3.731	Name
hideous	3.731	Adjective
mock	3.731	Verb
negro	3.731	Noun
tango	3.731	Noun
thankful	3.731	Adjective
addict	3.73	Noun
ambition	3.73	Noun
ant	3.73	Noun
donkey	3.73	Noun
erica	3.73	Name
ethics	3.73	Noun
ferry	3.73	Noun
finance	3.73	Noun
helm	3.73	Name
mouths	3.73	Noun
offence	3.73	Noun
peel	3.73	Verb
rebel	3.73	Noun
requests	3.73	Noun
sponsor	3.73	Noun
bees	3.728	Noun
blouse	3.728	Noun
crank	3.728	Verb
dancers	3.728	Noun
gangster	3.728	Noun
holt	3.728	Name
kneel	3.728	Verb
landlord	3.728	Noun
peek	3.728	Noun
prophet	3.728	Noun
stray	3.728	Adjective
vomit	3.728	Verb
warner	3.728	Name
wrecked	3.728	Verb
artery	3.726	Noun
choir	3.726	Noun
corrupt	3.726	Adjective
flirting	3.726	Verb
rivers	3.726	Noun
topic	3.726	Noun
asia	3.725	Name
cottage	3.725	Noun
dealers	3.725	Noun
diapers	3.725	Noun
dose	3.725	Noun
egypt	3.725	Name
iris	3.725	Name
nova	3.725	Name
spice	3.725	Noun
atlantis	3.723	Name
bruises	3.723	Noun
einstein	3.723	Name
gravy	3.723	Noun
humour	3.723	Noun
impulse	3.723	Noun
includes	3.723	Verb
madman	3.723	Noun
pains	3.723	Noun
pearls	3.723	Noun
sherlock	3.723	Name
stalking	3.723	Verb
brazil	3.722	Name
denial	3.722	Noun
greet	3.722	Verb
kung	3.722	Noun
lone	3.722	Adjective
measures	3.722	Noun
produced	3.722	Verb
rushed	3.722	Verb
sole	3.722	Adjective
thirteen	3.722	Number
trance	3.722	Noun
advised	3.72	Verb
carbon	3.72	Noun
chaplin	3.72	Name
colt	3.72	Name
designer	3.72	Noun
devils	3.72	Noun
gutter	3.72	Noun
interior	3.72	Noun
marker	3.72	Noun
olivia	3.72	Name
que	3.72	Unclassified
reaches	3.72	Verb
realised	3.72	Verb
shoo	3.72	Interjection
stamps	3.72	Noun
stripper	3.72	Noun
text	3.72	Noun
tribute	3.72	Noun
arrogant	3.718	Adjective
cuffs	3.718	Noun
globe	3.718	Noun
goofy	3.718	Adjective
gunfire	3.718	Noun
heir	3.718	Noun
kentucky	3.718	Name
marble	3.718	Noun
offend	3.718	Verb
rains	3.718	Verb
vibe	3.718	Noun
waving	3.718	Verb
boogie	3.717	Noun
dont	3.717	Noun
hairs	3.717	Noun
junkie	3.717	Noun
leaf	3.717	Noun
precise	3.717	Adjective
repay	3.717	Verb
teaches	3.717	Verb
abraham	3.715	Name
ana	3.715	Name
bulls	3.715	Noun
buyer	3.715	Noun
fracture	3.715	Noun
fugitive	3.715	Noun
gained	3.715	Verb
shifts	3.715	Noun
slower	3.715	Adverb
untie	3.715	Verb
banquet	3.713	Noun
buddha	3.713	Name
cassie	3.713	Name
caution	3.713	Noun
condom	3.713	Noun
dante	3.713	Name
fay	3.713	Name
freezer	3.713	Noun
golly	3.713	Interjection
hunk	3.713	Noun
hup	3.713	Verb
mode	3.713	Noun
needles	3.713	Noun
override	3.713	Noun
rep	3.713	Noun
saves	3.713	Verb
slippers	3.713	Noun
strap	3.713	Noun
thread	3.713	Noun
trousers	3.713	Noun
tumor	3.713	Noun
valet	3.713	Noun
virtue	3.713	Noun
dom	3.712	Name
fanny	3.712	Name
fragile	3.712	Adjective
goals	3.712	Noun
hanged	3.712	Verb
marc	3.712	Name
panicked	3.712	Verb
purposes	3.712	Noun
saloon	3.712	Noun
secured	3.712	Verb
sensors	3.712	Noun
shields	3.712	Noun
smokes	3.712	Verb
sobbing	3.712	Verb
tammy	3.712	Name
waist	3.712	Noun
amazed	3.71	Adjective
detect	3.71	Verb
drip	3.71	Noun
fails	3.71	Verb
francs	3.71	Noun
hog	3.71	Noun
juvenile	3.71	Adjective
majority	3.71	Noun
peacock	3.71	Name
rifles	3.71	Noun
skeleton	3.71	Noun
allies	3.708	Noun
assets	3.708	Noun
battles	3.708	Noun
blankets	3.708	Noun
choking	3.708	Verb
contains	3.708	Verb
fatty	3.708	Noun
immortal	3.708	Adjective
motto	3.708	Noun
publish	3.708	Verb
secretly	3.708	Adverb
sip	3.708	Noun
syrup	3.708	Noun
thorn	3.708	Name
unstable	3.708	Adjective
altar	3.707	Noun
amigo	3.707	Unclassified
funky	3.707	Adjective
grunting	3.707	Noun
hilary	3.707	Name
jade	3.707	Noun
lyrics	3.707	Noun
premises	3.707	Noun
treason	3.707	Noun
ads	3.705	Noun
blink	3.705	Verb
cafe	3.705	Noun
dried	3.705	Verb
jingle	3.705	Noun
mechanic	3.705	Noun
purely	3.705	Adverb
raines	3.705	Name
regards	3.705	Verb
reno	3.705	Name
reserved	3.705	Verb
ribbon	3.705	Noun
rosa	3.705	Name
skipped	3.705	Verb
unlikely	3.705	Adjective
vagina	3.705	Noun
bluffing	3.703	Verb
buckle	3.703	Verb
flick	3.703	Noun
gladly	3.703	Adverb
hotels	3.703	Noun
hound	3.703	Noun
lynch	3.703	Name
maxwell	3.703	Name
noisy	3.703	Adjective
payroll	3.703	Noun
resign	3.703	Verb
stash	3.703	Noun
tara	3.703	Name
traces	3.703	Noun
utter	3.703	Adjective
camel	3.702	Noun
cocoa	3.702	Noun
condoms	3.702	Noun
contempt	3.702	Noun
justify	3.702	Verb
legacy	3.702	Noun
mainly	3.702	Adverb
opinions	3.702	Noun
rational	3.702	Adjective
region	3.702	Noun
sparks	3.702	Noun
spelling	3.702	Noun
suggests	3.702	Verb
abducted	3.7	Verb
burgers	3.7	Noun
climbed	3.7	Verb
flavor	3.7	Noun
freaky	3.7	Adjective
involves	3.7	Verb
nemo	3.7	Noun
stitches	3.7	Noun
youngest	3.7	Adjective
belts	3.698	Noun
canadian	3.698	Adjective
conquer	3.698	Verb
herb	3.698	Noun
lulu	3.698	Name
pissing	3.698	Verb
plasma	3.698	Noun
speeding	3.698	Verb
static	3.698	Adjective
stoned	3.698	Verb
torch	3.698	Noun
birdie	3.697	Noun
columbus	3.697	Name
crappy	3.697	Adjective
desires	3.697	Noun
economic	3.697	Adjective
ensure	3.697	Verb
flipped	3.697	Verb
jumps	3.697	Verb
par	3.697	Noun
patterns	3.697	Noun
psst	3.697	Name
restore	3.697	Verb
runner	3.697	Noun
slapped	3.697	Verb
slug	3.697	Noun
smelling	3.697	Verb
visible	3.697	Adjective
accusing	3.695	Verb
chronic	3.695	Adjective
cordy	3.695	Name
hath	3.695	Verb
lasts	3.695	Verb
memphis	3.695	Name
mustache	3.695	Noun
quiz	3.695	Noun
recorder	3.695	Noun
rookie	3.695	Noun
rosemary	3.695	Name
seoul	3.695	Name
shakes	3.695	Verb
shanghai	3.695	Name
sinking	3.695	Verb
sketch	3.695	Noun
update	3.695	Noun
yang	3.695	Name
apache	3.693	Adjective
artistic	3.693	Adjective
careless	3.693	Adjective
cheaper	3.693	Adjective
coughing	3.693	Verb
cracks	3.693	Noun
dagger	3.693	Noun
ethel	3.693	Name
finn	3.693	Noun
humming	3.693	Verb
licence	3.693	Noun
lid	3.693	Noun
maker	3.693	Noun
maps	3.693	Noun
reckless	3.693	Adjective
skating	3.693	Verb
smiled	3.693	Verb
snapped	3.693	Verb
suckers	3.693	Noun
tricked	3.693	Verb
walsh	3.693	Name
abroad	3.692	Adverb
allowing	3.692	Verb
biology	3.692	Noun
biting	3.692	Verb
blunt	3.692	Adjective
bridges	3.692	Noun
childish	3.692	Adjective
disposal	3.692	Noun
gale	3.692	Name
rebels	3.692	Noun
toxic	3.692	Adjective
tracked	3.692	Verb
utah	3.692	Name
weasel	3.692	Noun
atomic	3.69	Adjective
axe	3.69	Noun
bushes	3.69	Noun
cetera	3.69	Adverb
ciao	3.69	Interjection
columbia	3.69	Name
dearly	3.69	Adverb
distract	3.69	Verb
edition	3.69	Noun
heap	3.69	Noun
knox	3.69	Name
numb	3.69	Adjective
selected	3.69	Verb
stakes	3.69	Noun
utterly	3.69	Adverb
venus	3.69	Name
wolfram	3.69	Name
brent	3.688	Name
carlo	3.688	Name
crop	3.688	Noun
faculty	3.688	Noun
fuse	3.688	Noun
loading	3.688	Verb
merci	3.688	Noun
reduced	3.688	Verb
sued	3.688	Verb
verify	3.688	Verb
arc	3.686	Name
awards	3.686	Noun
decade	3.686	Noun
hence	3.686	Adverb
hunters	3.686	Noun
jockey	3.686	Noun
judith	3.686	Name
lizard	3.686	Noun
partial	3.686	Adjective
pension	3.686	Noun
plumbing	3.686	Noun
priests	3.686	Noun
regiment	3.686	Noun
resolve	3.686	Verb
restless	3.686	Adjective
screamed	3.686	Verb
suitable	3.686	Adjective
valve	3.686	Noun
vienna	3.686	Name
beaver	3.685	Noun
deepest	3.685	Adjective
hum	3.685	Interjection
racist	3.685	Adjective
refuses	3.685	Verb
rental	3.685	Noun
seize	3.685	Verb
uptown	3.685	Adverb
assembly	3.683	Noun
digger	3.683	Name
dink	3.683	Name
fabric	3.683	Noun
frost	3.683	Name
greed	3.683	Noun
mild	3.683	Adjective
moaning	3.683	Verb
noted	3.683	Verb
reply	3.683	Noun
tickle	3.683	Verb
affects	3.681	Verb
alter	3.681	Verb
cheyenne	3.681	Name
comrades	3.681	Noun
features	3.681	Noun
fierce	3.681	Adjective
grim	3.681	Adjective
homeland	3.681	Noun
pageant	3.681	Noun
pussycat	3.681	Noun
rag	3.681	Noun
rangers	3.681	Noun
sadness	3.681	Noun
showers	3.681	Noun
tipped	3.681	Verb
whining	3.681	Verb
banker	3.679	Noun
broom	3.679	Noun
confuse	3.679	Verb
dim	3.679	Verb
discount	3.679	Noun
estimate	3.679	Noun
grain	3.679	Noun
longest	3.679	Adjective
mates	3.679	Noun
noses	3.679	Noun
poems	3.679	Noun
pooh	3.679	Name
swept	3.679	Verb
vanquish	3.679	Verb
voodoo	3.679	Noun
burial	3.677	Noun
chiefs	3.677	Noun
collier	3.677	Name
meds	3.677	Noun
moms	3.677	Noun
relate	3.677	Verb
specimen	3.677	Noun
violin	3.677	Noun
clap	3.676	Verb
formed	3.676	Verb
fuller	3.676	Name
gulf	3.676	Noun
invest	3.676	Verb
kitten	3.676	Noun
nash	3.676	Name
onboard	3.676	Noun
rubbing	3.676	Verb
sirens	3.676	Noun
softly	3.676	Adverb
spooky	3.676	Adjective
tactics	3.676	Noun
venture	3.676	Noun
voting	3.676	Noun
yearbook	3.676	Noun
amelia	3.674	Name
expects	3.674	Verb
marina	3.674	Name
opponent	3.674	Noun
pumping	3.674	Verb
raft	3.674	Noun
sadly	3.674	Adverb
sewer	3.674	Noun
sought	3.674	Verb
souvenir	3.674	Noun
thorough	3.674	Adjective
yank	3.674	Verb
adoption	3.672	Noun
balloons	3.672	Noun
batman	3.672	Name
bunker	3.672	Noun
cutter	3.672	Noun
deborah	3.672	Name
losses	3.672	Noun
prettier	3.672	Adjective
robber	3.672	Noun
scarf	3.672	Noun
spa	3.672	Noun
treaty	3.672	Noun
academic	3.67	Adjective
activate	3.67	Verb
adopt	3.67	Verb
bloke	3.67	Noun
chatter	3.67	Noun
comments	3.67	Noun
dinners	3.67	Noun
edwards	3.67	Name
ernest	3.67	Name
frances	3.67	Name
handing	3.67	Verb
hotter	3.67	Adjective
lens	3.67	Noun
lilly	3.67	Name
limb	3.67	Noun
mafia	3.67	Noun
maya	3.67	Name
prayed	3.67	Verb
realm	3.67	Noun
sights	3.67	Noun
tad	3.67	Noun
thumbs	3.67	Noun
traps	3.67	Noun
verse	3.67	Noun
blackie	3.668	Name
flock	3.668	Noun
fritz	3.668	Name
gideon	3.668	Noun
peas	3.668	Noun
sunk	3.668	Verb
tourist	3.668	Noun
triumph	3.668	Noun
urban	3.668	Adjective
weekly	3.668	Adjective
decency	3.667	Noun
flank	3.667	Noun
hamlet	3.667	Name
lin	3.667	Name
quack	3.667	Interjection
snuck	3.667	Verb
solar	3.667	Adjective
starved	3.667	Verb
sunlight	3.667	Noun
abort	3.665	Verb
athlete	3.665	Noun
commence	3.665	Verb
curve	3.665	Noun
grenade	3.665	Noun
initials	3.665	Noun
invent	3.665	Verb
lightly	3.665	Adverb
midget	3.665	Noun
mirrors	3.665	Noun
notebook	3.665	Noun
pickle	3.665	Noun
sessions	3.665	Noun
tutor	3.665	Noun
unload	3.665	Verb
acres	3.663	Noun
asylum	3.663	Noun
bidding	3.663	Noun
bonjour	3.663	Verb
bugging	3.663	Verb
cement	3.663	Noun
coconut	3.663	Noun
crucial	3.663	Adjective
curfew	3.663	Noun
dudley	3.663	Name
equals	3.663	Verb
flights	3.663	Noun
gambler	3.663	Noun
heroic	3.663	Adjective
pike	3.663	Noun
salon	3.663	Noun
schmuck	3.663	Noun
alabama	3.661	Name
bing	3.661	Name
briefing	3.661	Noun
feminine	3.661	Adjective
flee	3.661	Verb
fucks	3.661	Verb
garrison	3.661	Noun
grasp	3.661	Noun
irony	3.661	Noun
joker	3.661	Noun
overseas	3.661	Adverb
rail	3.661	Noun
sheer	3.661	Adjective
sneakers	3.661	Noun
spies	3.661	Noun
talents	3.661	Noun
violated	3.661	Verb
visits	3.661	Noun
britain	3.659	Name
bulldog	3.659	Noun
chopped	3.659	Verb
dragons	3.659	Noun
drawings	3.659	Noun
filing	3.659	Verb
flown	3.659	Verb
hating	3.659	Verb
intern	3.659	Noun
nipples	3.659	Noun
spear	3.659	Noun
whites	3.659	Noun
abused	3.657	Verb
addicted	3.657	Verb
cowboys	3.657	Noun
dryer	3.657	Noun
filth	3.657	Noun
jasper	3.657	Name
lining	3.657	Noun
metro	3.657	Name
packs	3.657	Noun
pinned	3.657	Verb
rach	3.657	Name
riddle	3.657	Noun
robbers	3.657	Noun
vague	3.657	Adjective
boost	3.655	Noun
despise	3.655	Verb
expelled	3.655	Verb
faking	3.655	Verb
farmers	3.655	Noun
freud	3.655	Name
growling	3.655	Verb
improved	3.655	Verb
islands	3.655	Noun
judas	3.655	Name
matching	3.655	Adjective
porno	3.655	Noun
protein	3.655	Noun
rehearse	3.655	Verb
robots	3.655	Noun
surfing	3.655	Verb
blasted	3.654	Adjective
gifted	3.654	Adjective
harlem	3.654	Name
panama	3.654	Name
pins	3.654	Noun
plumber	3.654	Noun
proving	3.654	Verb
shops	3.654	Noun
trek	3.654	Name
acquired	3.652	Verb
altered	3.652	Verb
balboa	3.652	Name
barton	3.652	Name
dared	3.652	Verb
duchess	3.652	Noun
gracias	3.652	Unclassified
horizon	3.652	Noun
keen	3.652	Adjective
loaf	3.652	Noun
marathon	3.652	Noun
seeds	3.652	Noun
smartest	3.652	Adjective
steele	3.652	Name
suzanne	3.652	Name
tapped	3.652	Verb
weddings	3.652	Noun
whoops	3.652	Interjection
yummy	3.652	Adjective
cherish	3.65	Verb
cleaners	3.65	Noun
crow	3.65	Noun
cult	3.65	Noun
divided	3.65	Verb
fleming	3.65	Name
grill	3.65	Noun
guinea	3.65	Noun
hicks	3.65	Name
jose	3.65	Name
josie	3.65	Name
lookout	3.65	Noun
mills	3.65	Name
origin	3.65	Noun
puff	3.65	Noun
shaved	3.65	Verb
spiders	3.65	Noun
survey	3.65	Noun
warmth	3.65	Noun
werewolf	3.65	Noun
yoga	3.65	Noun
barracks	3.648	Noun
buffet	3.648	Noun
chang	3.648	Name
claws	3.648	Noun
grudge	3.648	Noun
les	3.648	Name
payments	3.648	Noun
peep	3.648	Noun
sweaty	3.648	Adjective
swine	3.648	Noun
trooper	3.648	Noun
vile	3.648	Adjective
advisor	3.646	Noun
allah	3.646	Name
blackout	3.646	Noun
cheeks	3.646	Noun
doggy	3.646	Noun
endure	3.646	Verb
greece	3.646	Name
hump	3.646	Noun
jets	3.646	Noun
lowest	3.646	Adjective
marge	3.646	Name
missouri	3.646	Name
oklahoma	3.646	Name
piggy	3.646	Noun
probe	3.646	Noun
promote	3.646	Verb
referred	3.646	Verb
rhyme	3.646	Noun
ruins	3.646	Noun
slippery	3.646	Adjective
vent	3.646	Noun
dandy	3.644	Noun
fled	3.644	Verb
handles	3.644	Verb
mash	3.644	Noun
parallel	3.644	Adjective
radius	3.644	Noun
remark	3.644	Noun
scars	3.644	Noun
squadron	3.644	Noun
striking	3.644	Verb
villa	3.644	Noun
alaska	3.642	Name
bosses	3.642	Noun
cain	3.642	Name
claw	3.642	Noun
dames	3.642	Noun
giants	3.642	Noun
jerks	3.642	Noun
orderly	3.642	Adjective
rapid	3.642	Adjective
remained	3.642	Verb
rocking	3.642	Verb
sailors	3.642	Noun
scrap	3.642	Noun
seas	3.642	Noun
squash	3.642	Noun
steals	3.642	Verb
strangle	3.642	Verb
ticking	3.642	Verb
undo	3.642	Verb
vermont	3.642	Name
boards	3.64	Noun
bugger	3.64	Noun
caller	3.64	Noun
fainted	3.64	Verb
flint	3.64	Name
manning	3.64	Name
portal	3.64	Noun
poured	3.64	Verb
slater	3.64	Name
sniper	3.64	Noun
sushi	3.64	Noun
traded	3.64	Verb
wrists	3.64	Noun
antidote	3.638	Noun
buzzing	3.638	Verb
comics	3.638	Noun
doe	3.638	Name
gangs	3.638	Noun
immune	3.638	Adjective
lifting	3.638	Verb
pawn	3.638	Noun
portion	3.638	Noun
posse	3.638	Noun
poverty	3.638	Noun
rays	3.638	Noun
survivor	3.638	Noun
tripped	3.638	Verb
tunnels	3.638	Noun
wah	3.638	Unclassified
attempts	3.636	Noun
ballroom	3.636	Noun
chilly	3.636	Adjective
doo	3.636	Unclassified
gasping	3.636	Verb
hastings	3.636	Name
hawkins	3.636	Name
healed	3.636	Verb
nixon	3.636	Name
oral	3.636	Adjective
organic	3.636	Adjective
organize	3.636	Verb
sanders	3.636	Name
shutting	3.636	Verb
swords	3.636	Noun
tomatoes	3.636	Noun
traced	3.636	Verb
truce	3.636	Noun
videos	3.636	Noun
website	3.636	Noun
achieved	3.634	Verb
agrees	3.634	Verb
alec	3.634	Name
ankles	3.634	Noun
barbie	3.634	Name
coins	3.634	Noun
contents	3.634	Noun
dine	3.634	Verb
gunther	3.634	Name
juicy	3.634	Adjective
leash	3.634	Noun
linked	3.634	Verb
min	3.634	Noun
mold	3.634	Noun
notified	3.634	Verb
pastor	3.634	Noun
planets	3.634	Noun
reduce	3.634	Verb
tackle	3.634	Verb
blend	3.632	Verb
confront	3.632	Verb
diaper	3.632	Noun
drawers	3.632	Noun
gap	3.632	Noun
iced	3.632	Adjective
kin	3.632	Noun
melon	3.632	Noun
nuns	3.632	Noun
paycheck	3.632	Noun
radical	3.632	Adjective
richmond	3.632	Name
salads	3.632	Noun
spinal	3.632	Adjective
taped	3.632	Verb
triangle	3.632	Noun
trim	3.632	Verb
turf	3.632	Noun
bouncing	3.63	Verb
cheng	3.63	Name
equipped	3.63	Verb
flowing	3.63	Verb
greatly	3.63	Adverb
leaning	3.63	Verb
lure	3.63	Verb
olympics	3.63	Noun
pablo	3.63	Name
seminar	3.63	Noun
tigers	3.63	Noun
betrayal	3.628	Noun
canvas	3.628	Noun
dang	3.628	Name
forged	3.628	Verb
froze	3.628	Verb
immunity	3.628	Noun
natives	3.628	Noun
onion	3.628	Noun
outfits	3.628	Noun
pasta	3.628	Noun
playboy	3.628	Noun
reject	3.628	Verb
sneaky	3.628	Adjective
visa	3.628	Noun
whistles	3.628	Verb
yells	3.628	Verb
airborne	3.626	Adjective
apparent	3.626	Adjective
boiling	3.626	Verb
chanting	3.626	Verb
coco	3.626	Name
condo	3.626	Noun
cuban	3.626	Adjective
doughnut	3.626	Noun
flare	3.626	Noun
freely	3.626	Adverb
hacked	3.626	Verb
herbert	3.626	Name
hull	3.626	Noun
hurley	3.626	Noun
infant	3.626	Noun
kidneys	3.626	Noun
magnetic	3.626	Adjective
neutral	3.626	Adjective
padre	3.626	Noun
petition	3.626	Noun
ronald	3.626	Name
shampoo	3.626	Noun
skates	3.626	Noun
splash	3.626	Noun
teasing	3.626	Verb
bomber	3.624	Noun
canned	3.624	Adjective
chores	3.624	Noun
coca	3.624	Name
coolest	3.624	Adjective
daring	3.624	Adjective
gardener	3.624	Noun
morons	3.624	Noun
ops	3.624	Noun
restored	3.624	Verb
rube	3.624	Name
shipped	3.624	Verb
shouts	3.624	Verb
bates	3.622	Name
chimney	3.622	Noun
chubby	3.622	Adjective
dork	3.622	Noun
extended	3.622	Adjective
itch	3.622	Noun
orgasm	3.622	Noun
profound	3.622	Adjective
reflect	3.622	Verb
ripe	3.622	Adjective
tailor	3.622	Noun
batch	3.62	Noun
bummer	3.62	Noun
casting	3.62	Verb
claiming	3.62	Verb
groove	3.62	Noun
gunshots	3.62	Noun
hooks	3.62	Noun
ignition	3.62	Noun
locking	3.62	Verb
mailbox	3.62	Noun
martinez	3.62	Name
pairs	3.62	Noun
rye	3.62	Noun
saigon	3.62	Name
skiing	3.62	Noun
tenth	3.62	Number
villain	3.62	Noun
weary	3.62	Adjective
bandits	3.618	Noun
bender	3.618	Name
castro	3.618	Name
chunk	3.618	Noun
combined	3.618	Verb
devotion	3.618	Noun
honors	3.618	Noun
mop	3.618	Noun
oregon	3.618	Name
postcard	3.618	Noun
puerto	3.618	Name
punks	3.618	Noun
ruthless	3.618	Adjective
smelly	3.618	Adjective
sonar	3.618	Noun
stroll	3.618	Noun
cha	3.616	Noun
cocky	3.616	Adjective
crippled	3.616	Verb
morale	3.616	Noun
pry	3.616	Verb
relation	3.616	Noun
retrieve	3.616	Verb
salvage	3.616	Verb
scrape	3.616	Verb
seasons	3.616	Noun
settling	3.616	Verb
trumpet	3.616	Noun
unlucky	3.616	Adjective
vanity	3.616	Noun
apes	3.614	Noun
beaches	3.614	Noun
chump	3.614	Noun
clan	3.614	Noun
comedian	3.614	Noun
crate	3.614	Noun
curb	3.614	Noun
delilah	3.614	Name
destined	3.614	Verb
dixie	3.614	Name
elderly	3.614	Adjective
employed	3.614	Verb
ferris	3.614	Name
gerald	3.614	Name
giggling	3.614	Verb
givin	3.614	Noun
qualify	3.614	Verb
rates	3.614	Noun
ruling	3.614	Noun
stunning	3.614	Adjective
teen	3.614	Noun
void	3.614	Noun
alias	3.612	Noun
angus	3.612	Name
bubba	3.612	Name
cardinal	3.612	Noun
dialogue	3.612	Noun
donor	3.612	Noun
hitch	3.612	Noun
hulk	3.612	Noun
ignoring	3.612	Verb
keeper	3.612	Noun
labs	3.612	Noun
medals	3.612	Noun
peaches	3.612	Noun
phantom	3.612	Noun
rom	3.612	Verb
stocks	3.612	Noun
tighter	3.612	Adjective
category	3.61	Noun
compass	3.61	Noun
cora	3.61	Name
cunning	3.61	Adjective
discreet	3.61	Adjective
extent	3.61	Noun
housing	3.61	Noun
insecure	3.61	Adjective
lively	3.61	Adjective
nursery	3.61	Noun
panting	3.61	Verb
punching	3.61	Verb
rev	3.61	Noun
rockets	3.61	Noun
runaway	3.61	Adjective
slavery	3.61	Noun
steering	3.61	Noun
whacked	3.61	Verb
wright	3.61	Name
yum	3.61	Interjection
denying	3.608	Verb
fink	3.608	Noun
gardens	3.608	Noun
gareth	3.608	Name
gen	3.608	Noun
generals	3.608	Noun
geneva	3.608	Name
judged	3.608	Verb
jupiter	3.608	Name
manly	3.608	Adjective
norma	3.608	Name
ounce	3.608	Noun
richest	3.608	Adjective
risking	3.608	Verb
toughest	3.608	Adjective
tuition	3.608	Noun
uptight	3.608	Adjective
views	3.608	Noun
yield	3.608	Verb
adding	3.606	Verb
domino	3.606	Noun
finch	3.606	Name
knocks	3.606	Noun
mar	3.606	Verb
matched	3.606	Verb
milton	3.606	Name
peasant	3.606	Noun
rises	3.606	Verb
roar	3.606	Noun
token	3.606	Noun
trout	3.606	Noun
whisky	3.606	Noun
dicks	3.604	Noun
dunno	3.604	#N/A
easiest	3.604	Adjective
errand	3.604	Noun
goddam	3.604	Adjective
grape	3.604	Noun
halls	3.604	Noun
jinx	3.604	Noun
olympic	3.604	Adjective
portable	3.604	Adjective
prank	3.604	Noun
pyramid	3.604	Noun
ratings	3.604	Noun
reactor	3.604	Noun
reef	3.604	Noun
ripping	3.604	Verb
shelley	3.604	Name
signor	3.604	Noun
steaks	3.604	Noun
thats	3.604	Verb
alleged	3.601	Adjective
batter	3.601	Noun
billions	3.601	Noun
damages	3.601	Noun
dinosaur	3.601	Noun
donate	3.601	Verb
duh	3.601	Noun
dumping	3.601	Verb
dumpster	3.601	Noun
egyptian	3.601	Adjective
hoo	3.601	Interjection
liberal	3.601	Adjective
nod	3.601	Verb
predict	3.601	Verb
quincy	3.601	Name
stumbled	3.601	Verb
tempted	3.601	Verb
truman	3.601	Name
usa	3.601	Name
vanilla	3.601	Noun
warming	3.601	Verb
aces	3.599	Noun
ale	3.599	Noun
apiece	3.599	Adverb
bladder	3.599	Noun
cardiac	3.599	Adjective
caves	3.599	Noun
corny	3.599	Adjective
crawled	3.599	Verb
cultural	3.599	Adjective
des	3.599	Name
dolphins	3.599	Noun
excused	3.599	Verb
fowler	3.599	Name
grabbing	3.599	Verb
invested	3.599	Verb
massacre	3.599	Noun
merger	3.599	Noun
mutt	3.599	Noun
nana	3.599	Noun
pancake	3.599	Noun
poppy	3.599	Name
spitting	3.599	Verb
wager	3.599	Verb
wrench	3.599	Noun
adds	3.597	Verb
bled	3.597	Verb
buses	3.597	Noun
buzzer	3.597	Noun
decades	3.597	Noun
fiance	3.597	Noun
grapes	3.597	Noun
melted	3.597	Verb
newest	3.597	Adjective
outcome	3.597	Noun
rascal	3.597	Noun
retard	3.597	Noun
semen	3.597	Noun
shortcut	3.597	Noun
bricks	3.595	Noun
bulb	3.595	Noun
clam	3.595	Noun
detailed	3.595	Adjective
dislike	3.595	Verb
erotic	3.595	Adjective
flatter	3.595	Verb
flirt	3.595	Verb
forensic	3.595	Adjective
litter	3.595	Noun
naomi	3.595	Name
remarks	3.595	Noun
royalty	3.595	Noun
server	3.595	Noun
swedish	3.595	Adjective
ark	3.593	Noun
awaits	3.593	Verb
beliefs	3.593	Noun
bundle	3.593	Noun
eden	3.593	Name
erased	3.593	Verb
fuckers	3.593	Noun
fulfill	3.593	Verb
greasy	3.593	Adjective
hangover	3.593	Noun
hometown	3.593	Noun
hookers	3.593	Noun
marian	3.593	Name
packages	3.593	Noun
pea	3.593	Noun
picasso	3.593	Name
postpone	3.593	Verb
ranks	3.593	Noun
savages	3.593	Noun
snatch	3.593	Verb
turkish	3.593	Adjective
whiz	3.593	Verb
wrath	3.593	Noun
altitude	3.591	Noun
attended	3.591	Verb
barge	3.591	Verb
behaving	3.591	Verb
carrots	3.591	Noun
cinema	3.591	Noun
exploded	3.591	Verb
filming	3.591	Verb
hunted	3.591	Verb
idiotic	3.591	Adjective
inspire	3.591	Verb
ira	3.591	Name
khan	3.591	Noun
lang	3.591	Name
lists	3.591	Noun
metaphor	3.591	Noun
observed	3.591	Verb
reg	3.591	Name
richer	3.591	Adjective
rudder	3.591	Noun
sewing	3.591	Noun
slips	3.591	Verb
stains	3.591	Noun
toaster	3.591	Noun
wages	3.591	Noun
aspect	3.588	Noun
asthma	3.588	Noun
athletic	3.588	Adjective
beacon	3.588	Noun
bombed	3.588	Verb
carved	3.588	Verb
chooses	3.588	Verb
dye	3.588	Noun
forgets	3.588	Verb
grove	3.588	Noun
hazard	3.588	Noun
inmates	3.588	Noun
missus	3.588	Noun
pumps	3.588	Noun
rooster	3.588	Noun
sabotage	3.588	Verb
santos	3.588	Name
scrooge	3.588	Name
summon	3.588	Verb
swift	3.588	Adjective
thrust	3.588	Verb
trials	3.588	Noun
unarmed	3.588	Adjective
whoop	3.588	Interjection
boxer	3.586	Noun
creates	3.586	Verb
diseases	3.586	Noun
fei	3.586	Name
fez	3.586	Name
freight	3.586	Noun
getaway	3.586	Noun
ministry	3.586	Noun
noticing	3.586	Verb
pitiful	3.586	Adjective
swat	3.586	Noun
thighs	3.586	Noun
vase	3.586	Noun
alas	3.584	Interjection
beck	3.584	Name
bryan	3.584	Name
carrot	3.584	Noun
caviar	3.584	Noun
courses	3.584	Noun
dolores	3.584	Name
draws	3.584	Verb
errands	3.584	Noun
fury	3.584	Noun
hare	3.584	Noun
harvest	3.584	Noun
johnnie	3.584	Name
joints	3.584	Noun
licked	3.584	Verb
mercury	3.584	Name
neal	3.584	Name
payback	3.584	Noun
risked	3.584	Verb
surgeons	3.584	Noun
tonic	3.584	Noun
tunes	3.584	Noun
wheeler	3.584	Name
cripple	3.582	Noun
crusade	3.582	Noun
enters	3.582	Verb
italian	3.582	Adjective
lionel	3.582	Name
mating	3.582	Adjective
matrix	3.582	Noun
rainy	3.582	Adjective
rigged	3.582	Verb
simpler	3.582	Adjective
sirs	3.582	Noun
slit	3.582	Verb
stalling	3.582	Verb
thanked	3.582	Verb
treasury	3.582	Noun
tripping	3.582	Verb
unlocked	3.582	Verb
yuck	3.582	Interjection
aiming	3.58	Verb
asset	3.58	Noun
autumn	3.58	Noun
berkeley	3.58	Name
buns	3.58	Noun
cam	3.58	Name
daytime	3.58	Noun
elf	3.58	Noun
feeds	3.58	Verb
gaining	3.58	Verb
groovy	3.58	Adjective
orphans	3.58	Noun
oysters	3.58	Noun
rival	3.58	Noun
scenery	3.58	Noun
schultz	3.58	Name
shoved	3.58	Verb
sounding	3.58	Verb
awaiting	3.577	Verb
camps	3.577	Noun
carolyn	3.577	Name
cartoon	3.577	Noun
clicks	3.577	Noun
cooks	3.577	Verb
corpses	3.577	Noun
critic	3.577	Noun
dalton	3.577	Name
launched	3.577	Verb
mcdonald	3.577	Name
pact	3.577	Noun
pitching	3.577	Verb
reminder	3.577	Noun
shan	3.577	Name
sully	3.577	Verb
agony	3.575	Noun
airlines	3.575	Noun
arse	3.575	Noun
bandit	3.575	Noun
biscuit	3.575	Noun
catcher	3.575	Noun
commands	3.575	Verb
hides	3.575	Verb
jap	3.575	Noun
lambert	3.575	Name
langley	3.575	Name
macho	3.575	Adjective
newton	3.575	Name
non	3.575	Unclassified
paddle	3.575	Noun
poking	3.575	Verb
serum	3.575	Noun
sliding	3.575	Verb
thigh	3.575	Noun
veteran	3.575	Noun
beasts	3.573	Noun
bumpy	3.573	Adjective
bums	3.573	Noun
cheerful	3.573	Adjective
critics	3.573	Noun
donovan	3.573	Name
eagles	3.573	Noun
fasten	3.573	Verb
freed	3.573	Verb
gigantic	3.573	Adjective
grabs	3.573	Verb
grind	3.573	Verb
lent	3.573	Verb
menace	3.573	Noun
obtain	3.573	Verb
parks	3.573	Noun
pub	3.573	Noun
rogue	3.573	Noun
seizure	3.573	Noun
showtime	3.573	Noun
swimmer	3.573	Noun
thirst	3.573	Noun
tractor	3.573	Noun
ahoy	3.571	Noun
amnesia	3.571	Noun
blinded	3.571	Verb
brunch	3.571	Noun
crosses	3.571	Verb
edith	3.571	Name
guarding	3.571	Verb
havana	3.571	Name
homo	3.571	Noun
hostess	3.571	Noun
info	3.571	Noun
jackpot	3.571	Noun
jamaica	3.571	Name
lace	3.571	Noun
layer	3.571	Noun
mink	3.571	Noun
morality	3.571	Noun
palms	3.571	Noun
practise	3.571	Verb
premiere	3.571	Noun
rapidly	3.571	Adverb
sayid	3.571	Noun
stalker	3.571	Noun
stunned	3.571	Verb
tidy	3.571	Adjective
trusts	3.571	Verb
ust	3.571	Verb
arch	3.568	Noun
bikini	3.568	Noun
bitten	3.568	Verb
devices	3.568	Noun
docks	3.568	Noun
groaning	3.568	Verb
hardy	3.568	Name
hormones	3.568	Noun
knot	3.568	Noun
laurel	3.568	Name
manifest	3.568	Verb
mashed	3.568	Adjective
observer	3.568	Noun
patsy	3.568	Noun
pickles	3.568	Noun
pilgrim	3.568	Noun
prop	3.568	Noun
recruit	3.568	Verb
scalp	3.568	Noun
tanner	3.568	Name
tattoos	3.568	Noun
tyr	3.568	Name
admired	3.566	Verb
cynical	3.566	Adjective
drugged	3.566	Verb
drummer	3.566	Noun
emmy	3.566	Name
esther	3.566	Name
gallons	3.566	Noun
limp	3.566	Noun
lucia	3.566	Name
overhead	3.566	Adverb
backpack	3.564	Noun
betcha	3.564	Noun
breeding	3.564	Noun
currency	3.564	Noun
exits	3.564	Noun
heave	3.564	Verb
intruder	3.564	Noun
loft	3.564	Noun
patricia	3.564	Name
redhead	3.564	Noun
rufus	3.564	Name
sailed	3.564	Verb
scholar	3.564	Noun
arena	3.561	Noun
broker	3.561	Noun
cheung	3.561	Name
coyote	3.561	Noun
dix	3.561	Number
dory	3.561	Name
fiddle	3.561	Noun
fluffy	3.561	Adjective
fudge	3.561	Noun
garfield	3.561	Name
gestapo	3.561	Name
historic	3.561	Adjective
insists	3.561	Verb
locals	3.561	Noun
logs	3.561	Noun
modeling	3.561	Noun
stuffy	3.561	Adjective
swap	3.561	Verb
warlock	3.561	Noun
wretched	3.561	Adjective
allan	3.559	Name
applying	3.559	Verb
blossom	3.559	Noun
broads	3.559	Noun
casanova	3.559	Name
chute	3.559	Noun
consul	3.559	Noun
cosmic	3.559	Adjective
dakota	3.559	Name
eddy	3.559	Name
gator	3.559	Noun
hutch	3.559	Name
killings	3.559	Noun
leaking	3.559	Verb
liars	3.559	Noun
milord	3.559	Noun
mini	3.559	Adjective
napkin	3.559	Noun
pupils	3.559	Noun
reform	3.559	Noun
relaxing	3.559	Adjective
shines	3.559	Verb
stated	3.559	Verb
vitals	3.559	Noun
warmer	3.559	Adjective
zombie	3.559	Noun
aged	3.557	Verb
bottoms	3.557	Noun
bowel	3.557	Noun
bulletin	3.557	Noun
chalk	3.557	Noun
howling	3.557	Verb
lasagna	3.557	Noun
loads	3.557	Noun
mutant	3.557	Noun
numerous	3.557	Adjective
referee	3.557	Noun
sites	3.557	Noun
stripped	3.557	Verb
tex	3.557	Name
vein	3.557	Noun
vernon	3.557	Name
wen	3.557	Name
bases	3.554	Noun
bowman	3.554	Name
burglary	3.554	Noun
bypass	3.554	Noun
canoe	3.554	Noun
cinch	3.554	Noun
decoy	3.554	Noun
doubled	3.554	Verb
dresser	3.554	Noun
finishes	3.554	Verb
haunt	3.554	Verb
legends	3.554	Noun
likewise	3.554	Adverb
nat	3.554	Name
nutty	3.554	Adjective
pegged	3.554	Verb
printing	3.554	Noun
romano	3.554	Name
slob	3.554	Noun
starters	3.554	Noun
stinky	3.554	Adjective
toledo	3.554	Name
tuned	3.554	Verb
amounts	3.552	Noun
await	3.552	Verb
bumper	3.552	Noun
convoy	3.552	Noun
ensign	3.552	Name
goody	3.552	Adjective
inherit	3.552	Verb
loot	3.552	Noun
lump	3.552	Noun
mist	3.552	Noun
paths	3.552	Noun
portland	3.552	Name
pots	3.552	Noun
saints	3.552	Noun
shaped	3.552	Verb
shitting	3.552	Verb
sniff	3.552	Verb
symphony	3.552	Noun
tags	3.552	Noun
throats	3.552	Noun
veal	3.552	Noun
vitamins	3.552	Noun
whereas	3.552	Conjunction
zoom	3.552	Verb
aft	3.55	Adverb
beads	3.55	Noun
brownie	3.55	Noun
climate	3.55	Noun
dent	3.55	Noun
fling	3.55	Noun
glowing	3.55	Verb
hash	3.55	Noun
isabel	3.55	Name
julio	3.55	Name
meteor	3.55	Noun
peck	3.55	Name
select	3.55	Verb
swings	3.55	Noun
via	3.55	Preposition
wink	3.55	Noun
bakery	3.547	Noun
brag	3.547	Verb
builds	3.547	Verb
celeste	3.547	Name
crowds	3.547	Noun
crunch	3.547	Noun
donation	3.547	Noun
foam	3.547	Noun
gamma	3.547	Noun
hasty	3.547	Adjective
helena	3.547	Name
hotshot	3.547	Noun
ledge	3.547	Noun
marsh	3.547	Name
mozart	3.547	Name
mystique	3.547	Noun
pigeons	3.547	Noun
revoir	3.547	Interjection
rochelle	3.547	Noun
scram	3.547	Verb
stool	3.547	Noun
yan	3.547	Name
armies	3.545	Noun
berry	3.545	Name
brunette	3.545	Noun
corky	3.545	Name
elves	3.545	Noun
equation	3.545	Noun
expand	3.545	Verb
genie	3.545	Noun
infinite	3.545	Adjective
inquiry	3.545	Noun
layout	3.545	Noun
mace	3.545	Name
mat	3.545	Noun
mentor	3.545	Noun
merciful	3.545	Adjective
mitzvah	3.545	Noun
muffins	3.545	Noun
pep	3.545	Noun
peters	3.545	Name
polo	3.545	Noun
por	3.545	Unclassified
prospect	3.545	Noun
recess	3.545	Noun
sap	3.545	Noun
screws	3.545	Verb
sox	3.545	Noun
spelled	3.545	Verb
sung	3.545	Verb
tally	3.545	Verb
thug	3.545	Noun
weighs	3.545	Verb
yonder	3.545	Adverb
analyst	3.542	Noun
babes	3.542	Noun
baking	3.542	Verb
bermuda	3.542	Name
bumps	3.542	Noun
cobb	3.542	Name
commerce	3.542	Noun
detected	3.542	Verb
disabled	3.542	Adjective
faked	3.542	Verb
laptop	3.542	Noun
miners	3.542	Noun
secrecy	3.542	Noun
suffers	3.542	Verb
tummy	3.542	Noun
womb	3.542	Noun
amateurs	3.54	Noun
bucky	3.54	Name
cadet	3.54	Noun
dong	3.54	Unclassified
karma	3.54	Noun
knuckles	3.54	Noun
lava	3.54	Noun
mixing	3.54	Verb
obscene	3.54	Adjective
omaha	3.54	Name
pies	3.54	Noun
receipts	3.54	Noun
repairs	3.54	Noun
seduce	3.54	Verb
soak	3.54	Verb
timothy	3.54	Name
tux	3.54	Noun
wandered	3.54	Verb
wrestle	3.54	Verb
annoyed	3.537	Adjective
beta	3.537	Noun
chevy	3.537	Noun
choked	3.537	Verb
flags	3.537	Noun
glance	3.537	Noun
indian	3.537	Adjective
jackets	3.537	Noun
jeopardy	3.537	Noun
keg	3.537	Noun
lam	3.537	Name
licking	3.537	Verb
lords	3.537	Noun
midst	3.537	Noun
mourning	3.537	Noun
mustang	3.537	Noun
partly	3.537	Adverb
pharmacy	3.537	Noun
proudly	3.537	Adverb
resolved	3.537	Verb
saline	3.537	Adjective
taiwan	3.537	Name
titties	3.537	Noun
triad	3.537	Noun
arab	3.535	Adjective
arabic	3.535	Noun
believer	3.535	Noun
bygones	3.535	Noun
chung	3.535	Name
deceive	3.535	Verb
dum	3.535	Unclassified
enlisted	3.535	Verb
epidemic	3.535	Noun
fin	3.535	Noun
kisser	3.535	Noun
manor	3.535	Noun
nam	3.535	Name
pending	3.535	Adjective
pennies	3.535	Noun
plum	3.535	Noun
poe	3.535	Name
sniffing	3.535	Verb
solitary	3.535	Adjective
sundown	3.535	Noun
thesis	3.535	Noun
arrows	3.532	Noun
barrier	3.532	Noun
buenos	3.532	Name
charms	3.532	Noun
females	3.532	Noun
flyer	3.532	Noun
hangar	3.532	Noun
holden	3.532	Name
jacks	3.532	Noun
lettuce	3.532	Noun
managing	3.532	Verb
merit	3.532	Noun
opener	3.532	Noun
pleases	3.532	Verb
roam	3.532	Verb
savior	3.532	Noun
sigh	3.532	Noun
snacks	3.532	Noun
spank	3.532	Verb
sparky	3.532	Name
terrace	3.532	Noun
thugs	3.532	Noun
abner	3.53	Name
beatrice	3.53	Name
doorstep	3.53	Noun
dripping	3.53	Verb
fortress	3.53	Noun
frogs	3.53	Noun
inc	3.53	Adjective
ivy	3.53	Name
muhammad	3.53	Name
nay	3.53	Interjection
rattle	3.53	Verb
rebuild	3.53	Verb
reindeer	3.53	Noun
rhodes	3.53	Name
abdomen	3.527	Noun
bind	3.527	Verb
cautious	3.527	Adjective
chained	3.527	Verb
chatting	3.527	Verb
cranky	3.527	Adjective
crummy	3.527	Adjective
cyrus	3.527	Name
employ	3.527	Verb
glimpse	3.527	Noun
goldie	3.527	Name
homey	3.527	Noun
jab	3.527	Verb
readers	3.527	Noun
shithead	3.527	Noun
tit	3.527	Noun
toll	3.527	Noun
blacks	3.525	Noun
branches	3.525	Noun
cobra	3.525	Noun
comeback	3.525	Noun
convent	3.525	Noun
giggles	3.525	Noun
initiate	3.525	Verb
karaoke	3.525	Noun
knockout	3.525	Noun
norm	3.525	Noun
notch	3.525	Noun
occurs	3.525	Verb
riches	3.525	Noun
righty	3.525	Adjective
rover	3.525	Name
summit	3.525	Noun
sweeping	3.525	Verb
toilets	3.525	Noun
volcano	3.525	Noun
ambrose	3.522	Name
boiled	3.522	Verb
doggie	3.522	Noun
eligible	3.522	Adjective
falcon	3.522	Noun
flea	3.522	Noun
inclined	3.522	Adjective
nineteen	3.522	Number
oatmeal	3.522	Noun
pow	3.522	Interjection
rosy	3.522	Name
shaken	3.522	Verb
shalt	3.522	Verb
smashing	3.522	Adjective
spared	3.522	Verb
spicy	3.522	Adjective
stored	3.522	Verb
bandages	3.52	Noun
coaching	3.52	Verb
courier	3.52	Noun
credits	3.52	Noun
demo	3.52	Noun
digest	3.52	Noun
download	3.52	Verb
eyebrows	3.52	Noun
lime	3.52	Noun
martinis	3.52	Noun
melting	3.52	Verb
mornings	3.52	Noun
nerd	3.52	Noun
ping	3.52	Noun
sync	3.52	Noun
toots	3.52	Noun
yin	3.52	Name
bash	3.517	Verb
biscuits	3.517	Noun
cashier	3.517	Noun
crews	3.517	Noun
cupcake	3.517	Noun
cutest	3.517	Adjective
deciding	3.517	Verb
fluids	3.517	Noun
frontier	3.517	Noun
gallant	3.517	Adjective
goodwill	3.517	Noun
guarded	3.517	Verb
immature	3.517	Adjective
intimacy	3.517	Noun
laps	3.517	Noun
luncheon	3.517	Noun
parrot	3.517	Noun
pint	3.517	Noun
probable	3.517	Adjective
refusing	3.517	Verb
scarlet	3.517	Adjective
seldom	3.517	Adverb
sleigh	3.517	Noun
talbot	3.517	Name
thai	3.517	Adjective
verge	3.517	Noun
vulgar	3.517	Adjective
armored	3.515	Adjective
ashtray	3.515	Noun
blades	3.515	Noun
choppers	3.515	Noun
cope	3.515	Verb
cove	3.515	Noun
cruelty	3.515	Noun
crust	3.515	Noun
detector	3.515	Noun
diabetes	3.515	Noun
dooley	3.515	Name
ezra	3.515	Name
forge	3.515	Verb
gals	3.515	Noun
hawaiian	3.515	Adjective
labour	3.515	Noun
lotion	3.515	Noun
macaroni	3.515	Noun
mayo	3.515	Name
operated	3.515	Verb
reagan	3.515	Name
reel	3.515	Noun
rotting	3.515	Verb
santiago	3.515	Name
skunk	3.515	Noun
slammed	3.515	Verb
smallest	3.515	Adjective
whitney	3.515	Name
analyze	3.512	Verb
bruise	3.512	Noun
cowards	3.512	Noun
elle	3.512	Unclassified
garth	3.512	Name
lordship	3.512	Noun
maple	3.512	Noun
motives	3.512	Noun
nip	3.512	Noun
nobel	3.512	Name
pitcher	3.512	Noun
posing	3.512	Verb
raging	3.512	Adjective
removing	3.512	Verb
rouge	3.512	Noun
skipping	3.512	Verb
slate	3.512	Noun
stuffing	3.512	Noun
swollen	3.512	Verb
typing	3.512	Noun
unpack	3.512	Verb
wagons	3.512	Noun
warhead	3.512	Noun
agencies	3.509	Noun
angles	3.509	Noun
barks	3.509	Verb
batting	3.509	Verb
bouquet	3.509	Noun
braces	3.509	Noun
cockpit	3.509	Noun
cultures	3.509	Noun
designs	3.509	Noun
doorway	3.509	Noun
funerals	3.509	Noun
greeting	3.509	Noun
isaac	3.509	Name
necks	3.509	Noun
nuisance	3.509	Noun
overall	3.509	Adjective
pup	3.509	Noun
ratio	3.509	Noun
remotely	3.509	Adverb
reset	3.509	Verb
sails	3.509	Noun
sassy	3.509	Adjective
strapped	3.509	Verb
sultan	3.509	Noun
tapping	3.509	Verb
valid	3.509	Adjective
wacky	3.509	Adjective
warrants	3.509	Noun
wedded	3.509	Adjective
anatomy	3.507	Noun
assemble	3.507	Verb
bobbie	3.507	Name
briefly	3.507	Adverb
brigade	3.507	Noun
buffy	3.507	Noun
colorful	3.507	Adjective
context	3.507	Noun
fern	3.507	Noun
flashing	3.507	Verb
hen	3.507	Noun
jimbo	3.507	Name
lever	3.507	Noun
myrtle	3.507	Name
province	3.507	Noun
sofia	3.507	Name
stallion	3.507	Noun
tropical	3.507	Adjective
vanish	3.507	Verb
witty	3.507	Adjective
abbey	3.504	Noun
benedict	3.504	Name
brute	3.504	Noun
casket	3.504	Noun
crabs	3.504	Noun
cruiser	3.504	Noun
damon	3.504	Name
doorman	3.504	Noun
drifting	3.504	Verb
ecstasy	3.504	Noun
escaping	3.504	Verb
filter	3.504	Noun
funding	3.504	Noun
hoover	3.504	Noun
kiki	3.504	Name
learnt	3.504	Verb
leery	3.504	Name
majors	3.504	Noun
maryland	3.504	Name
pursuing	3.504	Verb
rapist	3.504	Noun
ren	3.504	Name
renting	3.504	Verb
ruler	3.504	Noun
sardines	3.504	Noun
telly	3.504	Noun
transit	3.504	Noun
weeping	3.504	Verb
weirdo	3.504	Noun
ares	3.501	Name
baths	3.501	Noun
captains	3.501	Noun
carver	3.501	Name
cologne	3.501	Noun
colours	3.501	Noun
crisp	3.501	Adjective
dickhead	3.501	Noun
evolved	3.501	Verb
fatso	3.501	Noun
flour	3.501	Noun
funk	3.501	Noun
insect	3.501	Noun
irene	3.501	Name
mermaid	3.501	Noun
mining	3.501	Noun
pads	3.501	Noun
pillows	3.501	Noun
punches	3.501	Noun
quid	3.501	Noun
rags	3.501	Noun
raving	3.501	Verb
scalpel	3.501	Noun
snitch	3.501	Noun
swelling	3.501	Adjective
wool	3.501	Noun
ban	3.499	Noun
banged	3.499	Verb
bliss	3.499	Noun
bombers	3.499	Noun
dispose	3.499	Verb
dispute	3.499	Noun
duct	3.499	Noun
frat	3.499	Noun
gospel	3.499	Noun
heist	3.499	Noun
hera	3.499	Name
mem	3.499	Verb
novels	3.499	Noun
outrage	3.499	Noun
pits	3.499	Noun
pupil	3.499	Noun
roughly	3.499	Adverb
samurai	3.499	Noun
singers	3.499	Noun
squat	3.499	Noun
tar	3.499	Noun
touchy	3.499	Adjective
adios	3.496	Noun
backward	3.496	Adverb
bosom	3.496	Noun
coaster	3.496	Noun
convert	3.496	Verb
darcy	3.496	Name
debris	3.496	Noun
girlie	3.496	Noun
glamour	3.496	Noun
heil	3.496	Verb
holiness	3.496	Noun
paw	3.496	Noun
phoney	3.496	Adjective
pumped	3.496	Verb
racial	3.496	Adjective
raven	3.496	Noun
regional	3.496	Adjective
reign	3.496	Noun
slimy	3.496	Adjective
soaked	3.496	Adjective
sporting	3.496	Adjective
viva	3.496	Noun
wage	3.496	Noun
wimp	3.496	Noun
babbling	3.493	Verb
berries	3.493	Noun
breaths	3.493	Noun
carve	3.493	Verb
ching	3.493	Name
closure	3.493	Noun
consumed	3.493	Verb
dane	3.493	Noun
defy	3.493	Verb
depths	3.493	Noun
forfeit	3.493	Verb
founded	3.493	Verb
hartford	3.493	Name
insects	3.493	Noun
jumpy	3.493	Adjective
lefty	3.493	Noun
loner	3.493	Noun
mocking	3.493	Verb
nauseous	3.493	Adjective
patron	3.493	Noun
reaper	3.493	Noun
riders	3.493	Noun
taco	3.493	Noun
tavern	3.493	Noun
tucked	3.493	Verb
tuxedo	3.493	Noun
tying	3.493	Verb
alarms	3.49	Noun
athletes	3.49	Noun
bertha	3.49	Name
burton	3.49	Name
careers	3.49	Noun
circling	3.49	Verb
comet	3.49	Noun
dwarf	3.49	Noun
lama	3.49	Name
mattered	3.49	Verb
muffled	3.49	Adjective
niagara	3.49	Name
policies	3.49	Noun
shin	3.49	Noun
sleeves	3.49	Noun
squire	3.49	Noun
toa	3.49	Name
tongues	3.49	Noun
trench	3.49	Noun
twinkle	3.49	Verb
wand	3.49	Noun
bagel	3.488	Noun
byron	3.488	Name
chum	3.488	Noun
dots	3.488	Noun
excess	3.488	Adjective
fiber	3.488	Noun
foxy	3.488	Adjective
hardcore	3.488	Noun
honoured	3.488	Verb
hub	3.488	Noun
inferior	3.488	Adjective
invade	3.488	Verb
lew	3.488	Name
oyster	3.488	Noun
pros	3.488	Noun
roaring	3.488	Verb
settles	3.488	Verb
slowing	3.488	Verb
snooping	3.488	Verb
surround	3.488	Verb
tahiti	3.488	Name
tristan	3.488	Name
twilight	3.488	Noun
vin	3.488	Name
wailing	3.488	Verb
bacteria	3.485	Noun
bonding	3.485	Noun
brig	3.485	Noun
casinos	3.485	Noun
churches	3.485	Noun
craps	3.485	Noun
crude	3.485	Adjective
deceived	3.485	Verb
distinct	3.485	Adjective
dreamer	3.485	Noun
firearms	3.485	Noun
flaw	3.485	Noun
goldfish	3.485	Noun
greta	3.485	Name
honking	3.485	Verb
infrared	3.485	Adjective
madly	3.485	Adverb
marbles	3.485	Noun
marries	3.485	Verb
needy	3.485	Adjective
peasants	3.485	Noun
pluto	3.485	Name
slides	3.485	Noun
solomon	3.485	Name
stein	3.485	Name
tenant	3.485	Noun
abigail	3.482	Name
asap	3.482	Noun
avenge	3.482	Verb
baloney	3.482	Noun
coughs	3.482	Verb
demonic	3.482	Adjective
fiancee	3.482	Noun
foods	3.482	Noun
germs	3.482	Noun
hooper	3.482	Name
mainland	3.482	Noun
mamma	3.482	Noun
mara	3.482	Name
monitors	3.482	Noun
parish	3.482	Noun
posters	3.482	Noun
remorse	3.482	Noun
severed	3.482	Verb
severely	3.482	Adverb
sizes	3.482	Noun
sketches	3.482	Noun
temp	3.482	Noun
tempting	3.482	Adjective
thanking	3.482	Verb
traveler	3.482	Noun
turk	3.482	Noun
unite	3.482	Verb
upright	3.482	Adjective
vessels	3.482	Noun
arson	3.479	Noun
beatles	3.479	Name
beeps	3.479	Verb
boob	3.479	Noun
chimp	3.479	Noun
cloak	3.479	Noun
cosmos	3.479	Noun
crooks	3.479	Noun
der	3.479	Name
faded	3.479	Verb
flushed	3.479	Verb
hebrew	3.479	Noun
mellow	3.479	Adjective
muddy	3.479	Adjective
recite	3.479	Verb
snatched	3.479	Verb
stranded	3.479	Adjective
subs	3.479	Noun
turtles	3.479	Noun
vicinity	3.479	Noun
weighed	3.479	Verb
banking	3.477	Noun
bedrooms	3.477	Noun
behaved	3.477	Verb
cavity	3.477	Noun
chino	3.477	Name
cinnamon	3.477	Noun
cube	3.477	Noun
decline	3.477	Verb
defender	3.477	Noun
drapes	3.477	Noun
fearless	3.477	Adjective
fewer	3.477	Determiner
herring	3.477	Noun
hopeful	3.477	Adjective
input	3.477	Noun
insults	3.477	Noun
kinky	3.477	Adjective
maestro	3.477	Noun
marianne	3.477	Name
monthly	3.477	Adjective
props	3.477	Noun
rake	3.477	Verb
relay	3.477	Noun
romans	3.477	Noun
scoot	3.477	Verb
secondly	3.477	Adverb
snowing	3.477	Verb
suited	3.477	Verb
wiggle	3.477	Verb
admirer	3.474	Noun
alarmed	3.474	Verb
arise	3.474	Verb
bounced	3.474	Verb
calf	3.474	Noun
caps	3.474	Noun
charter	3.474	Noun
confined	3.474	Verb
cuckoo	3.474	Noun
digs	3.474	Noun
elite	3.474	Noun
fists	3.474	Noun
hustler	3.474	Noun
imported	3.474	Adjective
krishna	3.474	Name
marrow	3.474	Noun
medieval	3.474	Adjective
mojo	3.474	Noun
prof	3.474	Noun
receiver	3.474	Noun
reviews	3.474	Noun
rhymes	3.474	Verb
shaky	3.474	Adjective
shrine	3.474	Noun
skirts	3.474	Noun
stables	3.474	Noun
standby	3.474	Noun
summoned	3.474	Verb
tai	3.474	Noun
thailand	3.474	Name
veil	3.474	Noun
viola	3.474	Name
vocal	3.474	Adjective
acute	3.471	Adjective
biff	3.471	Name
brighter	3.471	Adjective
caffeine	3.471	Noun
depot	3.471	Noun
doubted	3.471	Verb
enjoys	3.471	Verb
extract	3.471	Verb
gents	3.471	Noun
jekyll	3.471	Name
junction	3.471	Noun
lays	3.471	Verb
meow	3.471	Verb
pappy	3.471	Name
pierced	3.471	Verb
recital	3.471	Noun
rewarded	3.471	Verb
scanner	3.471	Noun
shred	3.471	Noun
shuffle	3.471	Verb
slope	3.471	Noun
snappy	3.471	Adjective
sneeze	3.471	Verb
virgins	3.471	Noun
vulcan	3.471	Name
wagner	3.471	Name
warfare	3.471	Noun
aloha	3.468	Noun
barker	3.468	Name
breakup	3.468	Noun
canary	3.468	Noun
catalog	3.468	Noun
clem	3.468	Name
clinical	3.468	Adjective
cone	3.468	Noun
costa	3.468	Name
damp	3.468	Adjective
eyeballs	3.468	Noun
fireman	3.468	Noun
flipping	3.468	Adjective
latrine	3.468	Noun
linen	3.468	Noun
marjorie	3.468	Name
morals	3.468	Noun
outlaw	3.468	Noun
platter	3.468	Noun
puss	3.468	Noun
recon	3.468	Noun
ribbons	3.468	Noun
rotation	3.468	Noun
rumour	3.468	Noun
sled	3.468	Adjective
sorta	3.468	Noun
spence	3.468	Name
stale	3.468	Adjective
trinity	3.468	Name
verbal	3.468	Adjective
vintage	3.468	Noun
vomiting	3.468	Verb
yahoo	3.468	Noun
abnormal	3.465	Adjective
advances	3.465	Noun
amazon	3.465	Name
beckett	3.465	Name
cabbage	3.465	Noun
cactus	3.465	Noun
covert	3.465	Adjective
doggone	3.465	Interjection
donuts	3.465	Noun
doubles	3.465	Noun
folded	3.465	Verb
funniest	3.465	Adjective
grad	3.465	Noun
learns	3.465	Verb
mare	3.465	Noun
memorize	3.465	Verb
motors	3.465	Noun
nasa	3.465	Name
noodle	3.465	Noun
overdue	3.465	Adjective
overlook	3.465	Verb
roles	3.465	Noun
socially	3.465	Adverb
suicidal	3.465	Adjective
turbo	3.465	Noun
underway	3.465	Adverb
allied	3.462	Adjective
bravery	3.462	Noun
bun	3.462	Noun
cho	3.462	Name
cutie	3.462	Noun
empress	3.462	Noun
fabian	3.462	Name
genes	3.462	Noun
greeks	3.462	Noun
imbecile	3.462	Noun
implying	3.462	Verb
indulge	3.462	Verb
isolate	3.462	Verb
jonah	3.462	Name
lassie	3.462	Name
mailman	3.462	Noun
missions	3.462	Noun
pager	3.462	Noun
penguin	3.462	Noun
peru	3.462	Name
placing	3.462	Verb
puck	3.462	Noun
ramp	3.462	Noun
snoring	3.462	Verb
stages	3.462	Noun
superb	3.462	Adjective
thine	3.462	Pronoun
witter	3.462	Name
wrapping	3.462	Verb
austria	3.459	Name
bandage	3.459	Noun
casper	3.459	Name
che	3.459	Name
chucky	3.459	Name
cork	3.459	Noun
cutler	3.459	Name
deacon	3.459	Noun
deuce	3.459	Noun
fumes	3.459	Noun
gaby	3.459	Name
geisha	3.459	Noun
homemade	3.459	Adjective
hugging	3.459	Verb
indians	3.459	Noun
manhood	3.459	Noun
merchant	3.459	Noun
mil	3.459	Noun
neon	3.459	Noun
pest	3.459	Noun
sarcasm	3.459	Noun
seeks	3.459	Verb
stokes	3.459	Name
thingy	3.459	Noun
tibet	3.459	Name
tighten	3.459	Verb
transmit	3.459	Verb
wits	3.459	Noun
baton	3.456	Noun
bikes	3.456	Noun
caddy	3.456	Noun
cellular	3.456	Adjective
clocks	3.456	Noun
cradle	3.456	Noun
edges	3.456	Noun
exams	3.456	Noun
farms	3.456	Noun
goodman	3.456	Name
impose	3.456	Verb
longing	3.456	Verb
lowa	3.456	Noun
moss	3.456	Name
pencils	3.456	Noun
poland	3.456	Name
poodle	3.456	Noun
pronto	3.456	Noun
sensed	3.456	Verb
shades	3.456	Noun
sicily	3.456	Name
starship	3.456	Noun
twain	3.456	Noun
bailed	3.453	Verb
barrels	3.453	Noun
beeper	3.453	Noun
blanks	3.453	Noun
bobo	3.453	Name
boiler	3.453	Noun
bowie	3.453	Name
brownies	3.453	Noun
cartoons	3.453	Noun
conn	3.453	Noun
cricket	3.453	Noun
darkest	3.453	Adjective
drone	3.453	Noun
eclipse	3.453	Noun
fees	3.453	Noun
infantry	3.453	Noun
jumbo	3.453	Noun
lineup	3.453	Noun
lingerie	3.453	Noun
malik	3.453	Name
marquis	3.453	Noun
measured	3.453	Verb
mystical	3.453	Adjective
newark	3.453	Name
nipple	3.453	Noun
nosy	3.453	Adjective
protects	3.453	Verb
rattling	3.453	Verb
rocked	3.453	Verb
slayer	3.453	Noun
snaps	3.453	Verb
tox	3.453	Noun
weenie	3.453	Noun
winters	3.453	Name
zipper	3.453	Noun
bankrupt	3.45	Adjective
bollocks	3.45	Noun
borders	3.45	Noun
bronze	3.45	Noun
clause	3.45	Noun
clicking	3.45	Verb
comm	3.45	Interjection
cramp	3.45	Noun
davy	3.45	Name
fiend	3.45	Noun
fishy	3.45	Adjective
fruits	3.45	Noun
gender	3.45	Noun
growls	3.45	Noun
insight	3.45	Noun
kettle	3.45	Noun
maneuver	3.45	Noun
mush	3.45	Verb
poets	3.45	Noun
prairie	3.45	Noun
prizes	3.45	Noun
quadrant	3.45	Noun
repeated	3.45	Verb
starring	3.45	Verb
stat	3.45	Verb
stiles	3.45	Name
toto	3.45	Name
viewers	3.45	Noun
workshop	3.45	Noun
atm	3.447	Noun
bong	3.447	Noun
buckets	3.447	Noun
creaking	3.447	Adjective
creator	3.447	Noun
cruising	3.447	Verb
dairy	3.447	Noun
dwell	3.447	Verb
flooded	3.447	Verb
flows	3.447	Verb
focusing	3.447	Verb
frying	3.447	Noun
kat	3.447	Name
leonardo	3.447	Name
mugged	3.447	Verb
ninety	3.447	Number
paged	3.447	Verb
permits	3.447	Noun
ponies	3.447	Noun
rebound	3.447	Noun
refill	3.447	Noun
resigned	3.447	Verb
singles	3.447	Noun
stealth	3.447	Noun
sticker	3.447	Noun
velocity	3.447	Noun
vineyard	3.447	Noun
vista	3.447	Name
admiring	3.444	Verb
aquarium	3.444	Noun
columns	3.444	Noun
crows	3.444	Noun
demanded	3.444	Verb
disgust	3.444	Noun
dolphin	3.444	Noun
fright	3.444	Noun
gertrude	3.444	Name
herbs	3.444	Noun
hoops	3.444	Noun
idle	3.444	Adjective
idol	3.444	Noun
implants	3.444	Noun
insert	3.444	Verb
lancelot	3.444	Name
links	3.444	Noun
loans	3.444	Noun
maids	3.444	Noun
minnie	3.444	Name
monopoly	3.444	Noun
morse	3.444	Name
paine	3.444	Name
posts	3.444	Noun
readings	3.444	Noun
refund	3.444	Noun
revolver	3.444	Noun
slime	3.444	Noun
squid	3.444	Noun
stashed	3.444	Verb
suspend	3.444	Verb
turd	3.444	Noun
vertical	3.444	Adjective
viking	3.444	Noun
wacko	3.444	Noun
woof	3.444	Verb
workout	3.444	Noun
arrests	3.441	Noun
atom	3.441	Noun
christie	3.441	Name
creeping	3.441	Verb
crotch	3.441	Noun
darker	3.441	Adjective
feedback	3.441	Noun
forming	3.441	Verb
frequent	3.441	Adjective
griff	3.441	Name
handler	3.441	Noun
invaded	3.441	Verb
licensed	3.441	Adjective
liters	3.441	Noun
magnet	3.441	Noun
newly	3.441	Adverb
notices	3.441	Verb
offender	3.441	Noun
orb	3.441	Noun
partying	3.441	Verb
psyche	3.441	Noun
repaired	3.441	Verb
residue	3.441	Noun
rests	3.441	Verb
rewrite	3.441	Verb
saucer	3.441	Noun
serena	3.441	Name
shelves	3.441	Noun
sideways	3.441	Adverb
slumber	3.441	Noun
soaking	3.441	Verb
spook	3.441	Noun
squirt	3.441	Verb
steward	3.441	Noun
tug	3.441	Noun
vatican	3.441	Name
caliber	3.438	Noun
crushing	3.438	Verb
eta	3.438	Noun
ethical	3.438	Adjective
goliath	3.438	Name
grieving	3.438	Adjective
grub	3.438	Noun
handicap	3.438	Noun
hawks	3.438	Noun
heater	3.438	Noun
hippie	3.438	Noun
leverage	3.438	Noun
liaison	3.438	Noun
mal	3.438	Name
mina	3.438	Name
paints	3.438	Verb
pushes	3.438	Verb
quill	3.438	Name
rumble	3.438	Noun
sanity	3.438	Noun
scooter	3.438	Noun
seals	3.438	Noun
sermon	3.438	Noun
sinatra	3.438	Name
smoothly	3.438	Adverb
starter	3.438	Noun
tam	3.438	Name
tame	3.438	Verb
tod	3.438	Name
torment	3.438	Noun
tossing	3.438	Verb
valium	3.438	Noun
abide	3.435	Verb
anal	3.435	Adjective
argued	3.435	Verb
assign	3.435	Verb
bogus	3.435	Adjective
casualty	3.435	Noun
catering	3.435	Noun
circuits	3.435	Noun
clams	3.435	Noun
clearer	3.435	Adjective
delusion	3.435	Noun
departed	3.435	Verb
earring	3.435	Noun
furnace	3.435	Noun
gibbons	3.435	Name
grin	3.435	Noun
harding	3.435	Name
hola	3.435	Noun
install	3.435	Verb
lesbians	3.435	Noun
masses	3.435	Noun
pauline	3.435	Name
peeled	3.435	Verb
pinched	3.435	Verb
rained	3.435	Verb
rubbed	3.435	Verb
scottish	3.435	Adjective
squares	3.435	Noun
tendency	3.435	Noun
troll	3.435	Noun
unity	3.435	Noun
whirring	3.435	Verb
antiques	3.432	Noun
appeals	3.432	Noun
aspects	3.432	Noun
banned	3.432	Verb
beams	3.432	Noun
bongo	3.432	Name
burgundy	3.432	Name
camelot	3.432	Name
casa	3.432	Noun
dirk	3.432	Name
dora	3.432	Name
dumps	3.432	Noun
fester	3.432	Name
findings	3.432	Noun
grail	3.432	Noun
heating	3.432	Noun
hoop	3.432	Noun
imply	3.432	Verb
inmate	3.432	Noun
junkyard	3.432	Noun
kosher	3.432	Adjective
lesser	3.432	Adjective
mingle	3.432	Verb
ness	3.432	Name
olives	3.432	Noun
opposing	3.432	Adjective
poetic	3.432	Adjective
provides	3.432	Verb
psyched	3.432	Verb
reversed	3.432	Verb
sidekick	3.432	Noun
sinners	3.432	Noun
spaces	3.432	Noun
tofu	3.432	Noun
apron	3.429	Noun
bleep	3.429	Noun
blush	3.429	Noun
cairo	3.429	Name
convey	3.429	Verb
curt	3.429	Adjective
donated	3.429	Verb
firmly	3.429	Adverb
flexible	3.429	Adjective
hydrogen	3.429	Noun
lass	3.429	Noun
legit	3.429	Noun
messiah	3.429	Noun
milly	3.429	Name
module	3.429	Noun
monks	3.429	Noun
neptune	3.429	Name
neurotic	3.429	Adjective
overdose	3.429	Noun
paranoia	3.429	Noun
scorpion	3.429	Noun
skins	3.429	Noun
sly	3.429	Adjective
squeal	3.429	Verb
stomp	3.429	Verb
styles	3.429	Noun
sustain	3.429	Verb
tyres	3.429	Noun
vitamin	3.429	Noun
weights	3.429	Noun
zorro	3.429	Noun
acquire	3.425	Verb
booster	3.425	Noun
clive	3.425	Name
cognac	3.425	Noun
deploy	3.425	Verb
diesel	3.425	Noun
epi	3.425	Noun
etc	3.425	Adverb
flap	3.425	Noun
flashes	3.425	Noun
fore	3.425	Noun
goats	3.425	Noun
hiking	3.425	Verb
icy	3.425	Adjective
insides	3.425	Noun
lila	3.425	Name
maru	3.425	Noun
pisses	3.425	Verb
polar	3.425	Adjective
roach	3.425	Noun
saliva	3.425	Noun
sears	3.425	Name
shush	3.425	Interjection
soprano	3.425	Noun
sundays	3.425	Name
tends	3.425	Verb
tights	3.425	Noun
toro	3.425	Name
vacant	3.425	Adjective
wireless	3.425	Noun
adapt	3.422	Verb
avoided	3.422	Verb
awe	3.422	Noun
baroness	3.422	Noun
elmer	3.422	Noun
fairies	3.422	Noun
grande	3.422	Unclassified
handbag	3.422	Noun
harp	3.422	Noun
jug	3.422	Noun
kelvin	3.422	Name
males	3.422	Noun
maverick	3.422	Noun
orchids	3.422	Noun
paddy	3.422	Name
peed	3.422	Verb
peoples	3.422	Noun
pictured	3.422	Verb
plaster	3.422	Noun
predator	3.422	Noun
prefers	3.422	Verb
produces	3.422	Verb
racer	3.422	Noun
realizes	3.422	Verb
regain	3.422	Verb
ritz	3.422	Name
rumours	3.422	Noun
shortage	3.422	Noun
stocking	3.422	Noun
summers	3.422	Noun
switches	3.422	Noun
tacky	3.422	Adjective
theodore	3.422	Name
trashed	3.422	Verb
windy	3.422	Adjective
amuse	3.419	Verb
appendix	3.419	Noun
bottled	3.419	Adjective
bridal	3.419	Adjective
cheesy	3.419	Adjective
confirms	3.419	Verb
coup	3.419	Noun
crops	3.419	Noun
dilemma	3.419	Noun
fills	3.419	Verb
fleas	3.419	Noun
fusion	3.419	Noun
grinch	3.419	Noun
grover	3.419	Name
harness	3.419	Noun
hassle	3.419	Noun
hoot	3.419	Noun
immoral	3.419	Adjective
jaws	3.419	Noun
madrid	3.419	Name
mend	3.419	Verb
oriental	3.419	Adjective
patio	3.419	Noun
patriot	3.419	Noun
poorly	3.419	Adverb
reborn	3.419	Verb
reviewed	3.419	Verb
rituals	3.419	Noun
satin	3.419	Noun
spades	3.419	Noun
sparrow	3.419	Name
stirring	3.419	Verb
sweeter	3.419	Adjective
sykes	3.419	Name
virtual	3.419	Adjective
adequate	3.416	Adjective
alimony	3.416	Noun
axel	3.416	Name
crater	3.416	Noun
debut	3.416	Noun
descent	3.416	Noun
domain	3.416	Noun
dunk	3.416	Verb
dyke	3.416	Noun
evenings	3.416	Noun
finer	3.416	Adjective
ginny	3.416	Name
gps	3.416	Noun
gram	3.416	Noun
grenades	3.416	Noun
headline	3.416	Noun
heated	3.416	Verb
herald	3.416	Noun
holdup	3.416	Noun
honolulu	3.416	Name
lex	3.416	Name
limbs	3.416	Noun
lug	3.416	Noun
martyr	3.416	Noun
meatball	3.416	Noun
mineral	3.416	Noun
morbid	3.416	Adjective
mounted	3.416	Verb
nearer	3.416	Adverb
obscure	3.416	Adjective
obstacle	3.416	Noun
oxford	3.416	Name
perish	3.416	Verb
reap	3.416	Verb
shoving	3.416	Verb
shuts	3.416	Verb
sobs	3.416	Verb
sweden	3.416	Name
tattooed	3.416	Verb
tours	3.416	Noun
waffles	3.416	Noun
wiser	3.416	Adjective
absent	3.412	Adjective
abu	3.412	Name
aging	3.412	Adjective
attila	3.412	Name
beaumont	3.412	Name
chaps	3.412	Noun
cortez	3.412	Name
cubicle	3.412	Noun
disc	3.412	Noun
dungeon	3.412	Noun
earning	3.412	Verb
echoing	3.412	Verb
emerald	3.412	Noun
escapes	3.412	Verb
freshen	3.412	Verb
gaming	3.412	Noun
jogging	3.412	Verb
juror	3.412	Noun
loudly	3.412	Adverb
matilda	3.412	Name
milady	3.412	Noun
mullen	3.412	Name
napkins	3.412	Noun
ninja	3.412	Noun
panther	3.412	Noun
paso	3.412	Name
pip	3.412	Name
spleen	3.412	Noun
sprung	3.412	Verb
teller	3.412	Noun
tenants	3.412	Noun
tiki	3.412	Noun
ulcer	3.412	Noun
upstate	3.412	Adverb
bookie	3.409	Noun
bugged	3.409	Verb
capsule	3.409	Noun
corpsman	3.409	Noun
crumbs	3.409	Noun
dangers	3.409	Noun
decks	3.409	Noun
disney	3.409	Name
dynasty	3.409	Noun
examiner	3.409	Noun
fender	3.409	Noun
flaming	3.409	Adjective
inspect	3.409	Verb
literary	3.409	Adjective
lunches	3.409	Noun
maze	3.409	Noun
minding	3.409	Verb
nada	3.409	Noun
pongo	3.409	Noun
sausages	3.409	Noun
saxon	3.409	Adjective
sedative	3.409	Noun
spinach	3.409	Noun
steed	3.409	Name
steroids	3.409	Noun
tangled	3.409	Verb
taps	3.409	Noun
tate	3.409	Name
tornado	3.409	Noun
ups	3.409	Noun
zen	3.409	Name
aerial	3.406	Noun
archives	3.406	Noun
beauties	3.406	Noun
booby	3.406	Noun
chateau	3.406	Noun
clint	3.406	Name
colon	3.406	Noun
conceal	3.406	Verb
creed	3.406	Noun
destroys	3.406	Verb
diploma	3.406	Noun
eighty	3.406	Number
fitch	3.406	Name
freeman	3.406	Noun
gaze	3.406	Noun
heritage	3.406	Noun
hooking	3.406	Verb
intrude	3.406	Verb
lacking	3.406	Verb
leisure	3.406	Noun
mambo	3.406	Noun
mourn	3.406	Verb
pens	3.406	Noun
rave	3.406	Noun
ref	3.406	Noun
reich	3.406	Name
roxy	3.406	Name
rumbling	3.406	Verb
safest	3.406	Adjective
seized	3.406	Verb
sway	3.406	Verb
tempt	3.406	Verb
vaguely	3.406	Adverb
viper	3.406	Noun
voila	3.406	Unclassified
agitated	3.402	Adjective
amused	3.402	Adjective
annoy	3.402	Verb
avalon	3.402	Name
bathe	3.402	Verb
brew	3.402	Noun
carriers	3.402	Noun
cling	3.402	Verb
clone	3.402	Noun
copied	3.402	Verb
cupid	3.402	Name
drastic	3.402	Adjective
dread	3.402	Noun
dumbest	3.402	Adjective
expired	3.402	Verb
extinct	3.402	Adjective
felon	3.402	Noun
foreplay	3.402	Noun
fortunes	3.402	Noun
funnier	3.402	Adjective
gage	3.402	Name
inning	3.402	Noun
lectures	3.402	Noun
marx	3.402	Name
mort	3.402	Name
newborn	3.402	Adjective
packet	3.402	Noun
payday	3.402	Noun
peeping	3.402	Verb
penelope	3.402	Name
postman	3.402	Noun
puffs	3.402	Noun
robbins	3.402	Name
shaman	3.402	Noun
stifler	3.402	Name
symbols	3.402	Noun
teeny	3.402	Adjective
titanic	3.402	Name
trunks	3.402	Noun
wick	3.402	Name
zebra	3.402	Noun
ache	3.399	Noun
alphabet	3.399	Noun
applies	3.399	Verb
battling	3.399	Verb
becker	3.399	Name
bogey	3.399	Noun
brink	3.399	Noun
buff	3.399	Noun
buggy	3.399	Noun
cedar	3.399	Noun
cesar	3.399	Name
clare	3.399	Name
clutch	3.399	Noun
colder	3.399	Adjective
composer	3.399	Noun
conclude	3.399	Verb
cupboard	3.399	Noun
drooling	3.399	Verb
elevated	3.399	Verb
gurney	3.399	Noun
harbour	3.399	Noun
jurors	3.399	Noun
knack	3.399	Noun
mute	3.399	Adjective
paws	3.399	Noun
poll	3.399	Noun
premier	3.399	Noun
provoke	3.399	Verb
refresh	3.399	Verb
ripper	3.399	Noun
rog	3.399	Name
rust	3.399	Noun
salty	3.399	Adjective
sections	3.399	Noun
slogan	3.399	Noun
snoop	3.399	Verb
sordid	3.399	Adjective
spears	3.399	Noun
timber	3.399	Noun
toddy	3.399	Noun
tor	3.399	Noun
unreal	3.399	Adjective
whiff	3.399	Noun
wider	3.399	Adjective
attach	3.396	Verb
awarded	3.396	Verb
beggar	3.396	Noun
bozo	3.396	Noun
cher	3.396	Name
chewed	3.396	Verb
davies	3.396	Name
defect	3.396	Noun
detained	3.396	Verb
downhill	3.396	Adverb
encore	3.396	Noun
explodes	3.396	Verb
external	3.396	Adjective
gem	3.396	Noun
ideals	3.396	Noun
imperial	3.396	Adjective
indoors	3.396	Adverb
insured	3.396	Verb
legion	3.396	Noun
luckiest	3.396	Adjective
lumber	3.396	Noun
mixture	3.396	Noun
mutiny	3.396	Noun
occupy	3.396	Verb
parasite	3.396	Noun
patent	3.396	Noun
roulette	3.396	Noun
siam	3.396	Name
sinner	3.396	Noun
sodium	3.396	Noun
sphere	3.396	Noun
strokes	3.396	Noun
studios	3.396	Noun
suture	3.396	Noun
unicorn	3.396	Noun
valiant	3.396	Adjective
vouch	3.396	Verb
watchman	3.396	Noun
adored	3.392	Verb
aurora	3.392	Name
awaken	3.392	Verb
bartlett	3.392	Name
bred	3.392	Verb
burrows	3.392	Name
combo	3.392	Noun
crystals	3.392	Noun
dowd	3.392	Name
elbows	3.392	Noun
enhance	3.392	Verb
exploit	3.392	Verb
fading	3.392	Verb
fascist	3.392	Adjective
finale	3.392	Noun
hind	3.392	Adjective
horribly	3.392	Adverb
horrid	3.392	Adjective
knob	3.392	Noun
oranges	3.392	Noun
peeking	3.392	Verb
refuge	3.392	Noun
rendered	3.392	Verb
restroom	3.392	Noun
rim	3.392	Noun
runt	3.392	Noun
sims	3.392	Name
startled	3.392	Verb
steep	3.392	Adjective
stoop	3.392	Verb
stump	3.392	Noun
takeoff	3.392	Noun
tucson	3.392	Name
undone	3.392	Verb
wed	3.392	Verb
zap	3.392	Verb
abc	3.389	Name
boomer	3.389	Noun
cages	3.389	Noun
calmly	3.389	Adverb
centers	3.389	Noun
chipped	3.389	Verb
curry	3.389	Noun
dedicate	3.389	Verb
dell	3.389	Name
differ	3.389	Verb
diver	3.389	Noun
gadget	3.389	Noun
gant	3.389	Name
generate	3.389	Verb
gong	3.389	Name
homeboy	3.389	Noun
icebox	3.389	Noun
katrina	3.389	Name
kingston	3.389	Name
lacey	3.389	Name
ludwig	3.389	Name
ole	3.389	Adjective
ora	3.389	Noun
polka	3.389	Noun
puzzles	3.389	Noun
quagmire	3.389	Name
sandman	3.389	Noun
scatter	3.389	Verb
skulls	3.389	Noun
swearing	3.389	Verb
tyre	3.389	Noun
undress	3.389	Verb
wildest	3.389	Adjective
zurich	3.389	Name
brock	3.385	Name
browning	3.385	Name
brushed	3.385	Verb
dares	3.385	Verb
florist	3.385	Noun
formerly	3.385	Adverb
gloomy	3.385	Adjective
harmed	3.385	Verb
hoax	3.385	Noun
homesick	3.385	Adjective
imminent	3.385	Adjective
inject	3.385	Verb
jog	3.385	Verb
kwan	3.385	Name
lair	3.385	Noun
latte	3.385	Noun
loony	3.385	Adjective
obtained	3.385	Verb
platinum	3.385	Noun
repent	3.385	Verb
scramble	3.385	Verb
stared	3.385	Verb
stirred	3.385	Verb
swam	3.385	Verb
toronto	3.385	Name
uphold	3.385	Verb
villages	3.385	Noun
weirdest	3.385	Adjective
antenna	3.382	Noun
asher	3.382	Name
bending	3.382	Verb
capitol	3.382	Name
cleans	3.382	Verb
cosmo	3.382	Name
costing	3.382	Verb
decaf	3.382	Noun
diarrhea	3.382	Noun
edison	3.382	Name
furry	3.382	Adjective
grammar	3.382	Noun
honk	3.382	Verb
humility	3.382	Noun
nagging	3.382	Adjective
pompous	3.382	Adjective
preach	3.382	Verb
reflexes	3.382	Noun
revenue	3.382	Noun
seniors	3.382	Noun
sinned	3.382	Verb
slash	3.382	Verb
smug	3.382	Adjective
supplied	3.382	Verb
sweets	3.382	Noun
taffy	3.382	Noun
tart	3.382	Noun
violate	3.382	Verb
wichita	3.382	Name
yanks	3.382	Noun
balanced	3.378	Verb
barefoot	3.378	Adjective
bien	3.378	Noun
buddhist	3.378	Adjective
buyers	3.378	Noun
condemn	3.378	Verb
coral	3.378	Noun
exterior	3.378	Noun
filmed	3.378	Verb
fishes	3.378	Noun
flyers	3.378	Noun
frosty	3.378	Adjective
gorillas	3.378	Noun
gypsies	3.378	Noun
hopping	3.378	Verb
incision	3.378	Noun
jaguar	3.378	Noun
kenya	3.378	Name
lifts	3.378	Verb
limbo	3.378	Noun
loo	3.378	Noun
mugs	3.378	Noun
muslim	3.378	Adjective
nebraska	3.378	Name
nuke	3.378	Noun
omelet	3.378	Noun
oof	3.378	Interjection
ordeal	3.378	Noun
outsider	3.378	Noun
purity	3.378	Noun
pushy	3.378	Adjective
quits	3.378	Verb
retain	3.378	Verb
riots	3.378	Noun
skilled	3.378	Adjective
squeak	3.378	Verb
swab	3.378	Verb
usher	3.378	Verb
vermin	3.378	Noun
viable	3.378	Adjective
weaker	3.378	Adjective
weeds	3.378	Noun
avenger	3.375	Name
baba	3.375	Name
babylon	3.375	Name
barnaby	3.375	Name
curl	3.375	Verb
douche	3.375	Noun
duel	3.375	Noun
epic	3.375	Adjective
ere	3.375	Adverb
fences	3.375	Noun
frigging	3.375	Adjective
glide	3.375	Verb
gobble	3.375	Verb
goons	3.375	Noun
grumpy	3.375	Adjective
gunner	3.375	Noun
hotch	3.375	Verb
hottie	3.375	Noun
hurrah	3.375	Interjection
inhale	3.375	Verb
jeremiah	3.375	Name
lasting	3.375	Adjective
markers	3.375	Noun
masked	3.375	Adjective
meth	3.375	Verb
moons	3.375	Noun
morocco	3.375	Name
mortals	3.375	Noun
mules	3.375	Noun
peabody	3.375	Name
putz	3.375	Noun
rand	3.375	Name
retiring	3.375	Verb
rinse	3.375	Verb
senators	3.375	Noun
shady	3.375	Adjective
squared	3.375	Verb
suburbs	3.375	Noun
titles	3.375	Noun
unaware	3.375	Adjective
albums	3.371	Noun
beverage	3.371	Noun
boner	3.371	Noun
bummed	3.371	Verb
bursting	3.371	Verb
burying	3.371	Verb
cant	3.371	Noun
chic	3.371	Adjective
christy	3.371	Name
chug	3.371	Verb
cobbler	3.371	Noun
corral	3.371	Noun
darwin	3.371	Name
della	3.371	Name
deputies	3.371	Noun
drafted	3.371	Verb
graphic	3.371	Adjective
layers	3.371	Noun
lina	3.371	Name
macbeth	3.371	Name
mammy	3.371	Noun
meatloaf	3.371	Noun
morrow	3.371	Name
mumbling	3.371	Verb
odor	3.371	Noun
pas	3.371	Unclassified
reds	3.371	Noun
rightful	3.371	Adjective
scanning	3.371	Verb
scripts	3.371	Noun
semi	3.371	Noun
throttle	3.371	Noun
tov	3.371	Noun
ufo	3.371	Noun
undead	3.371	Noun
venom	3.371	Noun
vogue	3.371	Noun
wedge	3.371	Noun
whim	3.371	Noun
woe	3.371	Noun
airfield	3.367	Noun
amulet	3.367	Noun
baptist	3.367	Noun
barb	3.367	Name
bleach	3.367	Noun
bragging	3.367	Verb
carole	3.367	Name
comply	3.367	Verb
cowardly	3.367	Adjective
craziest	3.367	Adjective
decorate	3.367	Verb
dibs	3.367	Noun
ditched	3.367	Verb
earliest	3.367	Adjective
flop	3.367	Noun
graceful	3.367	Adjective
hooters	3.367	Noun
injected	3.367	Verb
jed	3.367	Name
kangaroo	3.367	Noun
ounces	3.367	Noun
pluck	3.367	Verb
pools	3.367	Noun
regime	3.367	Noun
remedy	3.367	Noun
retail	3.367	Adjective
scraping	3.367	Verb
scrolls	3.367	Noun
siege	3.367	Noun
soy	3.367	Adjective
spade	3.367	Noun
squeezed	3.367	Verb
swears	3.367	Verb
utmost	3.367	Adjective
wiring	3.367	Noun
athens	3.364	Name
awol	3.364	Noun
backseat	3.364	Noun
bombay	3.364	Name
breaker	3.364	Noun
cheetah	3.364	Noun
conceive	3.364	Verb
cornered	3.364	Verb
csi	3.364	Noun
doth	3.364	Verb
drilling	3.364	Verb
fetish	3.364	Noun
forgave	3.364	Verb
hallowed	3.364	Adjective
heavier	3.364	Adjective
inventor	3.364	Noun
jester	3.364	Noun
judah	3.364	Name
jumper	3.364	Noun
kite	3.364	Noun
lilith	3.364	Name
mercer	3.364	Name
mexicans	3.364	Noun
monument	3.364	Noun
mortar	3.364	Noun
mow	3.364	Verb
peeing	3.364	Verb
phrases	3.364	Noun
robes	3.364	Noun
sera	3.364	Unclassified
sling	3.364	Noun
suburban	3.364	Adjective
swung	3.364	Verb
trophies	3.364	Noun
wraps	3.364	Noun
barlow	3.36	Name
berger	3.36	Name
booking	3.36	Noun
broccoli	3.36	Noun
captive	3.36	Noun
chant	3.36	Noun
chaplain	3.36	Noun
colleges	3.36	Noun
cornell	3.36	Name
crispy	3.36	Adjective
drunks	3.36	Noun
edgy	3.36	Adjective
flair	3.36	Noun
frantic	3.36	Adjective
gallon	3.36	Noun
gangway	3.36	Noun
geeks	3.36	Noun
goon	3.36	Noun
hors	3.36	Noun
hysteria	3.36	Noun
itchy	3.36	Adjective
jerking	3.36	Verb
jerky	3.36	Adjective
jukebox	3.36	Noun
kemp	3.36	Name
lars	3.36	Name
lenses	3.36	Noun
meadow	3.36	Noun
midgets	3.36	Noun
moth	3.36	Noun
needless	3.36	Adjective
parting	3.36	Noun
pleading	3.36	Verb
prague	3.36	Name
reflex	3.36	Noun
scroll	3.36	Noun
slowed	3.36	Verb
smoker	3.36	Noun
tong	3.36	Name
tread	3.36	Verb
unborn	3.36	Adjective
vega	3.36	Name
weighing	3.36	Verb
yogurt	3.36	Noun
achilles	3.356	Name
aluminum	3.356	Noun
bounds	3.356	Noun
cabaret	3.356	Noun
comfy	3.356	Adjective
darlings	3.356	Noun
dashing	3.356	Adjective
deranged	3.356	Verb
desired	3.356	Verb
dunne	3.356	Name
glued	3.356	Verb
itching	3.356	Verb
knitting	3.356	Noun
lengths	3.356	Noun
managers	3.356	Noun
militia	3.356	Noun
moody	3.356	Adjective
mormon	3.356	Noun
nickels	3.356	Noun
oakland	3.356	Name
offshore	3.356	Adjective
perjury	3.356	Noun
sensor	3.356	Noun
shouted	3.356	Verb
softball	3.356	Noun
soothing	3.356	Adjective
spreads	3.356	Verb
stabbing	3.356	Verb
staged	3.356	Verb
terrain	3.356	Noun
thinner	3.356	Adjective
traitors	3.356	Noun
trump	3.356	Noun
vultures	3.356	Noun
zealand	3.356	Name
zombies	3.356	Noun
bali	3.353	Noun
basics	3.353	Noun
biblical	3.353	Adjective
clarify	3.353	Verb
cod	3.353	Noun
console	3.353	Verb
defended	3.353	Verb
flora	3.353	Name
granddad	3.353	Noun
grilled	3.353	Adjective
habitat	3.353	Noun
infamous	3.353	Adjective
mas	3.353	Adjective
messes	3.353	Verb
mutants	3.353	Noun
nukes	3.353	Noun
opium	3.353	Noun
oracle	3.353	Noun
pipeline	3.353	Noun
pizzas	3.353	Noun
plunge	3.353	Noun
pretzels	3.353	Noun
pussies	3.353	Noun
recipes	3.353	Noun
salami	3.353	Noun
slams	3.353	Verb
spices	3.353	Noun
stem	3.353	Noun
strung	3.353	Verb
suspense	3.353	Noun
tang	3.353	Noun
tens	3.353	Number
tremble	3.353	Verb
utility	3.353	Noun
waiters	3.353	Noun
advocate	3.349	Noun
aroused	3.349	Verb
billings	3.349	Name
blinking	3.349	Verb
clipped	3.349	Verb
combine	3.349	Verb
coupons	3.349	Noun
cubs	3.349	Noun
darned	3.349	Adjective
diabetic	3.349	Noun
dodgers	3.349	Noun
emerson	3.349	Name
forks	3.349	Noun
goof	3.349	Noun
grunt	3.349	Noun
hodge	3.349	Name
jacked	3.349	Verb
jer	3.349	Name
larceny	3.349	Noun
midway	3.349	Adverb
minority	3.349	Noun
oblige	3.349	Verb
overly	3.349	Adverb
payoff	3.349	Noun
picket	3.349	Noun
rested	3.349	Verb
scanners	3.349	Noun
shits	3.349	Noun
shrapnel	3.349	Noun
slipper	3.349	Noun
snails	3.349	Noun
snipers	3.349	Noun
stench	3.349	Noun
sterling	3.349	Noun
subpoena	3.349	Noun
thor	3.349	Name
tilt	3.349	Verb
tinker	3.349	Verb
wiener	3.349	Noun
bangkok	3.345	Name
blacked	3.345	Verb
charade	3.345	Noun
classics	3.345	Noun
cleve	3.345	Name
cons	3.345	Noun
cooling	3.345	Verb
crashes	3.345	Verb
derby	3.345	Noun
dire	3.345	Adjective
duffy	3.345	Name
fleeing	3.345	Verb
fungus	3.345	Noun
gauge	3.345	Noun
grieve	3.345	Verb
hums	3.345	Verb
leaks	3.345	Noun
lurking	3.345	Verb
pharaoh	3.345	Noun
plugged	3.345	Verb
posed	3.345	Verb
puberty	3.345	Noun
rabies	3.345	Noun
rating	3.345	Noun
refugees	3.345	Noun
seller	3.345	Noun
sierra	3.345	Name
solemn	3.345	Adjective
solving	3.345	Verb
textbook	3.345	Noun
thermal	3.345	Adjective
ware	3.345	Name
warmed	3.345	Verb
whipping	3.345	Verb
wills	3.345	Noun
abstract	3.341	Adjective
ante	3.341	Unclassified
arcade	3.341	Noun
binding	3.341	Adjective
boar	3.341	Noun
bolts	3.341	Noun
bowls	3.341	Noun
brushing	3.341	Verb
carmine	3.341	Noun
cliffs	3.341	Noun
clips	3.341	Noun
coupon	3.341	Noun
crucify	3.341	Verb
dads	3.341	Noun
danish	3.341	Adjective
deported	3.341	Verb
drained	3.341	Verb
erection	3.341	Noun
fallout	3.341	Noun
fibers	3.341	Noun
garland	3.341	Name
geniuses	3.341	Noun
gotham	3.341	Name
gourmet	3.341	Noun
grazie	3.341	Noun
holster	3.341	Noun
huddle	3.341	Verb
import	3.341	Noun
lawful	3.341	Adjective
loaned	3.341	Verb
merrily	3.341	Adverb
nag	3.341	Verb
noose	3.341	Noun
ongoing	3.341	Adjective
paddles	3.341	Noun
passive	3.341	Adjective
perp	3.341	Noun
picky	3.341	Adjective
polls	3.341	Noun
proteus	3.341	Name
quaint	3.341	Adjective
raisins	3.341	Noun
renew	3.341	Verb
rescuing	3.341	Verb
sinister	3.341	Adjective
skid	3.341	Noun
sleazy	3.341	Adjective
smear	3.341	Noun
snob	3.341	Noun
sterile	3.341	Adjective
twisting	3.341	Verb
underage	3.341	Adjective
vested	3.341	Verb
wanker	3.341	Noun
wiping	3.341	Verb
yikes	3.341	Noun
yuan	3.341	Noun
analyzed	3.337	Verb
anguish	3.337	Noun
bailiff	3.337	Noun
bankers	3.337	Noun
cables	3.337	Noun
civic	3.337	Adjective
cloudy	3.337	Adjective
coney	3.337	Name
crazier	3.337	Adjective
cuddle	3.337	Verb
cushion	3.337	Noun
drool	3.337	Verb
factors	3.337	Noun
fearful	3.337	Adjective
frames	3.337	Noun
haunting	3.337	Verb
hijacked	3.337	Verb
hock	3.337	Noun
mantle	3.337	Noun
minimal	3.337	Adjective
nausea	3.337	Noun
neo	3.337	Name
oppose	3.337	Verb
orchid	3.337	Noun
pickin	3.337	Noun
poles	3.337	Noun
poof	3.337	Noun
radiant	3.337	Adjective
roster	3.337	Noun
sank	3.337	Verb
sioux	3.337	Adjective
spectrum	3.337	Noun
storms	3.337	Noun
stylish	3.337	Adjective
tacos	3.337	Noun
targeted	3.337	Verb
tee	3.337	Noun
tickles	3.337	Verb
uncles	3.337	Noun
uncommon	3.337	Adjective
unseen	3.337	Adjective
upgrade	3.337	Noun
vending	3.337	Adjective
vie	3.337	Verb
wyoming	3.337	Name
ambushed	3.333	Verb
applaud	3.333	Verb
bahamas	3.333	Name
blinds	3.333	Noun
blur	3.333	Noun
boredom	3.333	Noun
cabs	3.333	Noun
catchy	3.333	Adjective
cheater	3.333	Noun
cheats	3.333	Verb
closets	3.333	Noun
craving	3.333	Verb
depart	3.333	Verb
dew	3.333	Noun
diplomat	3.333	Noun
disarm	3.333	Verb
excite	3.333	Verb
exhaust	3.333	Noun
firemen	3.333	Noun
flier	3.333	Noun
goo	3.333	Noun
gran	3.333	Noun
greens	3.333	Noun
hamster	3.333	Noun
hauling	3.333	Verb
implant	3.333	Noun
implied	3.333	Verb
impulses	3.333	Noun
invites	3.333	Verb
lice	3.333	Noun
lobsters	3.333	Noun
mayhem	3.333	Noun
micah	3.333	Name
museums	3.333	Noun
mushroom	3.333	Noun
naming	3.333	Verb
oneself	3.333	Pronoun
ozone	3.333	Noun
pans	3.333	Noun
persian	3.333	Adjective
prisons	3.333	Noun
pursued	3.333	Verb
ridden	3.333	Verb
rink	3.333	Noun
salsa	3.333	Noun
seating	3.333	Noun
slay	3.333	Verb
sliced	3.333	Verb
slutty	3.333	Adjective
smiley	3.333	Noun
spilling	3.333	Verb
spree	3.333	Noun
truthful	3.333	Adjective
twitch	3.333	Verb
uranium	3.333	Noun
viewing	3.333	Noun
watering	3.333	Verb
whiskers	3.333	Noun
wrecking	3.333	Verb
amigos	3.329	Noun
arabs	3.329	Noun
array	3.329	Noun
bodily	3.329	Adjective
boon	3.329	Noun
brawl	3.329	Noun
cashed	3.329	Verb
chopping	3.329	Verb
defenses	3.329	Noun
deli	3.329	Noun
dense	3.329	Adjective
dictator	3.329	Noun
docking	3.329	Noun
editing	3.329	Noun
ether	3.329	Noun
fielding	3.329	Name
flute	3.329	Noun
founder	3.329	Noun
hacker	3.329	Noun
hitched	3.329	Verb
hygiene	3.329	Noun
lordy	3.329	Noun
mackerel	3.329	Noun
mam	3.329	Noun
marched	3.329	Verb
moods	3.329	Noun
networks	3.329	Noun
openly	3.329	Adverb
owls	3.329	Noun
panda	3.329	Noun
piglet	3.329	Noun
planting	3.329	Verb
polk	3.329	Name
retainer	3.329	Noun
sacks	3.329	Noun
sands	3.329	Noun
sighted	3.329	Verb
snip	3.329	Verb
snot	3.329	Noun
striker	3.329	Noun
sumner	3.329	Name
sweeps	3.329	Verb
tabs	3.329	Noun
tack	3.329	Noun
thorpe	3.329	Name
tile	3.329	Noun
trails	3.329	Noun
trenches	3.329	Noun
waffle	3.329	Noun
woodward	3.329	Name
youse	3.329	Pronoun
albany	3.325	Name
apaches	3.325	Noun
beak	3.325	Noun
bimbo	3.325	Noun
blaze	3.325	Noun
bruised	3.325	Verb
burglars	3.325	Noun
checkup	3.325	Noun
clarity	3.325	Noun
contrast	3.325	Noun
crazed	3.325	Adjective
crest	3.325	Noun
cub	3.325	Noun
detour	3.325	Noun
dickens	3.325	Name
diem	3.325	Name
doodle	3.325	Noun
dynamic	3.325	Adjective
garret	3.325	Name
goggles	3.325	Noun
hoss	3.325	Verb
hosting	3.325	Verb
insulin	3.325	Noun
intercom	3.325	Noun
kahuna	3.325	Name
lacks	3.325	Verb
leagues	3.325	Noun
logged	3.325	Verb
measles	3.325	Noun
mischief	3.325	Noun
moans	3.325	Verb
outdoors	3.325	Adverb
peppers	3.325	Noun
phew	3.325	Interjection
powdered	3.325	Adjective
prevail	3.325	Verb
printer	3.325	Noun
routes	3.325	Noun
socrates	3.325	Name
sorted	3.325	Verb
starr	3.325	Name
straws	3.325	Noun
stride	3.325	Noun
thong	3.325	Noun
titty	3.325	Noun
trifle	3.325	Noun
vine	3.325	Noun
yorker	3.325	Name
accepts	3.321	Verb
addicts	3.321	Noun
aggie	3.321	Name
agreeing	3.321	Verb
awakened	3.321	Verb
boarded	3.321	Verb
boulder	3.321	Name
caterer	3.321	Noun
consumer	3.321	Noun
crave	3.321	Verb
detonate	3.321	Verb
email	3.321	Noun
endings	3.321	Noun
faults	3.321	Noun
folding	3.321	Verb
formally	3.321	Adverb
ghastly	3.321	Adjective
grinding	3.321	Verb
guided	3.321	Verb
guiding	3.321	Adjective
gunman	3.321	Noun
haste	3.321	Noun
impotent	3.321	Adjective
index	3.321	Noun
jing	3.321	Name
junkies	3.321	Noun
landlady	3.321	Noun
loathe	3.321	Verb
maggots	3.321	Noun
mailed	3.321	Verb
manure	3.321	Noun
moo	3.321	Noun
nan	3.321	Noun
nasal	3.321	Adjective
naw	3.321	Interjection
owning	3.321	Verb
petunia	3.321	Noun
pioneer	3.321	Noun
plaque	3.321	Noun
quart	3.321	Noun
ravens	3.321	Noun
rhino	3.321	Noun
rooting	3.321	Verb
runners	3.321	Noun
safari	3.321	Noun
sighing	3.321	Verb
smokey	3.321	Name
specs	3.321	Noun
thicker	3.321	Adjective
trend	3.321	Noun
uneasy	3.321	Adjective
unsolved	3.321	Adjective
voters	3.321	Noun
wales	3.321	Name
wilder	3.321	Adjective
wreckage	3.321	Noun
aching	3.317	Verb
admits	3.317	Verb
ava	3.317	Name
beetle	3.317	Noun
biggie	3.317	Noun
blames	3.317	Verb
colonial	3.317	Adjective
consume	3.317	Verb
coyotes	3.317	Noun
decay	3.317	Noun
episodes	3.317	Noun
espresso	3.317	Noun
extras	3.317	Noun
fours	3.317	Number
hobbies	3.317	Noun
hoist	3.317	Verb
howl	3.317	Verb
lakes	3.317	Noun
lowlife	3.317	Noun
lunar	3.317	Adjective
manpower	3.317	Noun
marital	3.317	Adjective
neela	3.317	Name
oats	3.317	Noun
oddly	3.317	Adverb
parental	3.317	Adjective
peachy	3.317	Adjective
plains	3.317	Noun
possum	3.317	Noun
princes	3.317	Noun
puli	3.317	Noun
radios	3.317	Noun
removal	3.317	Noun
seventy	3.317	Number
sleeper	3.317	Noun
spoils	3.317	Noun
stinker	3.317	Noun
supports	3.317	Verb
sweaters	3.317	Noun
taping	3.317	Verb
verified	3.317	Verb
waved	3.317	Verb
weave	3.317	Verb
whooping	3.317	Verb
appoint	3.313	Verb
babysit	3.313	Verb
bale	3.313	Noun
bono	3.313	Noun
brook	3.313	Noun
budge	3.313	Verb
captions	3.313	Noun
clapping	3.313	Verb
cum	3.313	Unclassified
dues	3.313	Noun
educate	3.313	Verb
fairness	3.313	Noun
forum	3.313	Noun
fraction	3.313	Noun
frown	3.313	Verb
gandhi	3.313	Name
glitter	3.313	Noun
gruesome	3.313	Adjective
hybrid	3.313	Noun
intends	3.313	Verb
krauts	3.313	Noun
lamps	3.313	Noun
lavender	3.313	Noun
lotus	3.313	Noun
munich	3.313	Name
onstage	3.313	Adjective
organism	3.313	Noun
outline	3.313	Noun
paging	3.313	Noun
pedal	3.313	Noun
pitched	3.313	Verb
plank	3.313	Noun
pointy	3.313	Adjective
promptly	3.313	Adverb
refrain	3.313	Verb
regarded	3.313	Verb
rewards	3.313	Noun
saul	3.313	Name
scraps	3.313	Noun
specials	3.313	Noun
spooked	3.313	Verb
squads	3.313	Noun
starling	3.313	Noun
surplus	3.313	Adjective
thatcher	3.313	Name
vivid	3.313	Adjective
washer	3.313	Noun
welcomed	3.313	Verb
aide	3.309	Noun
anarchy	3.309	Noun
bateman	3.309	Name
caveman	3.309	Noun
cerebral	3.309	Adjective
chariot	3.309	Noun
cornwall	3.309	Name
cosy	3.309	Adjective
crock	3.309	Noun
delivers	3.309	Verb
divert	3.309	Verb
fiery	3.309	Adjective
frenzy	3.309	Noun
glitch	3.309	Noun
graffiti	3.309	Noun
guild	3.309	Noun
helmets	3.309	Noun
helper	3.309	Noun
hovering	3.309	Verb
humping	3.309	Verb
lantern	3.309	Noun
meltdown	3.309	Noun
midge	3.309	Name
outlook	3.309	Noun
pavement	3.309	Noun
pelvis	3.309	Noun
plugs	3.309	Noun
pretends	3.309	Verb
publicly	3.309	Adverb
radiator	3.309	Noun
refined	3.309	Adjective
render	3.309	Verb
salvador	3.309	Name
scales	3.309	Noun
seafood	3.309	Noun
stacked	3.309	Verb
stoner	3.309	Name
taft	3.309	Name
tribune	3.309	Noun
wrinkles	3.309	Noun
arkansas	3.305	Name
arsenal	3.305	Noun
atta	3.305	Noun
bach	3.305	Name
badges	3.305	Noun
bismarck	3.305	Name
blushing	3.305	Verb
boils	3.305	Verb
booker	3.305	Name
calamity	3.305	Noun
candid	3.305	Adjective
cot	3.305	Noun
cougar	3.305	Noun
dosage	3.305	Noun
dukes	3.305	Noun
geiger	3.305	Name
genesis	3.305	Name
hateful	3.305	Adjective
hick	3.305	Noun
intro	3.305	Noun
maturity	3.305	Noun
outlet	3.305	Noun
polished	3.305	Verb
poo	3.305	Noun
pretzel	3.305	Noun
racers	3.305	Noun
riviera	3.305	Name
roaches	3.305	Noun
rugged	3.305	Adjective
rustling	3.305	Verb
shooters	3.305	Noun
shores	3.305	Noun
simba	3.305	Name
smuggle	3.305	Verb
snuff	3.305	Verb
solitude	3.305	Noun
spoons	3.305	Noun
teamwork	3.305	Noun
tutoring	3.305	Adjective
whats	3.305	Noun
wynn	3.305	Name
absorb	3.3	Verb
aneurysm	3.3	Noun
billing	3.3	Noun
boxers	3.3	Noun
buick	3.3	Noun
carving	3.3	Verb
chapters	3.3	Noun
coronary	3.3	Adjective
cucumber	3.3	Noun
deposits	3.3	Noun
emory	3.3	Name
fidelity	3.3	Noun
floats	3.3	Noun
freckles	3.3	Noun
galahad	3.3	Name
gall	3.3	Noun
gateway	3.3	Noun
git	3.3	Noun
hogs	3.3	Noun
hypnosis	3.3	Noun
impostor	3.3	Noun
jude	3.3	Name
loco	3.3	Noun
manicure	3.3	Noun
mein	3.3	Unclassified
messin	3.3	Noun
midterm	3.3	Noun
mileage	3.3	Noun
moor	3.3	Noun
nerds	3.3	Noun
oblivion	3.3	Noun
paco	3.3	Name
patrols	3.3	Noun
periods	3.3	Noun
pods	3.3	Noun
pollock	3.3	Name
segment	3.3	Noun
span	3.3	Noun
squeaky	3.3	Adjective
steaming	3.3	Adjective
swimsuit	3.3	Noun
tickled	3.3	Verb
tissues	3.3	Noun
whatnot	3.3	Noun
arctic	3.296	Adjective
bah	3.296	Interjection
banished	3.296	Verb
baptized	3.296	Verb
barf	3.296	Verb
butters	3.296	Noun
cecil	3.296	Name
cherries	3.296	Noun
cleanup	3.296	Noun
colombia	3.296	Name
darts	3.296	Noun
devote	3.296	Verb
dome	3.296	Noun
ducky	3.296	Adjective
floss	3.296	Verb
forgery	3.296	Noun
galileo	3.296	Name
gonzo	3.296	Noun
hatchet	3.296	Noun
hula	3.296	Adjective
indy	3.296	Noun
lest	3.296	Conjunction
lodged	3.296	Verb
margin	3.296	Noun
markets	3.296	Noun
menus	3.296	Noun
modified	3.296	Verb
moi	3.296	Unclassified
morally	3.296	Adverb
neural	3.296	Adjective
notre	3.296	Name
obedient	3.296	Adjective
plato	3.296	Name
quoting	3.296	Verb
ridicule	3.296	Noun
siblings	3.296	Noun
signora	3.296	Noun
speakers	3.296	Noun
speedy	3.296	Adjective
stakeout	3.296	Noun
steamed	3.296	Verb
stumble	3.296	Verb
tanker	3.296	Noun
tones	3.296	Noun
topless	3.296	Adjective
tyrone	3.296	Name
walnut	3.296	Noun
winding	3.296	Verb
adultery	3.292	Noun
aimed	3.292	Verb
beginner	3.292	Noun
blasting	3.292	Verb
blizzard	3.292	Noun
bologna	3.292	Noun
briefed	3.292	Verb
chun	3.292	Noun
climax	3.292	Noun
cuisine	3.292	Noun
cuter	3.292	Adjective
dea	3.292	Noun
deprived	3.292	Verb
eyesight	3.292	Noun
franks	3.292	Name
hearty	3.292	Adjective
horrors	3.292	Noun
indiana	3.292	Name
jars	3.292	Noun
labels	3.292	Noun
lawsuits	3.292	Noun
levy	3.292	Name
lora	3.292	Name
marvel	3.292	Noun
multiply	3.292	Verb
nets	3.292	Noun
octopus	3.292	Noun
oeuvres	3.292	Noun
outbreak	3.292	Noun
outrun	3.292	Verb
outs	3.292	Noun
painless	3.292	Adjective
pansy	3.292	Noun
puddle	3.292	Noun
refers	3.292	Verb
reveals	3.292	Verb
serpent	3.292	Noun
sonic	3.292	Adjective
stacks	3.292	Noun
staging	3.292	Noun
statues	3.292	Noun
supplier	3.292	Noun
syringe	3.292	Noun
teens	3.292	Noun
thankyou	3.292	Noun
thud	3.292	Noun
thump	3.292	Verb
tribes	3.292	Noun
urn	3.292	Noun
warsaw	3.292	Name
whit	3.292	Noun
bedside	3.287	Noun
bribed	3.287	Verb
chills	3.287	Noun
cox	3.287	Name
dart	3.287	Noun
decree	3.287	Noun
deluxe	3.287	Noun
descend	3.287	Verb
digits	3.287	Noun
engaging	3.287	Verb
existing	3.287	Adjective
fades	3.287	Verb
fang	3.287	Noun
festive	3.287	Adjective
holed	3.287	Verb
laddie	3.287	Noun
lanes	3.287	Noun
latch	3.287	Noun
likeness	3.287	Noun
looky	3.287	Adjective
muse	3.287	Noun
navigate	3.287	Verb
oasis	3.287	Noun
obsolete	3.287	Adjective
operates	3.287	Verb
orchard	3.287	Noun
pastry	3.287	Noun
peril	3.287	Noun
purdy	3.287	Name
refugee	3.287	Noun
rotate	3.287	Verb
salesmen	3.287	Noun
shameful	3.287	Adjective
sow	3.287	Verb
spins	3.287	Verb
stunts	3.287	Noun
syphilis	3.287	Noun
tents	3.287	Noun
tyrant	3.287	Noun
uncover	3.287	Verb
vaccine	3.287	Noun
vinny	3.287	Name
wham	3.287	Interjection
wildlife	3.287	Noun
wildly	3.287	Adverb
wormhole	3.287	Noun
beggars	3.283	Noun
bolted	3.283	Verb
brochure	3.283	Noun
bulk	3.283	Noun
chico	3.283	Noun
cider	3.283	Noun
composed	3.283	Verb
confide	3.283	Verb
cremated	3.283	Verb
emery	3.283	Noun
equality	3.283	Noun
examples	3.283	Noun
explorer	3.283	Noun
flashy	3.283	Adjective
gilly	3.283	Name
hep	3.283	Verb
knit	3.283	Verb
koreans	3.283	Noun
lazarus	3.283	Noun
leukemia	3.283	Noun
lilies	3.283	Noun
luce	3.283	Name
mart	3.283	Noun
merits	3.283	Noun
muck	3.283	Noun
parted	3.283	Verb
raises	3.283	Verb
sensing	3.283	Verb
shag	3.283	Verb
shapes	3.283	Noun
skater	3.283	Noun
slade	3.283	Name
slices	3.283	Noun
snag	3.283	Verb
snowman	3.283	Noun
sponsors	3.283	Noun
spouse	3.283	Noun
statute	3.283	Noun
unworthy	3.283	Adjective
willows	3.283	Noun
anthem	3.279	Noun
aspen	3.279	Name
bagels	3.279	Noun
baja	3.279	Unclassified
basin	3.279	Noun
carton	3.279	Noun
carts	3.279	Noun
casing	3.279	Noun
checkers	3.279	Noun
chem	3.279	Noun
coffees	3.279	Noun
conquest	3.279	Noun
cravat	3.279	Name
cyprus	3.279	Name
decker	3.279	Noun
denies	3.279	Verb
elijah	3.279	Name
eminence	3.279	Noun
favours	3.279	Noun
forecast	3.279	Noun
fragment	3.279	Noun
frontal	3.279	Adjective
gestures	3.279	Noun
gums	3.279	Noun
hosts	3.279	Noun
hounds	3.279	Noun
indicted	3.279	Verb
interns	3.279	Noun
intubate	3.279	Verb
johns	3.279	Name
kip	3.279	Noun
lending	3.279	Verb
listing	3.279	Noun
milan	3.279	Name
moan	3.279	Verb
montreal	3.279	Name
painters	3.279	Noun
patched	3.279	Verb
pedes	3.279	Name
pegasus	3.279	Name
pistols	3.279	Noun
plow	3.279	Noun
postal	3.279	Adjective
prepped	3.279	Verb
puncture	3.279	Noun
puppets	3.279	Noun
pyramids	3.279	Noun
quo	3.279	Noun
relish	3.279	Verb
ridley	3.279	Name
scrabble	3.279	Noun
sorority	3.279	Noun
stance	3.279	Noun
stun	3.279	Noun
stutter	3.279	Verb
symptom	3.279	Noun
tagged	3.279	Verb
traction	3.279	Noun
tulsa	3.279	Name
tuning	3.279	Verb
underlay	3.279	Noun
watt	3.279	Name
wrinkle	3.279	Noun
amour	3.274	Noun
armory	3.274	Noun
bagged	3.274	Verb
bitching	3.274	Verb
biz	3.274	Noun
bonnet	3.274	Noun
bonny	3.274	Adjective
celery	3.274	Noun
cello	3.274	Noun
chemist	3.274	Noun
chunks	3.274	Noun
concerts	3.274	Noun
connects	3.274	Verb
crates	3.274	Noun
cubes	3.274	Noun
curie	3.274	Name
dearie	3.274	Noun
deceit	3.274	Noun
dissolve	3.274	Verb
dominate	3.274	Verb
drinker	3.274	Noun
eiffel	3.274	Name
emptied	3.274	Verb
exile	3.274	Noun
exorcism	3.274	Noun
fbi	3.274	Name
flakes	3.274	Noun
fret	3.274	Verb
frisbee	3.274	Noun
fuzz	3.274	Noun
goodies	3.274	Noun
gowns	3.274	Noun
grants	3.274	Verb
grizzly	3.274	Adjective
hammered	3.274	Verb
heath	3.274	Name
humbly	3.274	Adverb
ike	3.274	Name
irons	3.274	Noun
jigsaw	3.274	Noun
lobe	3.274	Noun
mach	3.274	Noun
meanest	3.274	Adjective
migraine	3.274	Noun
milky	3.274	Adjective
naples	3.274	Name
nile	3.274	Name
pesos	3.274	Noun
pilgrims	3.274	Noun
plagued	3.274	Verb
plainly	3.274	Adverb
ports	3.274	Noun
pulitzer	3.274	Name
quantity	3.274	Noun
quota	3.274	Noun
rations	3.274	Noun
rigid	3.274	Adjective
rites	3.274	Noun
ruptured	3.274	Verb
seduced	3.274	Verb
speck	3.274	Noun
tribal	3.274	Adjective
valued	3.274	Verb
veterans	3.274	Noun
widows	3.274	Noun
wuss	3.274	Noun
adieu	3.27	Interjection
aloud	3.27	Adverb
amends	3.27	Noun
bane	3.27	Noun
bop	3.27	Verb
breathes	3.27	Verb
brow	3.27	Noun
brussels	3.27	Name
bumping	3.27	Verb
casually	3.27	Adverb
clueless	3.27	Adjective
dalai	3.27	Name
delaware	3.27	Name
dib	3.27	Noun
dipped	3.27	Verb
exposing	3.27	Verb
eyeball	3.27	Noun
foe	3.27	Noun
geometry	3.27	Noun
hectic	3.27	Adjective
lakers	3.27	Name
marcello	3.27	Name
meadows	3.27	Noun
melts	3.27	Verb
midwest	3.27	Name
mockery	3.27	Noun
mortuary	3.27	Noun
nato	3.27	Name
oceans	3.27	Noun
pepsi	3.27	Name
pottery	3.27	Noun
pun	3.27	Noun
ravine	3.27	Noun
revive	3.27	Verb
roscoe	3.27	Name
slab	3.27	Noun
slid	3.27	Verb
slop	3.27	Noun
sod	3.27	Noun
strand	3.27	Noun
surge	3.27	Noun
tasting	3.27	Noun
torso	3.27	Noun
wan	3.27	Verb
acre	3.265	Noun
amp	3.265	Noun
ample	3.265	Adjective
aura	3.265	Noun
bijou	3.265	Noun
blazing	3.265	Verb
burner	3.265	Noun
buttocks	3.265	Noun
buzzard	3.265	Noun
carey	3.265	Name
cassette	3.265	Noun
chord	3.265	Noun
cocks	3.265	Noun
crick	3.265	Name
dealings	3.265	Noun
detain	3.265	Verb
dod	3.265	Name
ell	3.265	Verb
faraway	3.265	Noun
fatigue	3.265	Noun
feminist	3.265	Adjective
gringo	3.265	Noun
handyman	3.265	Noun
homie	3.265	Noun
humane	3.265	Adjective
jameson	3.265	Name
lowered	3.265	Verb
mosquito	3.265	Noun
naam	3.265	Noun
outdoor	3.265	Adjective
outlaws	3.265	Noun
prima	3.265	Noun
pulp	3.265	Noun
putty	3.265	Noun
raffle	3.265	Noun
reeves	3.265	Name
riddles	3.265	Noun
romero	3.265	Name
roper	3.265	Name
screens	3.265	Noun
seizures	3.265	Noun
selfless	3.265	Adjective
spanking	3.265	Noun
spawn	3.265	Noun
spurs	3.265	Noun
stickers	3.265	Noun
trivial	3.265	Adjective
urges	3.265	Noun
vinci	3.265	Name
walkout	3.265	Verb
washes	3.265	Verb
webber	3.265	Name
wilt	3.265	Verb
adjusted	3.26	Verb
armenian	3.26	Adjective
bangs	3.26	Verb
bearer	3.26	Noun
brewery	3.26	Noun
brutally	3.26	Adverb
bunnies	3.26	Noun
chinaman	3.26	Noun
clerks	3.26	Noun
clot	3.26	Noun
coloring	3.26	Noun
cosmetic	3.26	Adjective
crumb	3.26	Noun
cyanide	3.26	Noun
downs	3.26	Noun
dreary	3.26	Adjective
drifted	3.26	Verb
evasive	3.26	Adjective
flunk	3.26	Verb
franco	3.26	Name
freshmen	3.26	Noun
groin	3.26	Noun
heed	3.26	Verb
iceberg	3.26	Noun
imitate	3.26	Verb
incense	3.26	Noun
keyboard	3.26	Noun
kiddies	3.26	Noun
kilos	3.26	Noun
logo	3.26	Noun
markings	3.26	Noun
mazel	3.26	Verb
moist	3.26	Adjective
numbered	3.26	Verb
palp	3.26	Noun
parsons	3.26	Name
pecker	3.26	Noun
pinpoint	3.26	Verb
prone	3.26	Adjective
realtor	3.26	Noun
rodent	3.26	Noun
rods	3.26	Noun
rows	3.26	Noun
slain	3.26	Verb
slugs	3.26	Noun
sparta	3.26	Name
stating	3.26	Verb
suede	3.26	Noun
tainted	3.26	Verb
theaters	3.26	Noun
trot	3.26	Verb
uterus	3.26	Noun
addison	3.256	Name
adores	3.256	Verb
alerted	3.256	Verb
bitty	3.256	Adjective
bouncy	3.256	Adjective
bristol	3.256	Name
cheddar	3.256	Name
coffins	3.256	Noun
commend	3.256	Verb
congrats	3.256	Noun
criteria	3.256	Noun
demented	3.256	Adjective
dimes	3.256	Noun
disperse	3.256	Verb
ethnic	3.256	Adjective
fangs	3.256	Noun
flaws	3.256	Noun
gallows	3.256	Noun
giddy	3.256	Adjective
gramps	3.256	Name
guides	3.256	Noun
hag	3.256	Noun
hernia	3.256	Noun
hobo	3.256	Noun
hogan	3.256	Name
indecent	3.256	Adjective
inhuman	3.256	Adjective
janus	3.256	Name
journals	3.256	Noun
juggling	3.256	Verb
leary	3.256	Name
lollipop	3.256	Noun
lovable	3.256	Adjective
olympus	3.256	Name
overload	3.256	Noun
particle	3.256	Noun
passages	3.256	Noun
piles	3.256	Noun
poses	3.256	Verb
reunited	3.256	Verb
serenity	3.256	Noun
spiral	3.256	Noun
springer	3.256	Noun
suicides	3.256	Noun
talker	3.256	Noun
tiara	3.256	Noun
whipper	3.256	Noun
wrestler	3.256	Noun
abyss	3.251	Noun
algebra	3.251	Noun
amish	3.251	Adjective
barging	3.251	Verb
buds	3.251	Noun
calcium	3.251	Noun
caper	3.251	Noun
cass	3.251	Name
charcoal	3.251	Noun
collects	3.251	Verb
colonies	3.251	Noun
cursing	3.251	Verb
delete	3.251	Verb
dill	3.251	Name
dung	3.251	Noun
farrow	3.251	Name
flunked	3.251	Verb
franz	3.251	Name
gala	3.251	Noun
genetics	3.251	Noun
hiro	3.251	Name
illinois	3.251	Name
lunatics	3.251	Noun
mecca	3.251	Name
modesty	3.251	Noun
muslims	3.251	Noun
nightcap	3.251	Noun
nonstop	3.251	Adverb
normandy	3.251	Name
outgoing	3.251	Adjective
parlour	3.251	Noun
passions	3.251	Noun
perks	3.251	Noun
plotting	3.251	Verb
pyjamas	3.251	Noun
rapper	3.251	Noun
redneck	3.251	Noun
rethink	3.251	Verb
rounding	3.251	Verb
rue	3.251	Name
scamp	3.251	Noun
schemes	3.251	Noun
scottie	3.251	Name
screwy	3.251	Adjective
sedan	3.251	Noun
sequel	3.251	Noun
snail	3.251	Noun
soviets	3.251	Noun
sprayed	3.251	Verb
sutter	3.251	Name
tenure	3.251	Noun
troupe	3.251	Noun
typed	3.251	Verb
vulture	3.251	Noun
whiplash	3.251	Noun
winnings	3.251	Noun
youre	3.251	Verb
zones	3.251	Noun
alumni	3.246	Noun
apt	3.246	Adjective
badger	3.246	Noun
ballpark	3.246	Noun
bela	3.246	Name
bonfire	3.246	Noun
bossy	3.246	Adjective
bows	3.246	Noun
bullies	3.246	Noun
chemo	3.246	Noun
coaches	3.246	Noun
devious	3.246	Adjective
dictate	3.246	Verb
dings	3.246	Noun
eerie	3.246	Adjective
farce	3.246	Noun
fitness	3.246	Noun
fitted	3.246	Verb
flake	3.246	Noun
fluke	3.246	Noun
founding	3.246	Adjective
hondo	3.246	Name
hugs	3.246	Noun
jag	3.246	Name
kai	3.246	Name
leech	3.246	Noun
liang	3.246	Name
liter	3.246	Noun
lumpy	3.246	Adjective
mahjong	3.246	Noun
mavis	3.246	Name
mulligan	3.246	Name
nudity	3.246	Noun
pantry	3.246	Noun
pelican	3.246	Noun
raphael	3.246	Name
releases	3.246	Verb
rewind	3.246	Verb
rubble	3.246	Noun
sage	3.246	Noun
scoring	3.246	Verb
sexist	3.246	Adjective
shifting	3.246	Verb
shreds	3.246	Noun
sinus	3.246	Noun
solely	3.246	Adverb
solemnly	3.246	Adverb
survives	3.246	Verb
thrive	3.246	Verb
tigger	3.246	Name
toenails	3.246	Noun
varsity	3.246	Noun
vole	3.246	Noun
wad	3.246	Noun
whirl	3.246	Noun
whitman	3.246	Name
atoms	3.241	Noun
bidder	3.241	Noun
bio	3.241	Noun
blaring	3.241	Verb
bugle	3.241	Noun
coy	3.241	Adjective
crowned	3.241	Verb
deadbeat	3.241	Noun
defined	3.241	Verb
depended	3.241	Verb
deployed	3.241	Verb
disclose	3.241	Verb
disposed	3.241	Verb
dumber	3.241	Adjective
embedded	3.241	Verb
emerge	3.241	Verb
endorse	3.241	Verb
evaluate	3.241	Verb
faker	3.241	Noun
friar	3.241	Noun
gasp	3.241	Noun
hale	3.241	Name
honks	3.241	Verb
hoof	3.241	Noun
icon	3.241	Noun
insomnia	3.241	Noun
invalid	3.241	Noun
kris	3.241	Name
loch	3.241	Noun
lucifer	3.241	Name
lullaby	3.241	Noun
lumps	3.241	Noun
lupus	3.241	Noun
madge	3.241	Name
martian	3.241	Adjective
meek	3.241	Adjective
motions	3.241	Noun
muffy	3.241	Name
mutation	3.241	Noun
norway	3.241	Name
pearce	3.241	Name
pilar	3.241	Name
pores	3.241	Noun
posture	3.241	Noun
premium	3.241	Noun
racism	3.241	Noun
reacted	3.241	Verb
riddance	3.241	Noun
sandals	3.241	Noun
seaweed	3.241	Noun
senile	3.241	Adjective
slapping	3.241	Verb
stings	3.241	Verb
sums	3.241	Noun
turnip	3.241	Noun
upcoming	3.241	Adjective
virtuous	3.241	Adjective
waive	3.241	Verb
wench	3.241	Noun
wop	3.241	Noun
writ	3.241	Noun
assisted	3.236	Verb
atropine	3.236	Noun
baboon	3.236	Noun
bellies	3.236	Noun
bondage	3.236	Noun
bowels	3.236	Noun
bravest	3.236	Adjective
bulbs	3.236	Noun
canteen	3.236	Noun
chimes	3.236	Noun
decipher	3.236	Verb
demise	3.236	Noun
errors	3.236	Noun
feller	3.236	Noun
gabby	3.236	Name
giggle	3.236	Verb
gill	3.236	Name
hugged	3.236	Verb
jig	3.236	Noun
lax	3.236	Adjective
leaned	3.236	Verb
locket	3.236	Noun
lowly	3.236	Adjective
mindless	3.236	Adjective
momentum	3.236	Noun
negroes	3.236	Noun
nicotine	3.236	Noun
nitro	3.236	Noun
omen	3.236	Noun
orgy	3.236	Noun
paces	3.236	Noun
paste	3.236	Noun
politely	3.236	Adverb
pouch	3.236	Noun
praised	3.236	Verb
resemble	3.236	Verb
sadistic	3.236	Adjective
scarce	3.236	Adjective
servers	3.236	Noun
sewed	3.236	Verb
shabby	3.236	Adjective
shucks	3.236	Interjection
silicon	3.236	Noun
simmer	3.236	Verb
sinful	3.236	Adjective
sinks	3.236	Noun
softer	3.236	Adjective
sorcerer	3.236	Noun
sprouts	3.236	Noun
squawk	3.236	Verb
stoker	3.236	Name
striped	3.236	Adjective
wack	3.236	Verb
warlocks	3.236	Noun
wisteria	3.236	Name
allergy	3.231	Noun
ancestor	3.231	Noun
armour	3.231	Noun
arteries	3.231	Noun
asteroid	3.231	Noun
baskets	3.231	Noun
bloated	3.231	Adjective
bruising	3.231	Adjective
buckaroo	3.231	Noun
bullied	3.231	Verb
busboy	3.231	Noun
canine	3.231	Adjective
canopy	3.231	Noun
chez	3.231	Preposition
compact	3.231	Noun
cords	3.231	Noun
cramps	3.231	Noun
currents	3.231	Noun
democrat	3.231	Noun
dilated	3.231	Verb
doorknob	3.231	Noun
enforce	3.231	Verb
entity	3.231	Noun
esteem	3.231	Noun
feeble	3.231	Adjective
flan	3.231	Noun
flats	3.231	Noun
fleeting	3.231	Adjective
flooding	3.231	Verb
foremost	3.231	Adjective
fridays	3.231	Name
frisky	3.231	Adjective
glasgow	3.231	Name
gras	3.231	Noun
hark	3.231	Verb
hoi	3.231	Interjection
hopped	3.231	Verb
hurray	3.231	Interjection
hustling	3.231	Verb
infinity	3.231	Noun
informal	3.231	Adjective
inquire	3.231	Verb
invading	3.231	Verb
jamming	3.231	Verb
jive	3.231	Noun
lard	3.231	Noun
louse	3.231	Noun
mouthful	3.231	Noun
neglect	3.231	Verb
oaks	3.231	Noun
peers	3.231	Noun
pianist	3.231	Noun
plots	3.231	Noun
plumb	3.231	Adverb
potty	3.231	Noun
presses	3.231	Noun
proceeds	3.231	Noun
puffy	3.231	Adjective
puking	3.231	Verb
rejoice	3.231	Verb
relive	3.231	Verb
renounce	3.231	Verb
resisted	3.231	Verb
roasted	3.231	Adjective
rowan	3.231	Name
sabbath	3.231	Noun
saddest	3.231	Adjective
seaman	3.231	Noun
sellers	3.231	Name
shadowy	3.231	Adjective
smacked	3.231	Verb
snapping	3.231	Verb
spun	3.231	Verb
stalk	3.231	Verb
sturdy	3.231	Adjective
tempo	3.231	Noun
tracer	3.231	Noun
tracing	3.231	Verb
troopers	3.231	Noun
tung	3.231	Name
una	3.231	Noun
upward	3.231	Adjective
vascular	3.231	Adjective
villains	3.231	Noun
vinegar	3.231	Noun
washroom	3.231	Noun
whee	3.231	Interjection
wrinkled	3.231	Adjective
afloat	3.226	Adjective
aladdin	3.226	Name
alden	3.226	Name
angelica	3.226	Name
backside	3.226	Noun
bathrobe	3.226	Noun
bearings	3.226	Noun
blender	3.226	Noun
breached	3.226	Verb
buffer	3.226	Noun
cabot	3.226	Name
calmed	3.226	Verb
cisco	3.226	Name
comp	3.226	Noun
ditto	3.226	Noun
dos	3.226	Noun
doses	3.226	Noun
drying	3.226	Verb
endanger	3.226	Verb
engraved	3.226	Verb
erika	3.226	Name
erratic	3.226	Adjective
exhale	3.226	Noun
finder	3.226	Noun
flapping	3.226	Verb
fringe	3.226	Noun
fuhrer	3.226	Noun
gump	3.226	Name
hacking	3.226	Verb
impound	3.226	Noun
instruct	3.226	Verb
keeler	3.226	Name
lambs	3.226	Noun
lash	3.226	Verb
lisbon	3.226	Name
liza	3.226	Name
lotto	3.226	Noun
malaria	3.226	Noun
marlin	3.226	Name
novelty	3.226	Noun
overrun	3.226	Verb
perky	3.226	Adjective
perv	3.226	Noun
pimple	3.226	Noun
pinkie	3.226	Noun
prostate	3.226	Noun
provoked	3.226	Verb
regent	3.226	Name
ringer	3.226	Noun
roo	3.226	Noun
ruse	3.226	Noun
scans	3.226	Noun
scumbags	3.226	Noun
sedated	3.226	Verb
sha	3.226	Verb
sparkle	3.226	Noun
stature	3.226	Noun
strife	3.226	Noun
summary	3.226	Noun
swallows	3.226	Verb
tasks	3.226	Noun
thieving	3.226	Adjective
threads	3.226	Noun
tightly	3.226	Adverb
tiles	3.226	Noun
topper	3.226	Name
unleash	3.226	Verb
vents	3.226	Noun
voltage	3.226	Noun
wrapper	3.226	Noun
zira	3.226	Name
backbone	3.221	Noun
breakers	3.221	Noun
bungalow	3.221	Noun
burrito	3.221	Noun
cannons	3.221	Noun
cheerio	3.221	Interjection
commie	3.221	Noun
credible	3.221	Adjective
dialed	3.221	Verb
disobey	3.221	Verb
eminent	3.221	Adjective
eskimo	3.221	Adjective
eulogy	3.221	Noun
fanatic	3.221	Noun
graft	3.221	Noun
healer	3.221	Noun
hombre	3.221	Noun
joins	3.221	Verb
largely	3.221	Adverb
lemons	3.221	Noun
malt	3.221	Noun
mango	3.221	Noun
mascot	3.221	Noun
nobility	3.221	Noun
ore	3.221	Noun
primo	3.221	Unclassified
raincoat	3.221	Noun
rephrase	3.221	Verb
reserves	3.221	Noun
rightly	3.221	Adverb
roars	3.221	Verb
sanctity	3.221	Noun
sayonara	3.221	Noun
slamming	3.221	Verb
strauss	3.221	Name
suffice	3.221	Verb
suites	3.221	Noun
sutures	3.221	Noun
swiped	3.221	Verb
texture	3.221	Noun
trapper	3.221	Noun
triage	3.221	Noun
turnout	3.221	Noun
versa	3.221	Adverb
weirder	3.221	Adjective
abusive	3.216	Adjective
accord	3.216	Noun
airway	3.216	Noun
alrighty	3.216	Adjective
assess	3.216	Verb
banjo	3.216	Noun
bonanza	3.216	Noun
bub	3.216	Verb
caged	3.216	Adjective
capone	3.216	Name
choy	3.216	Name
cicero	3.216	Name
courting	3.216	Verb
crutches	3.216	Noun
danes	3.216	Noun
debating	3.216	Verb
delays	3.216	Noun
doubtful	3.216	Adjective
dutchman	3.216	Noun
escorted	3.216	Verb
evolve	3.216	Verb
faulty	3.216	Adjective
ferret	3.216	Noun
fiasco	3.216	Noun
folder	3.216	Noun
frau	3.216	Noun
futures	3.216	Noun
gel	3.216	Noun
gigolo	3.216	Noun
gigs	3.216	Noun
gizmo	3.216	Noun
glands	3.216	Noun
hints	3.216	Noun
hymn	3.216	Noun
hype	3.216	Noun
ing	3.216	Verb
laden	3.216	Verb
lark	3.216	Noun
makeover	3.216	Verb
manually	3.216	Adverb
mast	3.216	Noun
mater	3.216	Noun
moira	3.216	Name
narrowed	3.216	Verb
nix	3.216	Verb
notions	3.216	Noun
ointment	3.216	Noun
penguins	3.216	Noun
planner	3.216	Noun
playoffs	3.216	Noun
raisin	3.216	Noun
rec	3.216	Noun
redeem	3.216	Verb
resource	3.216	Noun
rounded	3.216	Verb
serge	3.216	Name
shea	3.216	Name
stork	3.216	Name
strips	3.216	Noun
surfer	3.216	Noun
swiftly	3.216	Adverb
tracker	3.216	Noun
trojan	3.216	Adjective
vowed	3.216	Verb
warped	3.216	Adjective
whine	3.216	Verb
wondrous	3.216	Adjective
wretch	3.216	Noun
acapulco	3.211	Name
airspace	3.211	Noun
amaze	3.211	Verb
bias	3.211	Noun
blowjob	3.211	Noun
bras	3.211	Noun
brothel	3.211	Noun
calves	3.211	Noun
chilling	3.211	Adjective
chowder	3.211	Noun
coil	3.211	Noun
coz	3.211	Verb
creamed	3.211	Adjective
curses	3.211	Noun
dodging	3.211	Verb
dominant	3.211	Adjective
eyelids	3.211	Noun
farming	3.211	Noun
fetus	3.211	Noun
firms	3.211	Noun
fouled	3.211	Verb
futile	3.211	Adjective
galley	3.211	Noun
gent	3.211	Noun
glare	3.211	Noun
hades	3.211	Name
halo	3.211	Noun
harassed	3.211	Verb
heinous	3.211	Adjective
herbal	3.211	Adjective
hires	3.211	Verb
holder	3.211	Noun
honky	3.211	Adjective
immense	3.211	Adjective
induce	3.211	Verb
kittens	3.211	Noun
lac	3.211	Unclassified
lupe	3.211	Name
marking	3.211	Verb
mets	3.211	Noun
molested	3.211	Verb
nostrils	3.211	Noun
overdo	3.211	Verb
plaid	3.211	Noun
pong	3.211	Noun
popsicle	3.211	Noun
prudent	3.211	Adjective
purge	3.211	Verb
quake	3.211	Noun
recruits	3.211	Noun
rollers	3.211	Noun
sailboat	3.211	Noun
seder	3.211	Noun
slots	3.211	Noun
snore	3.211	Verb
socket	3.211	Noun
spartan	3.211	Adjective
sweats	3.211	Noun
swifty	3.211	Name
swipe	3.211	Verb
swish	3.211	Verb
takeout	3.211	Noun
timed	3.211	Verb
tipping	3.211	Verb
tori	3.211	Name
trenton	3.211	Name
tyranny	3.211	Noun
wallow	3.211	Verb
warheads	3.211	Noun
whoopee	3.211	Interjection
amos	3.206	Name
axis	3.206	Noun
bids	3.206	Noun
blooming	3.206	Adjective
bouncer	3.206	Noun
buts	3.206	Noun
chuckle	3.206	Noun
circular	3.206	Adjective
citation	3.206	Noun
cooped	3.206	Verb
damaging	3.206	Verb
disks	3.206	Noun
divers	3.206	Noun
duration	3.206	Noun
famine	3.206	Noun
forests	3.206	Noun
frail	3.206	Adjective
furs	3.206	Noun
geese	3.206	Noun
granite	3.206	Noun
grits	3.206	Noun
hearse	3.206	Noun
heathen	3.206	Adjective
highland	3.206	Noun
hun	3.206	Name
husky	3.206	Adjective
jackal	3.206	Noun
lagoon	3.206	Noun
latitude	3.206	Noun
levi	3.206	Name
maggot	3.206	Noun
mangy	3.206	Adjective
mic	3.206	Adjective
minions	3.206	Noun
minivan	3.206	Noun
mints	3.206	Noun
muzzle	3.206	Noun
orient	3.206	Name
pang	3.206	Noun
peaks	3.206	Noun
pillar	3.206	Noun
pledged	3.206	Verb
plymouth	3.206	Name
prevents	3.206	Verb
raping	3.206	Verb
reacting	3.206	Verb
reb	3.206	Name
redo	3.206	Noun
renal	3.206	Adjective
reopen	3.206	Verb
rooftop	3.206	Noun
shaker	3.206	Noun
stafford	3.206	Name
stag	3.206	Noun
stairway	3.206	Noun
stamina	3.206	Noun
summons	3.206	Noun
sundae	3.206	Noun
swamped	3.206	Verb
tailing	3.206	Verb
thaw	3.206	Verb
theta	3.206	Noun
titans	3.206	Noun
truths	3.206	Noun
ugliest	3.206	Adjective
vail	3.206	Name
virtues	3.206	Noun
warnings	3.206	Noun
wildcats	3.206	Noun
wisely	3.206	Adverb
wont	3.206	Noun
yarn	3.206	Noun
yearning	3.206	Verb
anders	3.2	Name
bamboo	3.2	Noun
bayonet	3.2	Noun
bonded	3.2	Verb
clarinet	3.2	Noun
coloured	3.2	Adjective
compose	3.2	Verb
cylinder	3.2	Noun
dears	3.2	Noun
declined	3.2	Verb
dex	3.2	Name
dreamy	3.2	Adjective
earnest	3.2	Adjective
eater	3.2	Noun
enlist	3.2	Verb
fertile	3.2	Adjective
flawless	3.2	Adjective
gangsta	3.2	Noun
gloat	3.2	Verb
goodbyes	3.2	Noun
hideout	3.2	Noun
hinges	3.2	Noun
implies	3.2	Verb
jiffy	3.2	Noun
jun	3.2	Name
juries	3.2	Noun
kaiser	3.2	Noun
kilo	3.2	Noun
leaping	3.2	Verb
makers	3.2	Noun
manages	3.2	Verb
misty	3.2	Adjective
occult	3.2	Noun
paolo	3.2	Name
patches	3.2	Noun
patriots	3.2	Noun
petrol	3.2	Noun
plankton	3.2	Noun
popeye	3.2	Name
pta	3.2	Name
quartet	3.2	Noun
ragged	3.2	Adjective
raided	3.2	Verb
railway	3.2	Noun
recalled	3.2	Verb
regina	3.2	Name
scrawny	3.2	Adjective
sever	3.2	Verb
shitload	3.2	Noun
shortest	3.2	Adjective
sicilian	3.2	Adjective
sitter	3.2	Noun
smuggled	3.2	Verb
spoiling	3.2	Verb
sprained	3.2	Verb
streams	3.2	Noun
strut	3.2	Verb
takeover	3.2	Noun
temples	3.2	Noun
tides	3.2	Noun
titanium	3.2	Noun
toot	3.2	Verb
trader	3.2	Noun
trailing	3.2	Verb
vines	3.2	Noun
aerobics	3.195	Noun
aunts	3.195	Noun
banzai	3.195	Noun
berg	3.195	Name
beseech	3.195	Verb
biker	3.195	Noun
biopsy	3.195	Noun
birch	3.195	Name
blondes	3.195	Noun
branded	3.195	Verb
budapest	3.195	Name
burma	3.195	Name
calories	3.195	Noun
carcass	3.195	Noun
costly	3.195	Adjective
critters	3.195	Noun
curls	3.195	Noun
detached	3.195	Verb
disable	3.195	Verb
editors	3.195	Noun
eggnog	3.195	Noun
escrow	3.195	Noun
fakes	3.195	Noun
farley	3.195	Name
finances	3.195	Noun
flo	3.195	Name
fossil	3.195	Noun
freezes	3.195	Verb
frisk	3.195	Verb
fussy	3.195	Adjective
girdle	3.195	Noun
glover	3.195	Name
golfing	3.195	Noun
haiti	3.195	Name
hedge	3.195	Noun
hijack	3.195	Verb
hitter	3.195	Noun
hogg	3.195	Name
hotline	3.195	Noun
irish	3.195	Adjective
kraut	3.195	Noun
leaked	3.195	Verb
lilo	3.195	Noun
luau	3.195	Noun
mirage	3.195	Noun
mistook	3.195	Verb
muscular	3.195	Adjective
onward	3.195	Adverb
optimism	3.195	Noun
pleasing	3.195	Adjective
python	3.195	Noun
quad	3.195	Noun
quahog	3.195	Name
receives	3.195	Verb
rejects	3.195	Verb
repeats	3.195	Verb
revolt	3.195	Noun
risen	3.195	Verb
roaming	3.195	Verb
scanned	3.195	Verb
shrunk	3.195	Verb
sighting	3.195	Noun
soho	3.195	Name
spat	3.195	Verb
splits	3.195	Verb
stalked	3.195	Verb
symbolic	3.195	Adjective
tactic	3.195	Noun
tenor	3.195	Noun
thereby	3.195	Adverb
thorns	3.195	Noun
tuesdays	3.195	Name
tumble	3.195	Verb
turks	3.195	Noun
twister	3.195	Noun
unfit	3.195	Adjective
user	3.195	Noun
youthful	3.195	Adjective
absorbed	3.189	Verb
accessed	3.189	Verb
aorta	3.189	Noun
artwork	3.189	Noun
ballard	3.189	Name
beanie	3.189	Noun
beulah	3.189	Name
blockade	3.189	Noun
bravely	3.189	Adverb
britches	3.189	Noun
cooley	3.189	Name
daisies	3.189	Noun
diva	3.189	Noun
drains	3.189	Noun
fags	3.189	Noun
feat	3.189	Noun
generic	3.189	Adjective
goner	3.189	Noun
grownups	3.189	Noun
guru	3.189	Noun
hamburg	3.189	Name
hearsay	3.189	Noun
hellhole	3.189	Noun
heng	3.189	Name
holdings	3.189	Noun
honoring	3.189	Verb
hoods	3.189	Noun
huns	3.189	Name
java	3.189	Noun
kleenex	3.189	Noun
lateral	3.189	Adjective
leeds	3.189	Name
mag	3.189	Noun
norse	3.189	Noun
openings	3.189	Noun
optimist	3.189	Noun
parson	3.189	Name
pasture	3.189	Noun
peer	3.189	Noun
pelvic	3.189	Adjective
picard	3.189	Name
pinball	3.189	Noun
ploy	3.189	Noun
poachers	3.189	Noun
quarry	3.189	Noun
reflects	3.189	Verb
rem	3.189	Noun
renewed	3.189	Adjective
restrain	3.189	Verb
rut	3.189	Noun
scoffs	3.189	Verb
scrubbed	3.189	Verb
scuba	3.189	Noun
sesame	3.189	Noun
setback	3.189	Noun
shaggy	3.189	Name
shiver	3.189	Verb
shutters	3.189	Noun
sitcom	3.189	Noun
sneaked	3.189	Verb
soar	3.189	Verb
solace	3.189	Noun
stalin	3.189	Name
stalled	3.189	Verb
stung	3.189	Verb
swoop	3.189	Verb
trays	3.189	Noun
vector	3.189	Noun
viewer	3.189	Noun
aches	3.184	Verb
ado	3.184	Noun
bends	3.184	Verb
browns	3.184	Noun
bruiser	3.184	Name
carr	3.184	Name
cashmere	3.184	Noun
chords	3.184	Noun
cockeyed	3.184	Adjective
coombs	3.184	Name
corpus	3.184	Noun
cram	3.184	Verb
daffy	3.184	Name
daycare	3.184	Noun
dialysis	3.184	Noun
dis	3.184	Determiner
dopamine	3.184	Noun
duo	3.184	Noun
edit	3.184	Verb
eldest	3.184	Adjective
err	3.184	Verb
firewood	3.184	Noun
forsaken	3.184	Verb
gains	3.184	Noun
gambled	3.184	Verb
gamblers	3.184	Noun
gears	3.184	Noun
gland	3.184	Noun
graphics	3.184	Noun
hardship	3.184	Noun
haze	3.184	Noun
honorary	3.184	Adjective
hurrying	3.184	Verb
intrigue	3.184	Noun
jailer	3.184	Noun
lifelong	3.184	Adjective
lowe	3.184	Name
mound	3.184	Noun
mushy	3.184	Adjective
napalm	3.184	Noun
nibble	3.184	Verb
parry	3.184	Name
petals	3.184	Noun
petrie	3.184	Name
portia	3.184	Name
ripple	3.184	Noun
saturn	3.184	Name
savannah	3.184	Noun
sensual	3.184	Adjective
sham	3.184	Noun
sheik	3.184	Noun
shrinks	3.184	Noun
silently	3.184	Adverb
slashed	3.184	Verb
sob	3.184	Noun
tic	3.184	Noun
timid	3.184	Adjective
touring	3.184	Verb
twerp	3.184	Noun
twos	3.184	Number
unharmed	3.184	Adjective
unsafe	3.184	Adjective
wallets	3.184	Noun
weakened	3.184	Verb
whilst	3.184	Conjunction
whimpers	3.184	Verb
worldly	3.184	Adjective
accuracy	3.178	Noun
ammonia	3.178	Noun
arabia	3.178	Name
astray	3.178	Adverb
attire	3.178	Noun
blazes	3.178	Noun
blowout	3.178	Noun
cath	3.178	Name
cheapest	3.178	Adjective
cipher	3.178	Noun
clarke	3.178	Name
clowning	3.178	Verb
coded	3.178	Adjective
cupcakes	3.178	Noun
das	3.178	Unclassified
deadwood	3.178	Name
duffel	3.178	Noun
earthly	3.178	Adjective
endeavor	3.178	Noun
firearm	3.178	Noun
fireball	3.178	Noun
framing	3.178	Verb
fraser	3.178	Name
gays	3.178	Noun
giraffe	3.178	Noun
grammy	3.178	Noun
joyful	3.178	Adjective
mandate	3.178	Noun
mano	3.178	Noun
muster	3.178	Verb
nobles	3.178	Noun
omega	3.178	Noun
persona	3.178	Noun
pickled	3.178	Adjective
piled	3.178	Verb
potent	3.178	Adjective
pours	3.178	Verb
privy	3.178	Adjective
shifted	3.178	Verb
siamese	3.178	Adjective
singh	3.178	Name
smarts	3.178	Noun
soften	3.178	Verb
spanked	3.178	Verb
spig	3.178	Name
stamped	3.178	Verb
suppress	3.178	Verb
swimmers	3.178	Noun
tablet	3.178	Noun
tartar	3.178	Adjective
tonsils	3.178	Noun
tum	3.178	Noun
uncanny	3.178	Adjective
unheard	3.178	Adjective
upsets	3.178	Verb
vat	3.178	Noun
vortex	3.178	Noun
widely	3.178	Adverb
woken	3.178	Verb
zak	3.178	Name
badass	3.173	Noun
barren	3.173	Adjective
bleeds	3.173	Verb
blinding	3.173	Adjective
borg	3.173	Name
brats	3.173	Noun
crosby	3.173	Name
deke	3.173	Name
devised	3.173	Verb
dowry	3.173	Noun
emerged	3.173	Verb
enable	3.173	Verb
enclosed	3.173	Adjective
esteemed	3.173	Adjective
eureka	3.173	Interjection
failures	3.173	Noun
fiji	3.173	Name
fixes	3.173	Verb
flushing	3.173	Verb
goober	3.173	Noun
granger	3.173	Name
humorous	3.173	Adjective
ironing	3.173	Noun
italy	3.173	Name
jumba	3.173	Name
lag	3.173	Noun
maternal	3.173	Adjective
midtown	3.173	Noun
mower	3.173	Noun
muller	3.173	Name
nebula	3.173	Noun
playback	3.173	Noun
plump	3.173	Adjective
poorer	3.173	Adjective
pox	3.173	Noun
prune	3.173	Noun
prying	3.173	Verb
railing	3.173	Noun
regions	3.173	Noun
retro	3.173	Adjective
ruckus	3.173	Noun
satchel	3.173	Noun
scouting	3.173	Verb
seer	3.173	Noun
shilling	3.173	Noun
shutdown	3.173	Noun
smallpox	3.173	Noun
speeds	3.173	Noun
splinter	3.173	Noun
stricken	3.173	Adjective
threes	3.173	Number
toyota	3.173	Name
tramps	3.173	Noun
typhoon	3.173	Noun
unclear	3.173	Adjective
uplink	3.173	Noun
vale	3.173	Noun
vicar	3.173	Noun
baghdad	3.167	Name
bom	3.167	Noun
butting	3.167	Verb
buzzards	3.167	Noun
caravan	3.167	Noun
chastity	3.167	Noun
cleanse	3.167	Verb
crewe	3.167	Name
deleted	3.167	Verb
endured	3.167	Verb
farts	3.167	Noun
folly	3.167	Noun
friedman	3.167	Name
gloss	3.167	Noun
grinning	3.167	Verb
guesses	3.167	Noun
heroine	3.167	Noun
hos	3.167	Noun
hots	3.167	Noun
hud	3.167	Name
imagery	3.167	Noun
invaders	3.167	Noun
isaiah	3.167	Name
jiminy	3.167	Name
juggle	3.167	Verb
latex	3.167	Noun
layaway	3.167	Noun
linger	3.167	Verb
lockers	3.167	Noun
lured	3.167	Verb
manila	3.167	Name
marksman	3.167	Noun
miner	3.167	Noun
morpheus	3.167	Name
mystic	3.167	Adjective
narc	3.167	Noun
orgasms	3.167	Noun
outburst	3.167	Noun
overcoat	3.167	Noun
perceive	3.167	Verb
perverts	3.167	Noun
pricks	3.167	Noun
provider	3.167	Noun
puny	3.167	Adjective
quoted	3.167	Verb
reins	3.167	Noun
retract	3.167	Verb
riled	3.167	Verb
rite	3.167	Noun
rummy	3.167	Noun
rundown	3.167	Noun
shalom	3.167	Verb
shelling	3.167	Noun
shutter	3.167	Noun
simplest	3.167	Adjective
sloth	3.167	Noun
sorrows	3.167	Noun
sorting	3.167	Verb
sprinkle	3.167	Verb
staked	3.167	Verb
stockade	3.167	Noun
stormy	3.167	Adjective
stripe	3.167	Noun
sublime	3.167	Adjective
talisman	3.167	Noun
tampered	3.167	Verb
termites	3.167	Noun
tiresome	3.167	Adjective
titan	3.167	Noun
unloaded	3.167	Verb
untrue	3.167	Adjective
valves	3.167	Noun
wines	3.167	Noun
adder	3.161	Noun
alamo	3.161	Noun
attacker	3.161	Noun
aviation	3.161	Noun
blokes	3.161	Noun
bribes	3.161	Noun
burbank	3.161	Name
cadets	3.161	Noun
camper	3.161	Noun
canister	3.161	Noun
carousel	3.161	Noun
chink	3.161	Noun
cluck	3.161	Noun
concepts	3.161	Noun
cramped	3.161	Verb
delegate	3.161	Noun
density	3.161	Noun
detest	3.161	Verb
dismount	3.161	Verb
dubious	3.161	Adjective
dyed	3.161	Verb
eel	3.161	Noun
elm	3.161	Noun
famished	3.161	Adjective
faucet	3.161	Noun
flaps	3.161	Noun
gael	3.161	Name
gauze	3.161	Noun
gazette	3.161	Noun
glucose	3.161	Noun
goalie	3.161	Noun
gravel	3.161	Noun
helium	3.161	Noun
hepburn	3.161	Name
hing	3.161	Verb
hissing	3.161	Verb
hobbit	3.161	Noun
interact	3.161	Verb
jamaican	3.161	Adjective
muir	3.161	Name
panels	3.161	Noun
penance	3.161	Noun
petting	3.161	Verb
polaroid	3.161	Noun
presley	3.161	Name
preview	3.161	Noun
priors	3.161	Noun
quitter	3.161	Noun
raccoon	3.161	Noun
rated	3.161	Verb
reactors	3.161	Noun
rebuilt	3.161	Verb
rematch	3.161	Noun
salts	3.161	Noun
sexiest	3.161	Adjective
siberia	3.161	Name
snug	3.161	Adjective
spur	3.161	Noun
swims	3.161	Verb
syed	3.161	Name
tedious	3.161	Adjective
thrills	3.161	Noun
thumping	3.161	Verb
tract	3.161	Noun
trespass	3.161	Verb
triggers	3.161	Verb
urgency	3.161	Noun
venue	3.161	Noun
wasp	3.161	Noun
whistler	3.161	Name
yap	3.161	Verb
bailing	3.155	Verb
ballad	3.155	Noun
barbaric	3.155	Adjective
bbs	3.155	Name
begs	3.155	Verb
brits	3.155	Noun
bronco	3.155	Noun
brushes	3.155	Noun
busts	3.155	Noun
camels	3.155	Noun
char	3.155	Name
colossal	3.155	Adjective
crescent	3.155	Noun
donut	3.155	Noun
dopey	3.155	Noun
dover	3.155	Name
drones	3.155	Noun
ducking	3.155	Verb
eject	3.155	Verb
elect	3.155	Verb
elusive	3.155	Adjective
enema	3.155	Noun
evicted	3.155	Verb
evils	3.155	Noun
faggots	3.155	Noun
fatter	3.155	Adjective
flares	3.155	Noun
fluff	3.155	Noun
frosting	3.155	Noun
gopher	3.155	Noun
hamper	3.155	Noun
hauled	3.155	Verb
hippo	3.155	Noun
hyena	3.155	Noun
india	3.155	Name
labeled	3.155	Verb
listener	3.155	Noun
llama	3.155	Noun
locating	3.155	Verb
loon	3.155	Noun
marcel	3.155	Name
masseuse	3.155	Noun
melons	3.155	Noun
nameless	3.155	Adjective
orion	3.155	Name
pardner	3.155	Noun
pastures	3.155	Noun
perk	3.155	Noun
piling	3.155	Verb
quickest	3.155	Adjective
regroup	3.155	Verb
reptile	3.155	Noun
rosebud	3.155	Name
rump	3.155	Noun
sahara	3.155	Name
sen	3.155	Noun
septic	3.155	Adjective
shatter	3.155	Verb
shrewd	3.155	Adjective
spikes	3.155	Noun
stained	3.155	Verb
tablets	3.155	Noun
trolley	3.155	Noun
trough	3.155	Noun
trusty	3.155	Adjective
twas	3.155	Noun
widower	3.155	Noun
yippee	3.155	Interjection
apostle	3.149	Noun
auf	3.149	Interjection
authors	3.149	Noun
ave	3.149	Name
bathed	3.149	Verb
breathed	3.149	Verb
brittle	3.149	Adjective
cabbie	3.149	Noun
chapman	3.149	Name
chilled	3.149	Verb
chimps	3.149	Noun
chunky	3.149	Adjective
circled	3.149	Verb
comforts	3.149	Noun
corned	3.149	Adjective
crumble	3.149	Verb
cuddly	3.149	Adverb
debby	3.149	Name
deemed	3.149	Verb
delicacy	3.149	Noun
drills	3.149	Noun
explicit	3.149	Adjective
eyebrow	3.149	Noun
feisty	3.149	Adjective
finesse	3.149	Noun
forwards	3.149	Adverb
freshly	3.149	Adverb
frigid	3.149	Adjective
gadgets	3.149	Noun
garment	3.149	Noun
gout	3.149	Noun
grownup	3.149	Noun
guzzler	3.149	Noun
hallo	3.149	Interjection
hammock	3.149	Noun
hatched	3.149	Verb
hedges	3.149	Noun
homing	3.149	Adjective
hue	3.149	Noun
icing	3.149	Noun
ivory	3.149	Noun
jugular	3.149	Noun
lifeboat	3.149	Noun
marches	3.149	Noun
mediocre	3.149	Adjective
merge	3.149	Verb
milking	3.149	Noun
minded	3.149	Verb
nicked	3.149	Verb
nifty	3.149	Adjective
nimbus	3.149	Name
ogre	3.149	Noun
output	3.149	Noun
panthers	3.149	Noun
parcel	3.149	Noun
pointers	3.149	Noun
quieter	3.149	Adjective
ranking	3.149	Noun
reclaim	3.149	Verb
reload	3.149	Verb
rook	3.149	Noun
rung	3.149	Verb
sipping	3.149	Verb
slang	3.149	Noun
snowball	3.149	Noun
swede	3.149	Noun
tetanus	3.149	Noun
twit	3.149	Noun
unions	3.149	Noun
unkind	3.149	Adjective
veda	3.149	Name
wept	3.149	Verb
wigs	3.149	Noun
wildcat	3.149	Noun
windsor	3.149	Name
wipes	3.149	Verb
yak	3.149	Noun
airports	3.143	Noun
aqua	3.143	Unclassified
banter	3.143	Noun
beirut	3.143	Name
berserk	3.143	Noun
blisters	3.143	Noun
blurry	3.143	Adjective
brighten	3.143	Verb
bubbly	3.143	Adjective
cambodia	3.143	Name
census	3.143	Noun
cleavage	3.143	Noun
crafts	3.143	Noun
crickets	3.143	Noun
crypt	3.143	Noun
daybreak	3.143	Noun
drought	3.143	Noun
ebenezer	3.143	Name
edible	3.143	Adjective
expel	3.143	Verb
fencing	3.143	Noun
flannel	3.143	Noun
flattery	3.143	Noun
frisco	3.143	Name
haystack	3.143	Noun
hearings	3.143	Noun
hickey	3.143	Noun
horrific	3.143	Adjective
hostiles	3.143	Noun
hummer	3.143	Noun
jolt	3.143	Noun
joys	3.143	Noun
kam	3.143	Unclassified
keats	3.143	Name
keepers	3.143	Noun
kindest	3.143	Adjective
landings	3.143	Noun
lapse	3.143	Noun
majestic	3.143	Adjective
manic	3.143	Adjective
marshals	3.143	Noun
mastered	3.143	Verb
mentions	3.143	Verb
mitt	3.143	Noun
nightly	3.143	Adjective
odell	3.143	Name
orestes	3.143	Name
phat	3.143	Noun
piercing	3.143	Verb
poisons	3.143	Noun
powered	3.143	Verb
prestige	3.143	Noun
prude	3.143	Noun
putter	3.143	Noun
puzzled	3.143	Adjective
rabid	3.143	Adjective
scarcely	3.143	Adverb
seasick	3.143	Adjective
sentry	3.143	Noun
shawl	3.143	Noun
smut	3.143	Noun
spooner	3.143	Name
strained	3.143	Verb
syracuse	3.143	Name
thumper	3.143	Noun
tootsie	3.143	Noun
tram	3.143	Noun
trolls	3.143	Noun
unmarked	3.143	Adjective
unwanted	3.143	Adjective
adolf	3.137	Name
almonds	3.137	Noun
alto	3.137	Name
archers	3.137	Noun
aroma	3.137	Noun
ballot	3.137	Noun
banish	3.137	Verb
basil	3.137	Name
beige	3.137	Adjective
boobies	3.137	Noun
boundary	3.137	Noun
bribery	3.137	Noun
carefree	3.137	Adjective
caress	3.137	Verb
coarse	3.137	Adjective
contests	3.137	Noun
corvette	3.137	Name
crease	3.137	Noun
dispense	3.137	Verb
draining	3.137	Verb
dreaded	3.137	Adjective
duds	3.137	Noun
duly	3.137	Adverb
ecstatic	3.137	Adjective
fest	3.137	Noun
geezer	3.137	Noun
ger	3.137	Unclassified
hammers	3.137	Noun
hanger	3.137	Noun
havoc	3.137	Noun
hickory	3.137	Noun
highways	3.137	Noun
honours	3.137	Noun
hormone	3.137	Noun
hurl	3.137	Verb
iceman	3.137	Name
inflict	3.137	Verb
inland	3.137	Adverb
joyous	3.137	Adjective
judicial	3.137	Adjective
lasers	3.137	Noun
literal	3.137	Adjective
lockup	3.137	Noun
malls	3.137	Noun
maniacs	3.137	Noun
meddling	3.137	Verb
norfolk	3.137	Name
nylon	3.137	Noun
othello	3.137	Name
otter	3.137	Noun
outward	3.137	Adverb
oval	3.137	Adjective
pagan	3.137	Adjective
pasadena	3.137	Name
prudence	3.137	Noun
rambling	3.137	Adjective
rips	3.137	Verb
satanic	3.137	Adjective
sauna	3.137	Noun
shank	3.137	Noun
shindig	3.137	Noun
skinned	3.137	Verb
skis	3.137	Noun
solves	3.137	Verb
spiked	3.137	Verb
spooks	3.137	Noun
squeals	3.137	Verb
stair	3.137	Noun
starch	3.137	Noun
suitor	3.137	Noun
tailed	3.137	Verb
tasteful	3.137	Adjective
temporal	3.137	Adjective
thriller	3.137	Noun
trapeze	3.137	Noun
twig	3.137	Noun
unfold	3.137	Verb
waxed	3.137	Adjective
wholly	3.137	Adverb
wilton	3.137	Name
winch	3.137	Noun
abel	3.131	Name
abilene	3.131	Name
adjacent	3.131	Adjective
advising	3.131	Verb
amnesty	3.131	Noun
arterial	3.131	Adjective
aversion	3.131	Noun
bai	3.131	Name
bayou	3.131	Noun
beatings	3.131	Noun
becket	3.131	Name
brethren	3.131	Noun
brogan	3.131	Name
ceased	3.131	Verb
cheques	3.131	Noun
clash	3.131	Noun
cleaver	3.131	Noun
cleric	3.131	Noun
cokes	3.131	Noun
conned	3.131	Verb
consists	3.131	Verb
daft	3.131	Adjective
dangle	3.131	Verb
dar	3.131	Name
deathbed	3.131	Noun
derrick	3.131	Name
detox	3.131	Noun
dialect	3.131	Noun
dildo	3.131	Noun
dribble	3.131	Verb
dwelling	3.131	Noun
estates	3.131	Noun
evident	3.131	Adjective
faintest	3.131	Adjective
floated	3.131	Verb
gentry	3.131	Noun
girly	3.131	Adjective
greased	3.131	Adjective
groupie	3.131	Noun
hagrid	3.131	Name
halftime	3.131	Noun
hansel	3.131	Name
harass	3.131	Verb
hast	3.131	Verb
hens	3.131	Noun
hornet	3.131	Noun
humidity	3.131	Noun
indoor	3.131	Adjective
jacoby	3.131	Name
jest	3.131	Noun
kamikaze	3.131	Noun
kiddie	3.131	Noun
lao	3.131	Name
leaps	3.131	Verb
lint	3.131	Noun
loren	3.131	Name
metres	3.131	Noun
mildly	3.131	Adverb
neatly	3.131	Adverb
newt	3.131	Verb
obituary	3.131	Noun
oils	3.131	Noun
ominous	3.131	Adjective
oversee	3.131	Verb
pear	3.131	Noun
pippin	3.131	Name
pissant	3.131	Noun
portugal	3.131	Name
quail	3.131	Noun
randomly	3.131	Adverb
relic	3.131	Noun
renegade	3.131	Noun
scarier	3.131	Adjective
seams	3.131	Noun
siding	3.131	Verb
spender	3.131	Noun
spunk	3.131	Noun
stampede	3.131	Noun
stats	3.131	Noun
swarm	3.131	Noun
tiniest	3.131	Adjective
trainee	3.131	Noun
ufos	3.131	Noun
unholy	3.131	Adjective
welch	3.131	Name
whup	3.131	Verb
worships	3.131	Verb
archive	3.124	Noun
awoke	3.124	Verb
banister	3.124	Noun
barbed	3.124	Adjective
blossoms	3.124	Noun
bodega	3.124	Noun
bowler	3.124	Noun
boxed	3.124	Verb
bran	3.124	Noun
brooch	3.124	Noun
castor	3.124	Name
chitchat	3.124	Noun
clover	3.124	Noun
cluster	3.124	Noun
commune	3.124	Noun
crimson	3.124	Adjective
crutch	3.124	Noun
crybaby	3.124	Noun
dada	3.124	Noun
deprive	3.124	Verb
dimples	3.124	Noun
duff	3.124	Name
dusting	3.124	Verb
elope	3.124	Verb
embraced	3.124	Verb
equity	3.124	Noun
falsely	3.124	Adverb
fives	3.124	Number
garter	3.124	Noun
godspeed	3.124	Verb
gorge	3.124	Noun
gussie	3.124	Name
hailing	3.124	Verb
headless	3.124	Adjective
hippies	3.124	Noun
homage	3.124	Noun
huff	3.124	Verb
hypnotic	3.124	Adjective
insanely	3.124	Adverb
jube	3.124	Name
leeches	3.124	Noun
linking	3.124	Verb
loins	3.124	Noun
madhouse	3.124	Noun
mailing	3.124	Noun
mandarin	3.124	Noun
medina	3.124	Name
metallic	3.124	Adjective
nacho	3.124	Noun
nutcase	3.124	Noun
outcast	3.124	Noun
outpost	3.124	Noun
para	3.124	Noun
peddling	3.124	Verb
pedestal	3.124	Noun
pellet	3.124	Noun
pleaded	3.124	Verb
poked	3.124	Verb
prodigy	3.124	Noun
raced	3.124	Verb
renowned	3.124	Adjective
rubbers	3.124	Noun
rubs	3.124	Verb
ryder	3.124	Name
scarred	3.124	Verb
scold	3.124	Verb
scourge	3.124	Noun
searches	3.124	Noun
shelters	3.124	Noun
sic	3.124	Adverb
slew	3.124	Verb
squaw	3.124	Noun
stares	3.124	Verb
straps	3.124	Noun
strive	3.124	Verb
stumpy	3.124	Name
toasted	3.124	Verb
tres	3.124	Unclassified
trustees	3.124	Noun
twat	3.124	Noun
twenties	3.124	Number
twirl	3.124	Verb
updated	3.124	Verb
wiki	3.124	Adjective
zillion	3.124	Noun
adjourn	3.118	Verb
advisors	3.118	Noun
allo	3.118	Noun
anthrax	3.118	Noun
asbestos	3.118	Noun
beaut	3.118	Noun
boa	3.118	Noun
boca	3.118	Name
brutus	3.118	Name
burp	3.118	Verb
carotid	3.118	Adjective
chaser	3.118	Noun
chipper	3.118	Adjective
clink	3.118	Noun
commits	3.118	Verb
confer	3.118	Verb
converse	3.118	Verb
copying	3.118	Verb
corp	3.118	Noun
crowbar	3.118	Noun
cures	3.118	Noun
curves	3.118	Noun
cycles	3.118	Noun
dangling	3.118	Verb
dazzling	3.118	Adjective
decisive	3.118	Adjective
deformed	3.118	Adjective
dementia	3.118	Noun
denmark	3.118	Name
desserts	3.118	Noun
dingo	3.118	Noun
dipping	3.118	Verb
donating	3.118	Verb
dorian	3.118	Name
downside	3.118	Noun
duet	3.118	Noun
echoes	3.118	Verb
epiphany	3.118	Noun
farted	3.118	Verb
fetching	3.118	Adjective
feud	3.118	Noun
fixtures	3.118	Noun
flavors	3.118	Noun
foggy	3.118	Adjective
forgives	3.118	Verb
fruity	3.118	Adjective
grimm	3.118	Name
hairdo	3.118	Noun
handgun	3.118	Noun
hangman	3.118	Noun
harmful	3.118	Adjective
hasta	3.118	Interjection
herpes	3.118	Noun
hershey	3.118	Name
hex	3.118	Noun
hisself	3.118	Pronoun
hoodlum	3.118	Noun
hooves	3.118	Noun
impolite	3.118	Adjective
imposed	3.118	Verb
intake	3.118	Noun
jitters	3.118	Noun
kerosene	3.118	Noun
knuckle	3.118	Noun
landfill	3.118	Noun
longed	3.118	Verb
manned	3.118	Adjective
medics	3.118	Noun
mesa	3.118	Name
mocha	3.118	Noun
mod	3.118	Noun
nepal	3.118	Name
outraged	3.118	Adjective
overture	3.118	Noun
pap	3.118	Noun
penal	3.118	Adjective
perverse	3.118	Adjective
pooch	3.118	Noun
prowl	3.118	Noun
raggedy	3.118	Adjective
ration	3.118	Noun
reeks	3.118	Verb
refusal	3.118	Noun
rupture	3.118	Noun
sac	3.118	Noun
scraped	3.118	Verb
sewers	3.118	Noun
sewn	3.118	Verb
shovels	3.118	Noun
sneaks	3.118	Verb
snuggle	3.118	Verb
soothe	3.118	Verb
ting	3.118	Noun
topside	3.118	Noun
trio	3.118	Noun
turban	3.118	Noun
turkeys	3.118	Noun
tush	3.118	Noun
uncool	3.118	Noun
unwind	3.118	Verb
vaginal	3.118	Adjective
vial	3.118	Noun
vials	3.118	Noun
zion	3.118	Name
alpine	3.111	Adjective
austrian	3.111	Adjective
bearded	3.111	Adjective
beetles	3.111	Noun
belgium	3.111	Name
blinked	3.111	Verb
cartel	3.111	Noun
chases	3.111	Verb
chestnut	3.111	Noun
chrome	3.111	Noun
cooled	3.111	Verb
critter	3.111	Noun
cyclops	3.111	Noun
depraved	3.111	Adjective
diagram	3.111	Noun
dias	3.111	Unclassified
disrupt	3.111	Verb
divulge	3.111	Verb
dodger	3.111	Noun
doubting	3.111	Verb
elegance	3.111	Noun
elektra	3.111	Name
emphasis	3.111	Noun
eunuch	3.111	Noun
everest	3.111	Name
exhibits	3.111	Noun
explored	3.111	Verb
export	3.111	Noun
faraday	3.111	Name
faxed	3.111	Verb
fib	3.111	Noun
flashed	3.111	Verb
fliers	3.111	Noun
goblins	3.111	Noun
goddard	3.111	Name
gon	3.111	Verb
grimes	3.111	Name
grinder	3.111	Noun
hallmark	3.111	Noun
hanks	3.111	Name
hiccups	3.111	Noun
investor	3.111	Noun
jove	3.111	Name
knickers	3.111	Noun
lacked	3.111	Verb
lewd	3.111	Adjective
livery	3.111	Noun
lizards	3.111	Noun
louvre	3.111	Name
lucid	3.111	Adjective
luscious	3.111	Adjective
mao	3.111	Name
martians	3.111	Noun
massa	3.111	Noun
maxim	3.111	Noun
memento	3.111	Noun
meril	3.111	Name
minerva	3.111	Name
minors	3.111	Noun
moping	3.111	Verb
morales	3.111	Noun
nelly	3.111	Name
okinawa	3.111	Name
pajama	3.111	Noun
pakistan	3.111	Name
paradox	3.111	Noun
pebble	3.111	Noun
piccolo	3.111	Name
plucked	3.111	Verb
podium	3.111	Noun
posh	3.111	Adjective
pretext	3.111	Noun
registry	3.111	Noun
relocate	3.111	Verb
relying	3.111	Verb
rents	3.111	Verb
rowing	3.111	Noun
runny	3.111	Adjective
saxons	3.111	Noun
scat	3.111	Noun
senora	3.111	Noun
sharper	3.111	Adjective
singular	3.111	Adjective
sirree	3.111	Noun
skilling	3.111	Name
slum	3.111	Noun
sluts	3.111	Noun
snotty	3.111	Adjective
snows	3.111	Verb
swans	3.111	Noun
taj	3.111	Name
tao	3.111	Name
timon	3.111	Name
tolerant	3.111	Adjective
towed	3.111	Verb
trina	3.111	Name
trombone	3.111	Noun
tryouts	3.111	Noun
unclean	3.111	Adjective
vendor	3.111	Noun
weakest	3.111	Adjective
wharf	3.111	Noun
windmill	3.111	Noun
acme	3.105	Noun
altair	3.105	Noun
armpit	3.105	Noun
baddest	3.105	Adjective
barbados	3.105	Name
barred	3.105	Verb
beagle	3.105	Name
bitchy	3.105	Adjective
blitz	3.105	Noun
bogart	3.105	Name
bowing	3.105	Verb
bucking	3.105	Verb
cady	3.105	Name
campfire	3.105	Noun
cater	3.105	Verb
checkout	3.105	Noun
cheeky	3.105	Adjective
clocked	3.105	Verb
commonly	3.105	Adverb
conjure	3.105	Verb
convicts	3.105	Noun
coon	3.105	Noun
creme	3.105	Noun
custard	3.105	Noun
despised	3.105	Verb
displays	3.105	Noun
downfall	3.105	Noun
drago	3.105	Name
dud	3.105	Noun
embark	3.105	Verb
envious	3.105	Adjective
escorts	3.105	Noun
exceed	3.105	Verb
fainting	3.105	Verb
felons	3.105	Noun
fiesta	3.105	Noun
germ	3.105	Noun
gravely	3.105	Adverb
grooming	3.105	Verb
gullible	3.105	Adjective
gunmen	3.105	Noun
haywire	3.105	Adjective
hispanic	3.105	Adjective
hives	3.105	Noun
howls	3.105	Verb
hubba	3.105	Noun
hubble	3.105	Name
imaging	3.105	Noun
imprint	3.105	Noun
iodine	3.105	Noun
jams	3.105	Noun
kyoto	3.105	Name
landmark	3.105	Noun
latter	3.105	Determiner
lear	3.105	Name
lifeless	3.105	Adjective
mascara	3.105	Noun
mid	3.105	Adjective
napping	3.105	Verb
nylons	3.105	Noun
orbital	3.105	Adjective
pacing	3.105	Verb
phoning	3.105	Verb
pints	3.105	Noun
poised	3.105	Verb
pooped	3.105	Verb
pusher	3.105	Noun
pushups	3.105	Noun
rejoin	3.105	Verb
residual	3.105	Adjective
responds	3.105	Verb
richter	3.105	Name
rocker	3.105	Noun
sahib	3.105	Unclassified
sax	3.105	Noun
sedate	3.105	Adjective
showdown	3.105	Noun
skaters	3.105	Noun
slander	3.105	Noun
smokers	3.105	Noun
sneezed	3.105	Verb
stocked	3.105	Verb
stow	3.105	Verb
tampa	3.105	Name
tanning	3.105	Adjective
toolbox	3.105	Noun
toupee	3.105	Noun
trades	3.105	Noun
trampled	3.105	Verb
ulcers	3.105	Noun
valor	3.105	Noun
volts	3.105	Noun
walnuts	3.105	Noun
wannabe	3.105	Noun
whacking	3.105	Verb
yip	3.105	Name
yorkers	3.105	Name
anomaly	3.098	Noun
arabian	3.098	Adjective
arsenic	3.098	Noun
axle	3.098	Noun
bashful	3.098	Adjective
bellboy	3.098	Noun
bona	3.098	Adjective
bonsoir	3.098	Noun
camped	3.098	Verb
caramel	3.098	Noun
carroll	3.098	Name
catfish	3.098	Noun
cesspool	3.098	Noun
charmer	3.098	Noun
coleslaw	3.098	Noun
collars	3.098	Noun
creasy	3.098	Name
develops	3.098	Verb
dialing	3.098	Verb
dobie	3.098	Name
engle	3.098	Name
exceeded	3.098	Verb
featured	3.098	Verb
femme	3.098	Noun
flatten	3.098	Verb
flawed	3.098	Adjective
flips	3.098	Verb
friction	3.098	Noun
genitals	3.098	Noun
gorman	3.098	Name
gunning	3.098	Verb
hoodlums	3.098	Noun
hussy	3.098	Noun
induced	3.098	Verb
infants	3.098	Noun
informer	3.098	Noun
kelp	3.098	Noun
leone	3.098	Noun
leper	3.098	Noun
lor	3.098	Name
malaysia	3.098	Name
measly	3.098	Adverb
meddle	3.098	Verb
moderate	3.098	Adjective
moreover	3.098	Adverb
myths	3.098	Noun
narrows	3.098	Verb
navel	3.098	Noun
neutron	3.098	Noun
nuggets	3.098	Noun
outright	3.098	Adverb
owing	3.098	Verb
playmate	3.098	Noun
plight	3.098	Noun
pol	3.098	Name
pushover	3.098	Noun
regained	3.098	Verb
revised	3.098	Adjective
revoked	3.098	Verb
rugs	3.098	Noun
rushes	3.098	Verb
sacked	3.098	Verb
saddled	3.098	Verb
serene	3.098	Adjective
sketchy	3.098	Adjective
slammer	3.098	Noun
smithy	3.098	Name
sniffs	3.098	Verb
steadman	3.098	Name
stingy	3.098	Adjective
strays	3.098	Noun
terrors	3.098	Noun
tolstoy	3.098	Name
turmoil	3.098	Noun
ugliness	3.098	Noun
users	3.098	Noun
vinyl	3.098	Noun
wart	3.098	Noun
watts	3.098	Name
alps	3.091	Name
arouse	3.091	Verb
avocado	3.091	Noun
bedlam	3.091	Noun
blazer	3.091	Noun
bombings	3.091	Noun
booger	3.091	Noun
breather	3.091	Noun
buzzes	3.091	Verb
capped	3.091	Verb
carpets	3.091	Noun
ceramic	3.091	Adjective
charger	3.091	Noun
cheered	3.091	Verb
congo	3.091	Name
cordial	3.091	Adjective
crit	3.091	Noun
daddies	3.091	Noun
deluded	3.091	Verb
drunkard	3.091	Noun
dublin	3.091	Name
dusted	3.091	Verb
emerging	3.091	Verb
etcetera	3.091	Adverb
exhales	3.091	Verb
fastened	3.091	Verb
fig	3.091	Noun
fished	3.091	Verb
foil	3.091	Noun
gazelle	3.091	Noun
genocide	3.091	Noun
govern	3.091	Verb
grips	3.091	Noun
hairline	3.091	Noun
haunts	3.091	Verb
hefty	3.091	Adjective
hillside	3.091	Noun
hilly	3.091	Adjective
hurried	3.091	Verb
inbound	3.091	Noun
infect	3.091	Verb
isle	3.091	Noun
jiggle	3.091	Verb
kali	3.091	Name
ledger	3.091	Noun
liner	3.091	Noun
mammal	3.091	Noun
manhunt	3.091	Noun
merrier	3.091	Adjective
moisture	3.091	Noun
musicals	3.091	Noun
nitwit	3.091	Noun
obeyed	3.091	Verb
odin	3.091	Name
peaked	3.091	Verb
pimples	3.091	Noun
platonic	3.091	Adjective
poached	3.091	Adjective
pollen	3.091	Noun
portals	3.091	Noun
quaker	3.091	Adjective
rivals	3.091	Noun
roofs	3.091	Noun
salem	3.091	Name
saucy	3.091	Adjective
seagull	3.091	Noun
selves	3.091	Noun
shite	3.091	Noun
shoppers	3.091	Noun
sicker	3.091	Adjective
sixes	3.091	Number
skillet	3.091	Noun
skippy	3.091	Name
smitten	3.091	Verb
smuggler	3.091	Noun
snowed	3.091	Verb
spanky	3.091	Name
spirited	3.091	Adjective
surfers	3.091	Noun
taboo	3.091	Noun
thriving	3.091	Adjective
tumbling	3.091	Verb
unicorns	3.091	Noun
untold	3.091	Adjective
vamos	3.091	Noun
vendetta	3.091	Noun
versions	3.091	Noun
whomever	3.091	Pronoun
wring	3.091	Verb
abusing	3.084	Verb
amir	3.084	Name
animated	3.084	Adjective
baptism	3.084	Noun
barrow	3.084	Name
bikers	3.084	Noun
bilbo	3.084	Name
bling	3.084	Verb
bony	3.084	Adjective
cabinets	3.084	Noun
carnal	3.084	Adjective
chivalry	3.084	Noun
chuckie	3.084	Name
concur	3.084	Verb
cones	3.084	Noun
crayons	3.084	Noun
crowning	3.084	Verb
culinary	3.084	Adjective
daggers	3.084	Noun
dainty	3.084	Adjective
dat	3.084	Determiner
defects	3.084	Noun
dishonor	3.084	Noun
dividing	3.084	Verb
docket	3.084	Noun
drags	3.084	Verb
ducked	3.084	Verb
dummies	3.084	Noun
dusk	3.084	Noun
eels	3.084	Noun
eights	3.084	Number
fidel	3.084	Name
flavour	3.084	Noun
garner	3.084	Name
giddap	3.084	Verb
gills	3.084	Noun
gook	3.084	Noun
greeted	3.084	Verb
grovel	3.084	Verb
gunned	3.084	Verb
hanukkah	3.084	Name
hatcher	3.084	Name
heifer	3.084	Noun
horseman	3.084	Noun
icky	3.084	Adjective
insolent	3.084	Adjective
itches	3.084	Verb
jugs	3.084	Noun
keel	3.084	Verb
learner	3.084	Noun
leftover	3.084	Adjective
lima	3.084	Name
lorry	3.084	Noun
maroon	3.084	Adjective
matey	3.084	Noun
mats	3.084	Noun
mortars	3.084	Noun
necktie	3.084	Noun
nitrogen	3.084	Noun
novelist	3.084	Noun
omelette	3.084	Noun
osmond	3.084	Name
oxide	3.084	Noun
persist	3.084	Verb
pimps	3.084	Noun
pines	3.084	Noun
premise	3.084	Noun
presumed	3.084	Verb
prophets	3.084	Noun
quotes	3.084	Noun
raids	3.084	Noun
regulars	3.084	Noun
replay	3.084	Noun
retained	3.084	Verb
rosary	3.084	Noun
rumba	3.084	Noun
sapphire	3.084	Noun
seaboard	3.084	Noun
securing	3.084	Verb
shredded	3.084	Adjective
slump	3.084	Noun
smoochy	3.084	Adjective
spits	3.084	Verb
spraying	3.084	Verb
stickup	3.084	Noun
stumped	3.084	Verb
swells	3.084	Noun
tarot	3.084	Noun
tink	3.084	Name
triplets	3.084	Noun
trucker	3.084	Noun
tuba	3.084	Noun
tweed	3.084	Noun
vip	3.084	Noun
zoning	3.084	Noun
adopting	3.077	Verb
aims	3.077	Verb
alf	3.077	Name
ballast	3.077	Noun
bel	3.077	Name
bellevue	3.077	Name
bibles	3.077	Noun
bleeder	3.077	Noun
blob	3.077	Noun
bonehead	3.077	Noun
borough	3.077	Noun
bourne	3.077	Name
bowers	3.077	Name
brazen	3.077	Adjective
buoy	3.077	Noun
cadaver	3.077	Noun
cahill	3.077	Name
calms	3.077	Verb
carte	3.077	Noun
caterers	3.077	Noun
cavalier	3.077	Noun
condor	3.077	Noun
cowgirl	3.077	Noun
creamy	3.077	Adjective
croc	3.077	Noun
crucifix	3.077	Noun
cushions	3.077	Noun
dayton	3.077	Name
decadent	3.077	Adjective
decrease	3.077	Verb
din	3.077	Noun
downward	3.077	Adjective
edited	3.077	Verb
electra	3.077	Name
entries	3.077	Noun
erect	3.077	Adjective
excites	3.077	Verb
fickle	3.077	Adjective
filly	3.077	Noun
fins	3.077	Noun
flamingo	3.077	Noun
fraulein	3.077	Noun
groves	3.077	Noun
guitars	3.077	Noun
gutters	3.077	Noun
heals	3.077	Verb
hermit	3.077	Noun
homies	3.077	Noun
humanly	3.077	Adverb
hunts	3.077	Verb
infernal	3.077	Adjective
inhaler	3.077	Noun
laird	3.077	Name
lithium	3.077	Noun
lull	3.077	Noun
lush	3.077	Adjective
malice	3.077	Noun
meaner	3.077	Adjective
milt	3.077	Noun
mite	3.077	Noun
moat	3.077	Noun
moot	3.077	Adjective
mosque	3.077	Noun
mumps	3.077	Noun
newfound	3.077	Adjective
nugget	3.077	Noun
ornery	3.077	Adjective
pamphlet	3.077	Noun
perdy	3.077	Noun
piranha	3.077	Noun
piston	3.077	Noun
pubic	3.077	Adjective
queue	3.077	Noun
rah	3.077	Interjection
recharge	3.077	Verb
resulted	3.077	Verb
reuben	3.077	Name
revival	3.077	Noun
rookies	3.077	Noun
sewage	3.077	Noun
showered	3.077	Verb
silva	3.077	Name
slows	3.077	Verb
slugged	3.077	Verb
smalls	3.077	Noun
smother	3.077	Verb
sores	3.077	Noun
spatter	3.077	Noun
splendor	3.077	Noun
spotless	3.077	Adjective
startle	3.077	Verb
steadily	3.077	Adverb
stoke	3.077	Name
sulfur	3.077	Noun
sulking	3.077	Verb
thinker	3.077	Noun
tiring	3.077	Adjective
torches	3.077	Noun
trans	3.077	Name
verde	3.077	Name
vibrator	3.077	Noun
weaken	3.077	Verb
welsh	3.077	Adjective
whips	3.077	Noun
whoosh	3.077	Interjection
yanked	3.077	Verb
zeppelin	3.077	Name
zing	3.077	Verb
afar	3.07	Adverb
albino	3.07	Noun
appalled	3.07	Adjective
armoured	3.07	Adjective
attracts	3.07	Verb
blimey	3.07	Interjection
buildup	3.07	Noun
calcutta	3.07	Name
cartons	3.07	Noun
clipper	3.07	Noun
clipping	3.07	Noun
combing	3.07	Verb
condone	3.07	Verb
confound	3.07	Verb
croak	3.07	Verb
crushes	3.07	Noun
cutters	3.07	Noun
deuces	3.07	Noun
donors	3.07	Noun
dormant	3.07	Adjective
dost	3.07	Verb
duress	3.07	Noun
evasion	3.07	Noun
excluded	3.07	Verb
farting	3.07	Verb
fastball	3.07	Noun
fates	3.07	Noun
fetal	3.07	Adjective
filipino	3.07	Adjective
fleece	3.07	Noun
fluent	3.07	Adjective
foxes	3.07	Noun
giver	3.07	Noun
gloom	3.07	Noun
hackers	3.07	Noun
hes	3.07	#N/A
homeroom	3.07	Noun
hover	3.07	Verb
indebted	3.07	Adjective
inserted	3.07	Verb
invasive	3.07	Adjective
jericho	3.07	Name
jocks	3.07	Noun
lbs	3.07	Noun
liberate	3.07	Verb
linden	3.07	Name
lingo	3.07	Noun
lowering	3.07	Verb
massages	3.07	Noun
meer	3.07	Name
mistrial	3.07	Noun
molten	3.07	Adjective
mousse	3.07	Noun
mumbo	3.07	Noun
patching	3.07	Verb
phooey	3.07	Noun
pioneers	3.07	Noun
playful	3.07	Adjective
pliers	3.07	Noun
prompt	3.07	Verb
rattled	3.07	Verb
replied	3.07	Verb
rumored	3.07	Verb
rural	3.07	Adjective
saviour	3.07	Noun
scorn	3.07	Noun
sheriffs	3.07	Noun
shimmy	3.07	Noun
simulate	3.07	Verb
snort	3.07	Noun
spam	3.07	Noun
spic	3.07	Adjective
sunup	3.07	Noun
tibetan	3.07	Adjective
ticks	3.07	Noun
twists	3.07	Noun
unified	3.07	Adjective
unjust	3.07	Adjective
unpacked	3.07	Verb
updates	3.07	Noun
uprising	3.07	Noun
urgently	3.07	Adverb
vietcong	3.07	Name
vikings	3.07	Noun
viruses	3.07	Noun
volatile	3.07	Adjective
abrupt	3.063	Adjective
accents	3.063	Noun
alarming	3.063	Adjective
alibis	3.063	Noun
alleys	3.063	Noun
analogy	3.063	Noun
angelina	3.063	Name
aquarius	3.063	Name
assumes	3.063	Verb
autistic	3.063	Adjective
bashed	3.063	Verb
bazaar	3.063	Noun
benign	3.063	Adjective
bess	3.063	Name
blatant	3.063	Adjective
bora	3.063	Name
botched	3.063	Verb
braver	3.063	Adjective
bugler	3.063	Noun
bursts	3.063	Noun
callisto	3.063	Noun
cherokee	3.063	Noun
chile	3.063	Name
commies	3.063	Noun
corona	3.063	Name
crept	3.063	Verb
danke	3.063	Verb
debrief	3.063	Noun
diseased	3.063	Adjective
dominion	3.063	Noun
empathy	3.063	Noun
evolving	3.063	Verb
faction	3.063	Noun
femur	3.063	Noun
flinch	3.063	Verb
floods	3.063	Noun
floppy	3.063	Adjective
fro	3.063	Adverb
fuses	3.063	Noun
gags	3.063	Noun
glee	3.063	Noun
goofing	3.063	Verb
grazing	3.063	Verb
gunfight	3.063	Noun
hardened	3.063	Adjective
heinie	3.063	Noun
heiress	3.063	Noun
horde	3.063	Noun
horizons	3.063	Noun
hurtful	3.063	Adjective
inspires	3.063	Verb
iowa	3.063	Name
joust	3.063	Noun
kern	3.063	Name
klan	3.063	Name
kodiak	3.063	Name
lar	3.063	Name
larynx	3.063	Noun
lawman	3.063	Noun
leased	3.063	Verb
lebanese	3.063	Adjective
limping	3.063	Verb
locally	3.063	Adverb
loops	3.063	Noun
matinee	3.063	Noun
methane	3.063	Noun
mime	3.063	Noun
monoxide	3.063	Noun
mounting	3.063	Verb
movers	3.063	Noun
optional	3.063	Adjective
origins	3.063	Noun
ornament	3.063	Noun
pac	3.063	Name
parched	3.063	Adjective
pathway	3.063	Noun
peking	3.063	Name
potions	3.063	Noun
primal	3.063	Adjective
putt	3.063	Noun
queasy	3.063	Adjective
raiders	3.063	Noun
reformed	3.063	Verb
regal	3.063	Adjective
relating	3.063	Verb
roundup	3.063	Noun
rove	3.063	Verb
rustle	3.063	Verb
sabian	3.063	Adjective
salud	3.063	Verb
sash	3.063	Noun
saucers	3.063	Noun
scrutiny	3.063	Noun
sedation	3.063	Noun
serenade	3.063	Noun
settlers	3.063	Noun
sicko	3.063	Noun
slant	3.063	Noun
smeared	3.063	Verb
spacious	3.063	Adjective
sponges	3.063	Noun
stormed	3.063	Verb
strains	3.063	Noun
sutra	3.063	Name
tardy	3.063	Adjective
testicle	3.063	Noun
ticklish	3.063	Adjective
tnt	3.063	Noun
totaled	3.063	Verb
traits	3.063	Noun
tulips	3.063	Noun
unspoken	3.063	Adjective
upload	3.063	Verb
vila	3.063	Name
voyager	3.063	Name
wartime	3.063	Noun
winged	3.063	Adjective
winslow	3.063	Name
wrecks	3.063	Noun
yapping	3.063	Verb
zee	3.063	Noun
afro	3.055	Noun
airstrip	3.055	Noun
airtight	3.055	Adjective
arming	3.055	Verb
audit	3.055	Noun
banshee	3.055	Noun
battered	3.055	Adjective
bead	3.055	Noun
beaucoup	3.055	Unclassified
bergman	3.055	Name
blume	3.055	Name
bonkers	3.055	Noun
booths	3.055	Noun
calming	3.055	Verb
candies	3.055	Noun
carnage	3.055	Noun
caved	3.055	Verb
chaotic	3.055	Adjective
clinging	3.055	Verb
clippers	3.055	Noun
cloning	3.055	Noun
cocoon	3.055	Noun
condos	3.055	Noun
cortex	3.055	Noun
crandall	3.055	Name
creaks	3.055	Verb
crowding	3.055	Verb
crusader	3.055	Noun
cubans	3.055	Noun
cully	3.055	Adverb
dab	3.055	Noun
defiance	3.055	Noun
doghouse	3.055	Noun
dotty	3.055	Adjective
drumming	3.055	Noun
dual	3.055	Adjective
dwarves	3.055	Noun
eastman	3.055	Name
egghead	3.055	Noun
enrolled	3.055	Verb
ensemble	3.055	Noun
fanfare	3.055	Noun
flask	3.055	Noun
giles	3.055	Name
guinness	3.055	Name
gunpoint	3.055	Noun
hematoma	3.055	Noun
improper	3.055	Adjective
israel	3.055	Name
jefe	3.055	Noun
kennel	3.055	Noun
lawns	3.055	Noun
libido	3.055	Noun
liege	3.055	Noun
lieu	3.055	Preposition
mags	3.055	Noun
mandrake	3.055	Name
marys	3.055	Name
membrane	3.055	Noun
micky	3.055	Name
montage	3.055	Noun
moors	3.055	Noun
mugging	3.055	Noun
nexus	3.055	Noun
nirvana	3.055	Name
nudge	3.055	Noun
offends	3.055	Verb
okey	3.055	Noun
outlive	3.055	Verb
parmesan	3.055	Noun
peekaboo	3.055	Noun
pinching	3.055	Verb
pita	3.055	Noun
prodigal	3.055	Noun
punctual	3.055	Adjective
ratted	3.055	Verb
readily	3.055	Adverb
resumes	3.055	Verb
revere	3.055	Name
reversal	3.055	Noun
riff	3.055	Noun
rotating	3.055	Verb
routines	3.055	Noun
sharpen	3.055	Verb
shudder	3.055	Verb
staple	3.055	Noun
stomachs	3.055	Noun
surreal	3.055	Adjective
tarts	3.055	Noun
themes	3.055	Noun
thermos	3.055	Noun
tidings	3.055	Noun
toros	3.055	Name
tortoise	3.055	Noun
toying	3.055	Verb
ultra	3.055	Adverb
urged	3.055	Verb
utopia	3.055	Name
volcanic	3.055	Adjective
walrus	3.055	Noun
wingman	3.055	Noun
woodland	3.055	Noun
adapted	3.048	Verb
almond	3.048	Noun
analysts	3.048	Noun
anus	3.048	Noun
artifact	3.048	Noun
aztec	3.048	Adjective
baldy	3.048	Noun
bankroll	3.048	Noun
bestow	3.048	Verb
bilge	3.048	Noun
blindly	3.048	Adverb
bowden	3.048	Name
brokers	3.048	Noun
bros	3.048	Noun
bubbling	3.048	Verb
burley	3.048	Name
cajun	3.048	Noun
cannibal	3.048	Noun
casings	3.048	Noun
cavern	3.048	Noun
champs	3.048	Noun
checker	3.048	Noun
cholera	3.048	Noun
clogged	3.048	Verb
coho	3.048	Name
crammed	3.048	Verb
crossbow	3.048	Noun
crower	3.048	Name
crusher	3.048	Noun
cynic	3.048	Noun
dobby	3.048	Name
docked	3.048	Verb
dossier	3.048	Noun
durham	3.048	Name
eggplant	3.048	Noun
expires	3.048	Verb
fancies	3.048	Verb
fide	3.048	Adjective
fleur	3.048	Name
foo	3.048	Name
forbids	3.048	Verb
funnel	3.048	Noun
galactic	3.048	Adjective
gist	3.048	Noun
golfer	3.048	Noun
gooks	3.048	Noun
gull	3.048	Noun
haggard	3.048	Name
halves	3.048	Noun
hatches	3.048	Noun
heroism	3.048	Noun
huts	3.048	Noun
infuser	3.048	Noun
juices	3.048	Noun
laced	3.048	Verb
lai	3.048	Name
latino	3.048	Noun
layne	3.048	Name
leaky	3.048	Adjective
libel	3.048	Noun
lighted	3.048	Verb
luna	3.048	Name
lyric	3.048	Noun
mammals	3.048	Noun
memoirs	3.048	Noun
minerals	3.048	Noun
mitts	3.048	Noun
mudd	3.048	Name
muggers	3.048	Noun
optical	3.048	Adjective
pagoda	3.048	Noun
panicky	3.048	Adjective
papaya	3.048	Noun
parading	3.048	Verb
peeling	3.048	Verb
pips	3.048	Noun
pitches	3.048	Noun
poise	3.048	Noun
ponder	3.048	Verb
pounce	3.048	Verb
prepping	3.048	Verb
prosper	3.048	Verb
radium	3.048	Noun
rance	3.048	Name
rawhide	3.048	Verb
removes	3.048	Verb
replica	3.048	Noun
reside	3.048	Verb
rin	3.048	Name
roebuck	3.048	Name
sanka	3.048	Name
seagulls	3.048	Noun
selden	3.048	Name
semper	3.048	Verb
sideshow	3.048	Noun
signore	3.048	Verb
sim	3.048	Verb
slacks	3.048	Noun
slopes	3.048	Noun
slugger	3.048	Noun
snagged	3.048	Verb
sneezing	3.048	Verb
spasm	3.048	Noun
spatula	3.048	Noun
spruce	3.048	Verb
stomping	3.048	Verb
stooge	3.048	Noun
stooges	3.048	Name
tabloid	3.048	Adjective
tact	3.048	Noun
taipei	3.048	Name
talon	3.048	Noun
tangible	3.048	Adjective
theres	3.048	Noun
tingle	3.048	Noun
tingling	3.048	Verb
tokens	3.048	Noun
tombs	3.048	Noun
upbeat	3.048	Adjective
urging	3.048	Verb
urinate	3.048	Verb
vacate	3.048	Verb
versed	3.048	Verb
verses	3.048	Noun
vests	3.048	Noun
vibrate	3.048	Verb
wronged	3.048	Verb
anecdote	3.04	Noun
appealed	3.04	Verb
aptitude	3.04	Noun
armada	3.04	Noun
arty	3.04	Adjective
aspire	3.04	Verb
astern	3.04	Adverb
atheist	3.04	Noun
auld	3.04	Noun
bellman	3.04	Noun
bland	3.04	Adjective
bleak	3.04	Adjective
boutique	3.04	Noun
brood	3.04	Noun
bunks	3.04	Noun
catheter	3.04	Noun
chainsaw	3.04	Noun
chou	3.04	Name
clamps	3.04	Noun
clanking	3.04	Verb
combed	3.04	Verb
creole	3.04	Adjective
culprit	3.04	Noun
dah	3.04	Interjection
decode	3.04	Verb
deduct	3.04	Verb
deficit	3.04	Noun
dewitt	3.04	Name
diablo	3.04	Name
discard	3.04	Verb
dub	3.04	Verb
ducts	3.04	Noun
dwarfs	3.04	Noun
energies	3.04	Noun
essays	3.04	Noun
exec	3.04	Noun
expanded	3.04	Verb
figment	3.04	Noun
firewall	3.04	Noun
flack	3.04	Name
foxtrot	3.04	Noun
fussing	3.04	Verb
gable	3.04	Name
gander	3.04	Noun
gimmick	3.04	Noun
gore	3.04	Name
greener	3.04	Adjective
hazel	3.04	Name
hoses	3.04	Noun
infidel	3.04	Noun
kimono	3.04	Noun
kinder	3.04	Adjective
lawfully	3.04	Adverb
leans	3.04	Verb
lobotomy	3.04	Noun
looting	3.04	Noun
lowdown	3.04	Noun
metals	3.04	Noun
mixer	3.04	Noun
modem	3.04	Noun
moronic	3.04	Adjective
motels	3.04	Noun
nein	3.04	Noun
nephews	3.04	Noun
newcomer	3.04	Noun
nitrate	3.04	Noun
oars	3.04	Noun
oink	3.04	Verb
padded	3.04	Adjective
parakeet	3.04	Noun
pascal	3.04	Name
peroxide	3.04	Noun
pimping	3.04	Verb
pointer	3.04	Noun
portman	3.04	Name
pout	3.04	Verb
protests	3.04	Noun
proverb	3.04	Noun
rhubarb	3.04	Noun
rift	3.04	Noun
rigging	3.04	Noun
sadist	3.04	Noun
scurvy	3.04	Noun
sensory	3.04	Adjective
shocks	3.04	Noun
shrieks	3.04	Verb
smog	3.04	Noun
soot	3.04	Noun
stalks	3.04	Verb
suzette	3.04	Name
takers	3.04	Noun
tamara	3.04	Name
tat	3.04	Noun
tending	3.04	Verb
ticked	3.04	Verb
ticker	3.04	Noun
timely	3.04	Adjective
tinkles	3.04	Verb
torah	3.04	Name
tote	3.04	Noun
tout	3.04	Noun
trait	3.04	Noun
tribunal	3.04	Noun
tumors	3.04	Noun
untied	3.04	Verb
veer	3.04	Verb
vibes	3.04	Noun
virge	3.04	Verb
withered	3.04	Adjective
wizards	3.04	Noun
abs	3.032	Adjective
actin	3.032	Noun
africans	3.032	Noun
aiding	3.032	Verb
aids	3.032	Noun
backer	3.032	Noun
birdy	3.032	Name
bisexual	3.032	Adjective
boast	3.032	Verb
breeds	3.032	Noun
carbs	3.032	Noun
cheery	3.032	Adjective
chummy	3.032	Adjective
clements	3.032	Name
clicked	3.032	Verb
clitoris	3.032	Noun
coles	3.032	Name
commando	3.032	Noun
copilot	3.032	Noun
crete	3.032	Name
crowns	3.032	Noun
crusty	3.032	Adjective
cuss	3.032	Noun
dawned	3.032	Verb
demeanor	3.032	Noun
desks	3.032	Noun
deviant	3.032	Adjective
devour	3.032	Verb
downed	3.032	Adjective
drifter	3.032	Noun
edema	3.032	Noun
enlarged	3.032	Verb
enzyme	3.032	Noun
femoral	3.032	Adjective
flak	3.032	Noun
format	3.032	Noun
genre	3.032	Noun
gnarly	3.032	Adverb
goatee	3.032	Noun
granting	3.032	Verb
honda	3.032	Name
insure	3.032	Verb
kicker	3.032	Noun
kneeling	3.032	Verb
largo	3.032	Name
licks	3.032	Verb
looney	3.032	Noun
magneto	3.032	Name
mali	3.032	Name
minimize	3.032	Verb
mondo	3.032	Name
mongol	3.032	Noun
moths	3.032	Noun
motivate	3.032	Verb
mutually	3.032	Adverb
nestor	3.032	Name
nines	3.032	Number
nook	3.032	Noun
olden	3.032	Adjective
orcs	3.032	Name
outdone	3.032	Verb
peddle	3.032	Verb
petite	3.032	Adjective
plough	3.032	Verb
ponton	3.032	Name
quarts	3.032	Noun
rabble	3.032	Noun
recounts	3.032	Verb
rivalry	3.032	Noun
rowboat	3.032	Noun
rubies	3.032	Noun
sadder	3.032	Adjective
sandbox	3.032	Noun
savvy	3.032	Noun
scuse	3.032	Verb
sexier	3.032	Adjective
shagging	3.032	Verb
sidle	3.032	Name
smee	3.032	Name
snowy	3.032	Adjective
sodas	3.032	Noun
squeaks	3.032	Verb
stead	3.032	Noun
stroud	3.032	Name
tier	3.032	Noun
tortures	3.032	Noun
tot	3.032	Noun
trashy	3.032	Adjective
umpire	3.032	Noun
uther	3.032	Name
verb	3.032	Noun
violins	3.032	Noun
volumes	3.032	Noun
weaponry	3.032	Noun
wedlock	3.032	Noun
welcomes	3.032	Verb
wreath	3.032	Noun
writings	3.032	Noun
wrongful	3.032	Adjective
adviser	3.024	Noun
ajax	3.024	Name
arises	3.024	Verb
attagirl	3.024	Verb
banning	3.024	Verb
barrage	3.024	Noun
beaufort	3.024	Name
bikinis	3.024	Noun
blares	3.024	Verb
blimp	3.024	Noun
booming	3.024	Verb
brisk	3.024	Adjective
bueno	3.024	Unclassified
cad	3.024	Noun
coherent	3.024	Adjective
collie	3.024	Noun
concede	3.024	Verb
conduit	3.024	Noun
coping	3.024	Verb
copped	3.024	Verb
corinne	3.024	Name
corinth	3.024	Name
crafty	3.024	Adjective
cryptic	3.024	Adjective
darby	3.024	Name
defied	3.024	Verb
dentists	3.024	Noun
derived	3.024	Verb
diagnose	3.024	Verb
diameter	3.024	Noun
dodd	3.024	Name
drape	3.024	Noun
drilled	3.024	Verb
elastic	3.024	Adjective
epilepsy	3.024	Noun
ethic	3.024	Noun
fathom	3.024	Verb
fife	3.024	Name
firstly	3.024	Adverb
flux	3.024	Noun
gregor	3.024	Name
grieves	3.024	Verb
grievous	3.024	Adjective
gulls	3.024	Noun
gutless	3.024	Adjective
hardball	3.024	Noun
hazing	3.024	Verb
heathens	3.024	Noun
hooch	3.024	Noun
horsemen	3.024	Noun
hungary	3.024	Name
implore	3.024	Verb
invoice	3.024	Noun
isabella	3.024	Name
jeepers	3.024	Noun
jeweler	3.024	Noun
kab	3.024	Name
kappa	3.024	Noun
keyhole	3.024	Noun
kickoff	3.024	Noun
kits	3.024	Noun
knobs	3.024	Noun
lacrosse	3.024	Noun
ladyship	3.024	Noun
laurence	3.024	Name
lesions	3.024	Noun
linens	3.024	Noun
loki	3.024	Name
looker	3.024	Noun
luger	3.024	Noun
machete	3.024	Noun
margins	3.024	Noun
mead	3.024	Noun
medusa	3.024	Name
mishap	3.024	Noun
mondays	3.024	Name
mouthing	3.024	Verb
namely	3.024	Adverb
naps	3.024	Noun
nazareth	3.024	Name
nonny	3.024	Noun
orthodox	3.024	Adjective
overhear	3.024	Verb
panty	3.024	Adjective
pard	3.024	Noun
parkway	3.024	Name
peewee	3.024	Noun
pew	3.024	Noun
plums	3.024	Noun
polices	3.024	Verb
posting	3.024	Verb
pranks	3.024	Noun
quickie	3.024	Noun
rails	3.024	Noun
rampage	3.024	Noun
rebirth	3.024	Noun
recreate	3.024	Verb
resented	3.024	Verb
sade	3.024	Name
scenic	3.024	Adjective
seminary	3.024	Noun
sevens	3.024	Number
shaping	3.024	Verb
shootout	3.024	Noun
slumming	3.024	Verb
snapshot	3.024	Noun
soaring	3.024	Verb
squish	3.024	Verb
steamer	3.024	Noun
stout	3.024	Noun
straits	3.024	Noun
swarming	3.024	Verb
tangle	3.024	Verb
telethon	3.024	Noun
thaddeus	3.024	Name
tidal	3.024	Adjective
trucking	3.024	Adjective
ulysses	3.024	Name
uns	3.024	Unclassified
uproar	3.024	Noun
vans	3.024	Noun
viewed	3.024	Verb
violets	3.024	Noun
watchdog	3.024	Noun
whence	3.024	Adverb
wishful	3.024	Adjective
withdrew	3.024	Verb
withhold	3.024	Verb
wrongs	3.024	Noun
yee	3.024	Name
afoot	3.016	Adverb
aka	3.016	Noun
alloy	3.016	Noun
arsonist	3.016	Noun
atlas	3.016	Noun
atop	3.016	Preposition
aunty	3.016	Noun
baa	3.016	Unclassified
ballgame	3.016	Noun
beets	3.016	Noun
blaster	3.016	Noun
boating	3.016	Noun
borne	3.016	Verb
brands	3.016	Noun
browsing	3.016	Verb
buckshot	3.016	Noun
carnegie	3.016	Name
chai	3.016	Noun
charades	3.016	Noun
chefs	3.016	Noun
chests	3.016	Noun
chewie	3.016	Noun
clasp	3.016	Noun
climbs	3.016	Verb
compel	3.016	Verb
crawls	3.016	Verb
craze	3.016	Noun
crud	3.016	Noun
czech	3.016	Adjective
damnit	3.016	Interjection
decor	3.016	Noun
dinky	3.016	Noun
dioxide	3.016	Noun
disciple	3.016	Noun
discord	3.016	Noun
elective	3.016	Adjective
eyeliner	3.016	Noun
figaro	3.016	Name
fletch	3.016	Verb
folds	3.016	Noun
footing	3.016	Noun
fresno	3.016	Name
fuselage	3.016	Noun
gaga	3.016	Noun
ghoul	3.016	Noun
glum	3.016	Adjective
graders	3.016	Noun
grate	3.016	Noun
guile	3.016	Noun
haircuts	3.016	Noun
handbook	3.016	Noun
handcuff	3.016	Verb
hideaway	3.016	Noun
hindu	3.016	Adjective
hydrant	3.016	Noun
imposing	3.016	Verb
insights	3.016	Noun
jagger	3.016	Name
jokers	3.016	Noun
kersey	3.016	Name
libre	3.016	Name
loophole	3.016	Noun
loosened	3.016	Verb
lovey	3.016	Name
lumbar	3.016	Noun
mania	3.016	Noun
meditate	3.016	Verb
minibar	3.016	Noun
mittens	3.016	Noun
mobilize	3.016	Verb
molasses	3.016	Noun
monetary	3.016	Adjective
mormons	3.016	Noun
mural	3.016	Noun
nearing	3.016	Verb
nim	3.016	Verb
opal	3.016	Noun
optic	3.016	Noun
overalls	3.016	Noun
pesky	3.016	Adjective
phobia	3.016	Noun
plastics	3.016	Noun
playboys	3.016	Noun
plotted	3.016	Verb
praises	3.016	Noun
prenup	3.016	Noun
pug	3.016	Noun
rapids	3.016	Noun
receptor	3.016	Noun
remake	3.016	Verb
rhythmic	3.016	Adjective
riffraff	3.016	Noun
roadside	3.016	Noun
roe	3.016	Noun
romulus	3.016	Name
rowdy	3.016	Adjective
salaries	3.016	Noun
scarface	3.016	Name
scoops	3.016	Noun
screamer	3.016	Noun
secluded	3.016	Adjective
seton	3.016	Name
shay	3.016	Name
shorten	3.016	Verb
shroud	3.016	Noun
smelt	3.016	Verb
snoopy	3.016	Adjective
soaps	3.016	Noun
sphinx	3.016	Noun
spout	3.016	Verb
subtitle	3.016	Noun
sweetly	3.016	Adverb
taunting	3.016	Verb
taxis	3.016	Noun
toxins	3.016	Noun
trillion	3.016	Noun
tweezers	3.016	Noun
tycoon	3.016	Noun
unrest	3.016	Noun
unsure	3.016	Adjective
valleys	3.016	Noun
vibrant	3.016	Adjective
wards	3.016	Noun
warts	3.016	Noun
whiny	3.016	Adjective
wiles	3.016	Noun
wimps	3.016	Noun
withheld	3.016	Verb
worthing	3.016	Name
zed	3.016	Name
zit	3.016	Noun
adrift	3.008	Adjective
advisory	3.008	Adjective
astute	3.008	Adjective
booing	3.008	Verb
brill	3.008	Name
candor	3.008	Noun
ceilings	3.008	Noun
chatty	3.008	Adjective
chore	3.008	Noun
cloned	3.008	Verb
coached	3.008	Verb
cong	3.008	Name
cretin	3.008	Noun
crikey	3.008	Interjection
dazzle	3.008	Verb
default	3.008	Noun
dives	3.008	Verb
docs	3.008	Noun
dodo	3.008	Noun
dotted	3.008	Adjective
doves	3.008	Noun
dune	3.008	Noun
emissary	3.008	Noun
envied	3.008	Verb
eraser	3.008	Noun
exclude	3.008	Verb
fateful	3.008	Adjective
freudian	3.008	Adjective
galt	3.008	Name
graces	3.008	Noun
haitian	3.008	Adjective
heresy	3.008	Noun
hither	3.008	Adverb
hogging	3.008	Verb
honeys	3.008	Noun
hubby	3.008	Noun
ignite	3.008	Verb
injure	3.008	Verb
invoke	3.008	Verb
kaput	3.008	Adjective
kingpin	3.008	Noun
lavage	3.008	Noun
lunacy	3.008	Noun
manger	3.008	Noun
mocked	3.008	Verb
montague	3.008	Name
monterey	3.008	Name
mph	3.008	Noun
muffler	3.008	Noun
mumbles	3.008	Verb
nailing	3.008	Verb
neddy	3.008	Name
neurons	3.008	Noun
newer	3.008	Adjective
nike	3.008	Name
outing	3.008	Noun
pearly	3.008	Adjective
perished	3.008	Verb
perm	3.008	Noun
ponytail	3.008	Noun
poultry	3.008	Noun
prays	3.008	Verb
prolong	3.008	Verb
promoter	3.008	Noun
proteins	3.008	Noun
pus	3.008	Noun
renoir	3.008	Noun
reprieve	3.008	Noun
rodents	3.008	Noun
rooted	3.008	Verb
rousseau	3.008	Name
seeming	3.008	Verb
slicing	3.008	Verb
smudge	3.008	Noun
sociable	3.008	Adjective
spaceman	3.008	Noun
squint	3.008	Verb
stems	3.008	Noun
tended	3.008	Verb
tickling	3.008	Verb
tilly	3.008	Name
toil	3.008	Noun
topaz	3.008	Noun
unc	3.008	Noun
unpaid	3.008	Adjective
upstream	3.008	Adverb
vengeful	3.008	Adjective
veta	3.008	Name
watcher	3.008	Noun
waxing	3.008	Verb
yawn	3.008	Verb
activist	2.999	Noun
adamant	2.999	Adjective
albanian	2.999	Adjective
antelope	2.999	Noun
antics	2.999	Noun
armpits	2.999	Noun
barkeep	2.999	Verb
barons	2.999	Noun
bonsai	2.999	Noun
bot	2.999	Noun
bozos	2.999	Noun
brimmer	2.999	Name
broaden	2.999	Verb
bullying	2.999	Verb
callous	2.999	Adjective
canon	2.999	Noun
casts	2.999	Verb
charisma	2.999	Noun
chirping	2.999	Verb
clavicle	2.999	Noun
clerical	2.999	Adjective
clinics	2.999	Noun
comatose	2.999	Adjective
comma	2.999	Noun
confine	2.999	Verb
crewman	2.999	Noun
croft	2.999	Name
defining	2.999	Verb
desolate	2.999	Adjective
diffuse	2.999	Verb
dissect	2.999	Verb
dorky	2.999	Adjective
doubling	2.999	Verb
esquire	2.999	Noun
exorcist	2.999	Noun
fancied	2.999	Verb
flaunt	2.999	Verb
flex	2.999	Verb
floater	2.999	Noun
forearm	2.999	Noun
foresee	2.999	Verb
fullest	2.999	Adjective
garnet	2.999	Name
ghostly	2.999	Adjective
glades	2.999	Noun
glazed	2.999	Adjective
gleam	2.999	Noun
governed	2.999	Verb
grains	2.999	Noun
groucho	2.999	Name
growl	2.999	Noun
guineas	2.999	Noun
gulp	2.999	Verb
hive	2.999	Noun
hybrids	2.999	Noun
jacking	2.999	Verb
jingles	2.999	Noun
kremlin	2.999	Name
kuei	2.999	Name
loafers	2.999	Noun
longs	2.999	Verb
mangled	2.999	Verb
mardi	2.999	Noun
modify	2.999	Verb
molto	2.999	Name
musket	2.999	Noun
newsweek	2.999	Name
oaf	2.999	Noun
org	2.999	Verb
palate	2.999	Noun
patel	2.999	Name
pears	2.999	Noun
perch	2.999	Noun
petit	2.999	Unclassified
plummer	2.999	Name
plunged	2.999	Verb
pokey	2.999	Noun
polluted	2.999	Verb
portions	2.999	Noun
privates	2.999	Noun
profiler	2.999	Noun
profiles	2.999	Noun
proudest	2.999	Adjective
racked	2.999	Verb
rainbows	2.999	Noun
reducing	2.999	Verb
reeling	2.999	Verb
rune	2.999	Name
scheming	2.999	Verb
seasonal	2.999	Adjective
seasoned	2.999	Adjective
senhor	2.999	Name
shi	2.999	Name
shined	2.999	Verb
shotguns	2.999	Noun
shylock	2.999	Noun
slums	2.999	Noun
soggy	2.999	Adjective
stitched	2.999	Verb
stomped	2.999	Verb
studs	2.999	Noun
suntan	2.999	Noun
tallest	2.999	Adjective
tanto	2.999	Unclassified
tarp	2.999	Noun
thereof	2.999	Adverb
upgraded	2.999	Verb
venting	2.999	Noun
vermouth	2.999	Noun
ville	2.999	Unclassified
vomited	2.999	Verb
waldorf	2.999	Name
watchers	2.999	Noun
weasels	2.999	Noun
wedged	2.999	Verb
wildfire	2.999	Noun
workmen	2.999	Noun
zephyr	2.999	Noun
zeros	2.999	Noun
zulu	2.999	Noun
acoustic	2.991	Adjective
admirers	2.991	Noun
ambrosia	2.991	Noun
amps	2.991	Noun
arcadia	2.991	Name
asinine	2.991	Adjective
asphalt	2.991	Noun
assorted	2.991	Adjective
astral	2.991	Adjective
bigfoot	2.991	Noun
bleached	2.991	Adjective
bog	2.991	Noun
bordeaux	2.991	Name
boycott	2.991	Noun
brisbane	2.991	Name
brooding	2.991	Adjective
burgess	2.991	Name
camilla	2.991	Name
cannoli	2.991	Noun
canvass	2.991	Noun
cashing	2.991	Verb
cayman	2.991	Name
centered	2.991	Verb
cooter	2.991	Noun
cordon	2.991	Noun
crackpot	2.991	Noun
cultured	2.991	Adjective
curling	2.991	Noun
daydream	2.991	Verb
deader	2.991	Adjective
defends	2.991	Verb
desist	2.991	Verb
didnt	2.991	#N/A
disloyal	2.991	Adjective
dole	2.991	Noun
earns	2.991	Verb
eloquent	2.991	Adjective
enhanced	2.991	Adjective
exiled	2.991	Verb
extends	2.991	Verb
favored	2.991	Verb
financed	2.991	Verb
flagship	2.991	Noun
forklift	2.991	Noun
fueled	2.991	Verb
galaxies	2.991	Noun
garde	2.991	Noun
humbug	2.991	Noun
innings	2.991	Noun
innit	2.991	#N/A
ironed	2.991	Verb
judo	2.991	Noun
kegs	2.991	Noun
lament	2.991	Verb
lavatory	2.991	Noun
lowers	2.991	Verb
mahal	2.991	Name
matzo	2.991	Noun
mayan	2.991	Adjective
mending	2.991	Verb
muff	2.991	Noun
mugger	2.991	Noun
napa	2.991	Name
nudie	2.991	Noun
nursed	2.991	Verb
oily	2.991	Adjective
overflow	2.991	Noun
padding	2.991	Noun
pant	2.991	Noun
partake	2.991	Verb
pastrami	2.991	Noun
patrons	2.991	Noun
pavilion	2.991	Noun
plural	2.991	Noun
punchy	2.991	Adjective
purest	2.991	Adjective
purses	2.991	Noun
quark	2.991	Name
rackets	2.991	Noun
racy	2.991	Adjective
rampant	2.991	Adjective
ranked	2.991	Verb
rapists	2.991	Noun
reefer	2.991	Noun
refinery	2.991	Noun
reggae	2.991	Noun
relics	2.991	Noun
renewal	2.991	Noun
riddled	2.991	Verb
scratchy	2.991	Noun
seducing	2.991	Verb
settings	2.991	Noun
sho	2.991	Noun
sibling	2.991	Noun
sixties	2.991	Number
slinky	2.991	Adjective
smoother	2.991	Adjective
spectre	2.991	Noun
spinster	2.991	Noun
stalls	2.991	Noun
stub	2.991	Noun
succeeds	2.991	Verb
swill	2.991	Noun
systolic	2.991	Adjective
tabloids	2.991	Noun
terrier	2.991	Noun
testy	2.991	Noun
tourette	2.991	Name
triads	2.991	Noun
tut	2.991	Interjection
uglier	2.991	Adjective
underdog	2.991	Noun
unlisted	2.991	Adjective
unravel	2.991	Verb
valance	2.991	Noun
vixen	2.991	Noun
waiver	2.991	Noun
watered	2.991	Verb
weirdos	2.991	Noun
workup	2.991	Noun
yearn	2.991	Verb
zucchini	2.991	Noun
adm	2.982	Name
anterior	2.982	Adjective
audacity	2.982	Noun
baggy	2.982	Adjective
beamed	2.982	Verb
bedpan	2.982	Noun
belgian	2.982	Adjective
beret	2.982	Noun
bertram	2.982	Name
biceps	2.982	Noun
blister	2.982	Noun
bloc	2.982	Name
blot	2.982	Verb
bobsled	2.982	Adjective
bohemian	2.982	Adjective
bookcase	2.982	Noun
braid	2.982	Noun
brainy	2.982	Adjective
brewing	2.982	Noun
britt	2.982	Name
buckland	2.982	Name
builder	2.982	Noun
bulge	2.982	Noun
bulkhead	2.982	Noun
buzzed	2.982	Verb
cabins	2.982	Noun
catalina	2.982	Name
cite	2.982	Verb
clergy	2.982	Noun
clouded	2.982	Verb
clout	2.982	Noun
clutter	2.982	Noun
cmdr	2.982	Noun
coals	2.982	Noun
cometh	2.982	Verb
concerto	2.982	Noun
contend	2.982	Verb
corsage	2.982	Noun
covet	2.982	Verb
crunchy	2.982	Adjective
curing	2.982	Verb
cutbacks	2.982	Noun
daedalus	2.982	Noun
demerol	2.982	Noun
dismal	2.982	Adjective
dolce	2.982	Name
dreamers	2.982	Noun
dries	2.982	Verb
earnings	2.982	Noun
enduring	2.982	Adjective
exiting	2.982	Verb
exploits	2.982	Noun
fanatics	2.982	Noun
fats	2.982	Noun
fiercely	2.982	Adverb
filet	2.982	Noun
filters	2.982	Noun
flirted	2.982	Verb
font	2.982	Noun
foxhole	2.982	Noun
fray	2.982	Noun
furnish	2.982	Verb
gallop	2.982	Noun
gar	2.982	Name
gimp	2.982	Noun
goblin	2.982	Noun
godson	2.982	Noun
gothic	2.982	Adjective
grit	2.982	Noun
gutted	2.982	Verb
hangers	2.982	Noun
hap	2.982	Name
hunches	2.982	Noun
hymns	2.982	Noun
imitates	2.982	Verb
infested	2.982	Verb
irritate	2.982	Verb
kuwait	2.982	Name
layman	2.982	Noun
licenses	2.982	Noun
locator	2.982	Noun
luckier	2.982	Adjective
maitre	2.982	Noun
makings	2.982	Noun
mamie	2.982	Name
martyrs	2.982	Noun
mau	2.982	Name
milkman	2.982	Noun
misled	2.982	Verb
mowing	2.982	Verb
murmur	2.982	Noun
nene	2.982	Name
nippy	2.982	Adjective
nutshell	2.982	Noun
oedipus	2.982	Name
ostrich	2.982	Noun
pail	2.982	Noun
passover	2.982	Noun
pecan	2.982	Noun
pelt	2.982	Name
pillars	2.982	Noun
pious	2.982	Adjective
playtime	2.982	Noun
plunger	2.982	Adjective
postage	2.982	Noun
prose	2.982	Noun
rapping	2.982	Verb
redirect	2.982	Verb
relied	2.982	Verb
retards	2.982	Noun
romances	2.982	Noun
roped	2.982	Verb
sancho	2.982	Name
savor	2.982	Verb
scruples	2.982	Noun
seizing	2.982	Verb
shears	2.982	Noun
sheen	2.982	Name
shocker	2.982	Noun
shunt	2.982	Noun
silo	2.982	Noun
skimming	2.982	Verb
spotter	2.982	Noun
squashed	2.982	Verb
stiffs	2.982	Noun
strayed	2.982	Verb
streaks	2.982	Noun
sugars	2.982	Noun
suns	2.982	Noun
surname	2.982	Noun
swig	2.982	Noun
sycamore	2.982	Noun
tae	2.982	Preposition
tanked	2.982	Verb
teased	2.982	Verb
thinkers	2.982	Noun
topped	2.982	Verb
towing	2.982	Verb
twa	2.982	Name
undies	2.982	Noun
unwise	2.982	Adjective
uphill	2.982	Adverb
upriver	2.982	Adverb
voc	2.982	Noun
wali	2.982	Noun
warship	2.982	Noun
wicker	2.982	Noun
wrongly	2.982	Adverb
xerox	2.982	Name
yawning	2.982	Verb
yonkers	2.982	Name
adhesive	2.973	Noun
allez	2.973	Verb
ama	2.973	Noun
amorous	2.973	Adjective
angst	2.973	Noun
aryan	2.973	Adjective
ascend	2.973	Verb
assaults	2.973	Noun
attain	2.973	Verb
baffled	2.973	Verb
barriers	2.973	Noun
biased	2.973	Adjective
binge	2.973	Noun
blasts	2.973	Noun
bookies	2.973	Noun
brides	2.973	Noun
brisket	2.973	Noun
buenas	2.973	Unclassified
calculus	2.973	Noun
chime	2.973	Verb
clair	2.973	Name
cleaves	2.973	Name
clemency	2.973	Noun
coasters	2.973	Noun
coils	2.973	Noun
collide	2.973	Verb
corso	2.973	Name
crabby	2.973	Adjective
crazies	2.973	Noun
curator	2.973	Noun
curled	2.973	Verb
defeats	2.973	Noun
defiant	2.973	Adjective
disarmed	2.973	Verb
divorces	2.973	Noun
doable	2.973	Adjective
dumbo	2.973	Noun
editions	2.973	Noun
enigma	2.973	Noun
enzymes	2.973	Noun
fend	2.973	Verb
flanders	2.973	Name
fondue	2.973	Noun
footwork	2.973	Noun
fronts	2.973	Noun
fruitful	2.973	Adjective
geology	2.973	Noun
ghouls	2.973	Noun
groan	2.973	Noun
gully	2.973	Noun
hays	2.973	Name
helluva	2.973	Adjective
heman	2.973	Name
hippy	2.973	Noun
hiss	2.973	Verb
hoe	2.973	Noun
homely	2.973	Adjective
honcho	2.973	Noun
ich	2.973	Unclassified
inferno	2.973	Noun
klutz	2.973	Noun
lats	2.973	Name
lucked	2.973	Verb
lynching	2.973	Noun
minion	2.973	Noun
mogul	2.973	Noun
mommies	2.973	Noun
morg	2.973	Name
nazarene	2.973	Name
nectar	2.973	Noun
niche	2.973	Noun
nite	2.973	Adjective
oozing	2.973	Verb
ordnance	2.973	Noun
outback	2.973	Noun
packets	2.973	Noun
paroled	2.973	Verb
peeper	2.973	Noun
pigtails	2.973	Noun
pistons	2.973	Noun
poaching	2.973	Verb
pollack	2.973	Name
poppin	2.973	Noun
pouting	2.973	Verb
proclaim	2.973	Verb
proofs	2.973	Noun
psychos	2.973	Noun
queers	2.973	Noun
qui	2.973	Unclassified
quince	2.973	Noun
quirks	2.973	Noun
rancher	2.973	Noun
relapse	2.973	Noun
rerun	2.973	Noun
rhythms	2.973	Noun
ringside	2.973	Noun
rouse	2.973	Verb
sass	2.973	Name
scarring	2.973	Verb
scholars	2.973	Noun
scrapes	2.973	Noun
seatbelt	2.973	Noun
seeker	2.973	Noun
shackles	2.973	Noun
shambles	2.973	Noun
sidebar	2.973	Noun
silencer	2.973	Noun
slaying	2.973	Verb
snippy	2.973	Adjective
snorting	2.973	Verb
soles	2.973	Noun
sory	2.973	Adjective
spartans	2.973	Noun
spiller	2.973	Name
spud	2.973	Noun
stiffed	2.973	Verb
strudel	2.973	Noun
suave	2.973	Adjective
sunsets	2.973	Noun
sup	2.973	Verb
suzuki	2.973	Name
talmud	2.973	Name
tarn	2.973	Noun
therein	2.973	Adverb
tinkle	2.973	Noun
tock	2.973	Verb
toga	2.973	Noun
topics	2.973	Noun
trimmed	2.973	Verb
turnpike	2.973	Noun
tutti	2.973	Name
vamp	2.973	Noun
vary	2.973	Verb
wattle	2.973	Noun
weir	2.973	Name
wither	2.973	Verb
wrestled	2.973	Verb
acne	2.964	Noun
althea	2.964	Noun
angina	2.964	Noun
antlers	2.964	Noun
archduke	2.964	Noun
barley	2.964	Noun
barter	2.964	Verb
bazooka	2.964	Noun
bestowed	2.964	Verb
bistro	2.964	Noun
blunder	2.964	Noun
brie	2.964	Noun
bundles	2.964	Noun
burro	2.964	Noun
cabana	2.964	Noun
chimera	2.964	Name
chloride	2.964	Noun
choya	2.964	Name
coconuts	2.964	Noun
confetti	2.964	Noun
conner	2.964	Name
cynicism	2.964	Noun
damascus	2.964	Name
dashed	2.964	Verb
degraded	2.964	Verb
devoured	2.964	Verb
disturbs	2.964	Verb
dodged	2.964	Verb
dojo	2.964	Noun
drainage	2.964	Noun
drat	2.964	Verb
dugout	2.964	Noun
egos	2.964	Noun
elixir	2.964	Noun
ese	2.964	Noun
expire	2.964	Verb
fatality	2.964	Noun
feline	2.964	Adjective
flagged	2.964	Verb
forsake	2.964	Verb
freeing	2.964	Verb
gangrene	2.964	Noun
garbled	2.964	Adjective
gazebo	2.964	Noun
grazed	2.964	Verb
gringos	2.964	Noun
grisly	2.964	Adjective
groggy	2.964	Adjective
gusto	2.964	Noun
handmade	2.964	Adjective
hops	2.964	Noun
humbled	2.964	Verb
innuendo	2.964	Noun
issuing	2.964	Verb
lenient	2.964	Adjective
lepers	2.964	Noun
limpet	2.964	Noun
liven	2.964	Verb
locusts	2.964	Noun
logging	2.964	Verb
lookee	2.964	Noun
lovingly	2.964	Adverb
lox	2.964	Noun
lutheran	2.964	Adjective
magnets	2.964	Noun
mapped	2.964	Verb
mayberry	2.964	Name
midterms	2.964	Noun
monogamy	2.964	Noun
nominate	2.964	Verb
nominees	2.964	Noun
nuthouse	2.964	Noun
offhand	2.964	Adverb
opus	2.964	Noun
osaka	2.964	Name
paddling	2.964	Verb
pally	2.964	Adverb
pendant	2.964	Noun
phi	2.964	Noun
pico	2.964	Name
prado	2.964	Name
prancing	2.964	Verb
prissy	2.964	Adjective
prompted	2.964	Verb
proxy	2.964	Noun
pups	2.964	Noun
purser	2.964	Noun
reapers	2.964	Noun
rectal	2.964	Adjective
reek	2.964	Verb
reps	2.964	Noun
robs	2.964	Verb
saran	2.964	Noun
sardine	2.964	Noun
scented	2.964	Adjective
sculptor	2.964	Noun
sealing	2.964	Verb
showgirl	2.964	Noun
simplify	2.964	Verb
slavers	2.964	Noun
slobs	2.964	Noun
snarling	2.964	Verb
snooze	2.964	Verb
snores	2.964	Verb
soiled	2.964	Verb
sparring	2.964	Noun
specify	2.964	Verb
sprout	2.964	Verb
stacking	2.964	Noun
steamy	2.964	Adjective
steers	2.964	Noun
stickler	2.964	Noun
stinging	2.964	Adjective
stoney	2.964	Name
stunk	2.964	Verb
sunken	2.964	Adjective
swirl	2.964	Noun
swirling	2.964	Verb
tagging	2.964	Verb
tait	2.964	Name
taker	2.964	Noun
tane	2.964	Noun
teammate	2.964	Noun
terra	2.964	Name
tots	2.964	Noun
toured	2.964	Verb
toxin	2.964	Noun
travesty	2.964	Noun
tripod	2.964	Noun
tubs	2.964	Noun
turbine	2.964	Noun
twelfth	2.964	Number
twirling	2.964	Verb
ulterior	2.964	Adjective
upfront	2.964	Adverb
upwards	2.964	Adverb
vandals	2.964	Noun
vaults	2.964	Noun
veto	2.964	Noun
voucher	2.964	Noun
windpipe	2.964	Noun
yous	2.964	Pronoun
abruptly	2.955	Adverb
adjutant	2.955	Noun
aired	2.955	Verb
airways	2.955	Noun
amid	2.955	Preposition
analyse	2.955	Verb
android	2.955	Noun
barnyard	2.955	Noun
bavarian	2.955	Adjective
bianco	2.955	Name
bitsy	2.955	Adjective
boudoir	2.955	Noun
bounces	2.955	Verb
brewer	2.955	Name
brim	2.955	Noun
brit	2.955	Noun
broth	2.955	Noun
burdens	2.955	Noun
campers	2.955	Noun
castles	2.955	Noun
chisel	2.955	Verb
chutes	2.955	Noun
cleverly	2.955	Adverb
clones	2.955	Noun
commute	2.955	Verb
corset	2.955	Noun
cramping	2.955	Verb
damsel	2.955	Noun
defines	2.955	Verb
deserts	2.955	Noun
dictated	2.955	Verb
dined	2.955	Verb
dominoes	2.955	Noun
dumpling	2.955	Noun
dunes	2.955	Noun
echelon	2.955	Noun
emp	2.955	Noun
enlarge	2.955	Verb
entrails	2.955	Noun
evade	2.955	Verb
fiddler	2.955	Noun
finely	2.955	Adverb
finland	2.955	Name
flaky	2.955	Adjective
flipper	2.955	Noun
flunking	2.955	Verb
folklore	2.955	Noun
foyer	2.955	Noun
freedoms	2.955	Noun
fulfil	2.955	Verb
garters	2.955	Noun
glaze	2.955	Noun
glendale	2.955	Name
godsend	2.955	Noun
grange	2.955	Name
groping	2.955	Verb
gumbo	2.955	Noun
gunnery	2.955	Noun
handbags	2.955	Noun
harem	2.955	Noun
humid	2.955	Adjective
hyper	2.955	Adjective
iceland	2.955	Name
ignores	2.955	Verb
indict	2.955	Verb
interval	2.955	Noun
joyride	2.955	Noun
kindred	2.955	Adjective
laguna	2.955	Name
lasso	2.955	Noun
leapt	2.955	Verb
liquids	2.955	Noun
lis	2.955	Name
maximize	2.955	Verb
militant	2.955	Adjective
mooch	2.955	Noun
morn	2.955	Noun
moya	2.955	Name
mythical	2.955	Adjective
nautical	2.955	Adjective
nemesis	2.955	Noun
ninny	2.955	Noun
notches	2.955	Noun
nucleus	2.955	Noun
odyssey	2.955	Noun
oscars	2.955	Noun
outcasts	2.955	Noun
outlawed	2.955	Verb
outlets	2.955	Noun
ovation	2.955	Noun
parton	2.955	Name
paved	2.955	Verb
petal	2.955	Noun
pickings	2.955	Noun
playbook	2.955	Noun
polio	2.955	Noun
poppa	2.955	Name
prepares	2.955	Verb
pucker	2.955	Verb
quirt	2.955	Name
rad	2.955	Noun
ranchers	2.955	Noun
reacts	2.955	Verb
realist	2.955	Noun
reassure	2.955	Verb
relays	2.955	Noun
reopened	2.955	Verb
ripples	2.955	Noun
rooftops	2.955	Noun
roost	2.955	Noun
scepter	2.955	Noun
scooped	2.955	Verb
scrounge	2.955	Verb
signior	2.955	Name
snickers	2.955	Name
spinner	2.955	Noun
stinger	2.955	Noun
streep	2.955	Name
stroller	2.955	Noun
swamps	2.955	Noun
swaying	2.955	Verb
tantrum	2.955	Noun
tensions	2.955	Noun
tiptoe	2.955	Verb
topping	2.955	Verb
toymaker	2.955	Noun
trivia	2.955	Noun
turret	2.955	Noun
utilize	2.955	Verb
vacancy	2.955	Noun
vas	2.955	Noun
veneer	2.955	Noun
viral	2.955	Adjective
wails	2.955	Verb
walkie	2.955	Noun
wanders	2.955	Verb
weathers	2.955	Noun
whaling	2.955	Noun
willies	2.955	Noun
workload	2.955	Noun
yearly	2.955	Adjective
yuppie	2.955	Noun
zilch	2.955	Verb
alfonso	2.945	Name
amputate	2.945	Verb
anew	2.945	Adverb
approves	2.945	Verb
augusta	2.945	Name
avenged	2.945	Verb
babble	2.945	Verb
backfire	2.945	Verb
bedbugs	2.945	Noun
beehive	2.945	Noun
birdman	2.945	Noun
bloods	2.945	Noun
bogeyman	2.945	Noun
bolivia	2.945	Name
bowery	2.945	Noun
buffoon	2.945	Noun
busiest	2.945	Adjective
callback	2.945	Noun
caste	2.945	Noun
chrysler	2.945	Name
clinking	2.945	Verb
coldest	2.945	Adjective
coliseum	2.945	Noun
conform	2.945	Verb
conserve	2.945	Verb
copycat	2.945	Noun
cranes	2.945	Noun
croquet	2.945	Noun
cubic	2.945	Adjective
darkroom	2.945	Noun
defies	2.945	Verb
denounce	2.945	Verb
diaries	2.945	Noun
doped	2.945	Verb
dow	2.945	Name
ebony	2.945	Noun
emporium	2.945	Noun
envoy	2.945	Noun
eons	2.945	Noun
ers	2.945	Name
eyelash	2.945	Noun
fairest	2.945	Adjective
fashions	2.945	Noun
fearing	2.945	Verb
fico	2.945	Noun
flor	2.945	Noun
flung	2.945	Verb
flutter	2.945	Verb
forceful	2.945	Adjective
gems	2.945	Noun
gloating	2.945	Verb
grader	2.945	Noun
grading	2.945	Verb
grouchy	2.945	Adjective
hanoi	2.945	Name
harpoon	2.945	Noun
helios	2.945	Name
hoagie	2.945	Name
holders	2.945	Noun
incest	2.945	Noun
iraq	2.945	Name
jacky	2.945	Name
jailed	2.945	Verb
kidder	2.945	Noun
kudos	2.945	Noun
laces	2.945	Noun
lashes	2.945	Noun
licorice	2.945	Noun
lifeline	2.945	Noun
locust	2.945	Noun
madder	2.945	Adjective
madre	2.945	Name
mended	2.945	Verb
menelaus	2.945	Name
misread	2.945	Verb
mongrel	2.945	Noun
narcotic	2.945	Noun
operas	2.945	Noun
ordained	2.945	Verb
pedicure	2.945	Noun
pining	2.945	Verb
pivotal	2.945	Adjective
poncho	2.945	Noun
pontiac	2.945	Name
pounded	2.945	Verb
precedes	2.945	Verb
pretense	2.945	Noun
psychics	2.945	Noun
pulses	2.945	Noun
punitive	2.945	Adjective
racks	2.945	Noun
rammed	2.945	Verb
rapes	2.945	Noun
rapture	2.945	Noun
rascals	2.945	Noun
ravaged	2.945	Verb
recap	2.945	Verb
recycle	2.945	Verb
remarry	2.945	Verb
revise	2.945	Verb
rigor	2.945	Noun
rohan	2.945	Name
roomie	2.945	Noun
rots	2.945	Verb
rugby	2.945	Noun
sanitary	2.945	Adjective
shafts	2.945	Noun
shamed	2.945	Verb
sheraton	2.945	Name
shire	2.945	Noun
sizzling	2.945	Verb
slaps	2.945	Verb
smacking	2.945	Verb
sneezes	2.945	Verb
sorely	2.945	Adverb
spec	2.945	Noun
splatter	2.945	Verb
splint	2.945	Noun
stapler	2.945	Noun
stylist	2.945	Noun
swingers	2.945	Noun
taxicab	2.945	Noun
teapot	2.945	Noun
thingies	2.945	Noun
tiff	2.945	Name
timeless	2.945	Adjective
toenail	2.945	Noun
toner	2.945	Noun
torched	2.945	Verb
totem	2.945	Noun
trendy	2.945	Adjective
tricking	2.945	Verb
tryout	2.945	Noun
tushy	2.945	Adjective
undying	2.945	Adjective
unhook	2.945	Verb
unplug	2.945	Verb
untimely	2.945	Adjective
upped	2.945	Verb
vigil	2.945	Noun
wail	2.945	Verb
warms	2.945	Verb
warpath	2.945	Noun
wedgie	2.945	Noun
woodbury	2.945	Name
wrought	2.945	Verb
yams	2.945	Noun
yeast	2.945	Noun
ymca	2.945	Name
abbot	2.935	Name
aliases	2.935	Noun
almanac	2.935	Noun
amazes	2.935	Verb
amor	2.935	Noun
annex	2.935	Noun
apex	2.935	Noun
arches	2.935	Noun
argyle	2.935	Noun
assert	2.935	Verb
assures	2.935	Verb
atone	2.935	Verb
avail	2.935	Verb
bagging	2.935	Verb
bawling	2.935	Verb
belfast	2.935	Name
bequeath	2.935	Verb
blubber	2.935	Noun
booties	2.935	Noun
breezes	2.935	Noun
bullion	2.935	Noun
capote	2.935	Name
carpe	2.935	Interjection
cartier	2.935	Name
celibacy	2.935	Noun
cherie	2.935	Name
cinque	2.935	Noun
clang	2.935	Noun
clanging	2.935	Verb
clutches	2.935	Noun
coastal	2.935	Adjective
coerced	2.935	Verb
colombo	2.935	Name
comanche	2.935	Noun
compares	2.935	Verb
confided	2.935	Verb
conning	2.935	Verb
conveyor	2.935	Noun
coppers	2.935	Noun
corns	2.935	Noun
damper	2.935	Noun
diddle	2.935	Verb
divinity	2.935	Noun
doctrine	2.935	Noun
dropout	2.935	Noun
dundee	2.935	Name
dynamics	2.935	Noun
earplugs	2.935	Noun
elevate	2.935	Verb
encoded	2.935	Verb
ergo	2.935	Noun
eviction	2.935	Noun
ezekiel	2.935	Name
fiddling	2.935	Verb
fined	2.935	Verb
flicks	2.935	Verb
flores	2.935	Unclassified
flounder	2.935	Noun
follies	2.935	Noun
frock	2.935	Noun
gagged	2.935	Verb
gemini	2.935	Name
genoa	2.935	Name
getup	2.935	Noun
google	2.935	Verb
guam	2.935	Name
hailed	2.935	Verb
hallways	2.935	Noun
handout	2.935	Noun
haw	2.935	Noun
hawking	2.935	Name
heirloom	2.935	Noun
honduras	2.935	Name
hooey	2.935	Noun
hooky	2.935	Adjective
hormonal	2.935	Adjective
hounding	2.935	Verb
hummel	2.935	Name
hyenas	2.935	Noun
impaired	2.935	Verb
inept	2.935	Adjective
informs	2.935	Verb
invents	2.935	Verb
jennie	2.935	Name
junket	2.935	Noun
keno	2.935	Adjective
kraft	2.935	Name
ladylike	2.935	Adjective
lansing	2.935	Name
lattin	2.935	Name
laxative	2.935	Noun
libya	2.935	Name
likable	2.935	Adjective
lineage	2.935	Noun
lobo	2.935	Name
lodging	2.935	Verb
lurch	2.935	Noun
mantra	2.935	Noun
mapping	2.935	Verb
medevac	2.935	Noun
memos	2.935	Noun
mingling	2.935	Verb
mmmm	2.935	Interjection
mobster	2.935	Noun
molester	2.935	Noun
monolith	2.935	Noun
munch	2.935	Verb
neighing	2.935	Verb
nosing	2.935	Verb
omens	2.935	Noun
onset	2.935	Noun
ovaries	2.935	Noun
pandora	2.935	Name
parades	2.935	Noun
parsley	2.935	Noun
pax	2.935	Noun
penises	2.935	Noun
perrier	2.935	Name
pickups	2.935	Noun
pigsty	2.935	Noun
pinhead	2.935	Noun
pinning	2.935	Verb
pinto	2.935	Noun
plop	2.935	Verb
plunder	2.935	Verb
portray	2.935	Verb
puked	2.935	Verb
quiche	2.935	Noun
quitters	2.935	Noun
recycled	2.935	Adjective
refuel	2.935	Verb
reptiles	2.935	Noun
reroute	2.935	Verb
reruns	2.935	Noun
revisit	2.935	Verb
rigorous	2.935	Adjective
risotto	2.935	Noun
rudeness	2.935	Noun
sanction	2.935	Verb
sappy	2.935	Adjective
sentries	2.935	Noun
shah	2.935	Name
shipyard	2.935	Noun
silenced	2.935	Verb
skim	2.935	Verb
skylight	2.935	Noun
sleek	2.935	Adjective
snorts	2.935	Verb
snout	2.935	Noun
somerset	2.935	Name
spaced	2.935	Verb
spaniel	2.935	Noun
splat	2.935	Verb
sprain	2.935	Noun
stingers	2.935	Noun
stubs	2.935	Noun
styling	2.935	Noun
sulphur	2.935	Noun
surfaced	2.935	Verb
swabs	2.935	Noun
tesla	2.935	Name
trinkets	2.935	Noun
triton	2.935	Name
trumpets	2.935	Noun
tuff	2.935	Name
tweet	2.935	Verb
unhand	2.935	Adjective
velcro	2.935	Name
vil	2.935	Name
waltzing	2.935	Verb
weakling	2.935	Noun
weaving	2.935	Verb
whopper	2.935	Noun
wimpy	2.935	Adjective
woodwork	2.935	Noun
woozy	2.935	Adjective
yam	2.935	Name
yodel	2.935	Noun
zinc	2.935	Noun
acids	2.925	Noun
actively	2.925	Adverb
adolph	2.925	Name
airlock	2.925	Noun
alameda	2.925	Name
annulled	2.925	Verb
argo	2.925	Noun
arose	2.925	Verb
asystole	2.925	Noun
beaming	2.925	Verb
billiard	2.925	Noun
bink	2.925	Name
bipolar	2.925	Adjective
booted	2.925	Verb
bootleg	2.925	Noun
briefs	2.925	Noun
buggers	2.925	Noun
bustle	2.925	Verb
buttered	2.925	Verb
callers	2.925	Noun
cappy	2.925	Name
censor	2.925	Verb
chipmunk	2.925	Noun
chumps	2.925	Noun
cloaking	2.925	Adjective
clothe	2.925	Verb
cocked	2.925	Verb
cocker	2.925	Noun
comical	2.925	Adjective
conga	2.925	Noun
counters	2.925	Noun
couriers	2.925	Noun
crepe	2.925	Noun
cromwell	2.925	Name
decimal	2.925	Adjective
decorum	2.925	Noun
def	2.925	Verb
dials	2.925	Noun
dictates	2.925	Verb
diminish	2.925	Verb
doppler	2.925	Name
downer	2.925	Noun
enforced	2.925	Verb
entree	2.925	Noun
facade	2.925	Noun
famed	2.925	Adjective
farthest	2.925	Adjective
feck	2.925	Name
flimsy	2.925	Adjective
freedman	2.925	Name
frolic	2.925	Noun
gaping	2.925	Adjective
garbo	2.925	Name
gastric	2.925	Adjective
genghis	2.925	Name
glows	2.925	Verb
godless	2.925	Adjective
hanky	2.925	Noun
headset	2.925	Noun
hellman	2.925	Name
hem	2.925	Noun
horsey	2.925	Adjective
housed	2.925	Verb
humanoid	2.925	Adjective
hunky	2.925	Adjective
huzzah	2.925	Interjection
jerked	2.925	Verb
josey	2.925	Name
khaki	2.925	Adjective
kingdoms	2.925	Noun
koda	2.925	Noun
launcher	2.925	Noun
limber	2.925	Adjective
lovelier	2.925	Adjective
manty	2.925	Name
mariachi	2.925	Noun
meats	2.925	Noun
midday	2.925	Noun
moly	2.925	Adverb
monarch	2.925	Noun
mores	2.925	Noun
mousy	2.925	Noun
nigh	2.925	Adverb
nodding	2.925	Verb
oar	2.925	Noun
openers	2.925	Noun
oregano	2.925	Noun
pixie	2.925	Noun
pledges	2.925	Noun
pom	2.925	Name
porridge	2.925	Noun
porters	2.925	Noun
prentice	2.925	Name
puffed	2.925	Verb
pullman	2.925	Name
purified	2.925	Verb
raiding	2.925	Verb
rams	2.925	Noun
rappers	2.925	Noun
rectify	2.925	Verb
repaid	2.925	Verb
rhyming	2.925	Noun
romanian	2.925	Adjective
sable	2.925	Adjective
scariest	2.925	Adjective
scolded	2.925	Verb
seltzer	2.925	Noun
shrew	2.925	Noun
sinuses	2.925	Noun
situated	2.925	Verb
skips	2.925	Verb
skit	2.925	Noun
slicker	2.925	Noun
smacks	2.925	Verb
smashes	2.925	Verb
spilt	2.925	Verb
squirm	2.925	Verb
sri	2.925	Name
ssh	2.925	Interjection
staking	2.925	Verb
storing	2.925	Verb
sudan	2.925	Name
sumo	2.925	Noun
syllable	2.925	Noun
teahouse	2.925	Noun
tenderly	2.925	Adverb
thyself	2.925	Pronoun
toasting	2.925	Verb
tranquil	2.925	Adjective
treaties	2.925	Noun
trustee	2.925	Noun
typist	2.925	Noun
undergo	2.925	Verb
unzip	2.925	Verb
uppity	2.925	Adjective
visually	2.925	Adverb
vocation	2.925	Noun
vroom	2.925	Noun
wallop	2.925	Noun
wanton	2.925	Adjective
warmest	2.925	Adjective
warranty	2.925	Noun
waterloo	2.925	Name
wetlands	2.925	Noun
wetting	2.925	Verb
widen	2.925	Verb
wino	2.925	Noun
workings	2.925	Noun
ahab	2.915	Name
alderman	2.915	Noun
arrivals	2.915	Noun
ballon	2.915	Name
banners	2.915	Noun
bard	2.915	Noun
beecher	2.915	Name
bellows	2.915	Noun
bene	2.915	Noun
benedick	2.915	Name
bishops	2.915	Noun
blip	2.915	Noun
boned	2.915	Verb
bookshop	2.915	Noun
bores	2.915	Verb
bowed	2.915	Verb
bunt	2.915	Name
butchers	2.915	Noun
cavities	2.915	Noun
chinks	2.915	Noun
cirque	2.915	Noun
cliche	2.915	Noun
clog	2.915	Noun
coax	2.915	Verb
crapper	2.915	Adjective
cuddling	2.915	Verb
cunts	2.915	Noun
daiquiri	2.915	Noun
dandruff	2.915	Noun
defences	2.915	Noun
dev	2.915	Name
diners	2.915	Noun
diocese	2.915	Noun
ditches	2.915	Noun
doomsday	2.915	Noun
douse	2.915	Verb
dozed	2.915	Verb
drab	2.915	Adjective
ducats	2.915	Noun
duma	2.915	Name
eloping	2.915	Verb
enslaved	2.915	Verb
eskimos	2.915	Noun
eyeing	2.915	Verb
fallow	2.915	Adjective
faux	2.915	Noun
fittest	2.915	Adjective
flabby	2.915	Adjective
flourish	2.915	Verb
franc	2.915	Noun
freebie	2.915	Noun
frosted	2.915	Adjective
funded	2.915	Verb
gazing	2.915	Verb
glib	2.915	Adjective
gnu	2.915	Noun
goulash	2.915	Noun
groupies	2.915	Noun
hazmat	2.915	Noun
hazy	2.915	Adjective
heirs	2.915	Noun
hordes	2.915	Noun
howe	2.915	Name
impure	2.915	Adjective
inquest	2.915	Noun
insignia	2.915	Noun
jubilee	2.915	Noun
kibble	2.915	Noun
kinks	2.915	Noun
lecturer	2.915	Noun
lode	2.915	Noun
loosely	2.915	Adverb
loverly	2.915	Adverb
lowry	2.915	Name
meleager	2.915	Name
mohammed	2.915	Name
moles	2.915	Noun
mont	2.915	Name
munchkin	2.915	Noun
mundane	2.915	Adjective
nautilus	2.915	Noun
noir	2.915	Noun
nome	2.915	Name
novice	2.915	Noun
occupant	2.915	Noun
ode	2.915	Noun
omer	2.915	Name
ontario	2.915	Name
outdated	2.915	Adjective
palaces	2.915	Noun
panzer	2.915	Noun
paprika	2.915	Noun
pardoned	2.915	Verb
pastime	2.915	Noun
patented	2.915	Adjective
paternal	2.915	Adjective
pawnee	2.915	Name
pawns	2.915	Noun
pawnshop	2.915	Noun
performs	2.915	Verb
pheasant	2.915	Noun
piracy	2.915	Noun
playroom	2.915	Noun
plugging	2.915	Verb
polack	2.915	Adjective
prefect	2.915	Noun
preppie	2.915	Name
prism	2.915	Name
prowler	2.915	Noun
rallies	2.915	Noun
repulsed	2.915	Verb
revel	2.915	Verb
revered	2.915	Verb
rewrote	2.915	Verb
rockies	2.915	Name
rooks	2.915	Noun
rsvp	2.915	Name
runaways	2.915	Noun
saber	2.915	Noun
sag	2.915	Verb
saratoga	2.915	Name
saudi	2.915	Name
savin	2.915	Noun
schubert	2.915	Name
screened	2.915	Verb
scuttle	2.915	Verb
sie	2.915	Name
smirk	2.915	Noun
snidely	2.915	Name
sparkles	2.915	Noun
spills	2.915	Verb
stellar	2.915	Adjective
sternum	2.915	Noun
storming	2.915	Verb
subdue	2.915	Verb
sucre	2.915	Noun
symmetry	2.915	Noun
tamed	2.915	Verb
toke	2.915	Noun
trample	2.915	Verb
tremor	2.915	Noun
tripe	2.915	Noun
uttered	2.915	Verb
validate	2.915	Verb
varied	2.915	Adjective
vaseline	2.915	Name
vipers	2.915	Noun
voter	2.915	Noun
wheeled	2.915	Verb
windbag	2.915	Noun
aligned	2.905	Verb
alleyway	2.905	Noun
anchors	2.905	Noun
archery	2.905	Noun
asok	2.905	Verb
attained	2.905	Verb
bastille	2.905	Name
behaves	2.905	Verb
berth	2.905	Noun
bethesda	2.905	Name
bile	2.905	Noun
boise	2.905	Name
bossing	2.905	Verb
braids	2.905	Noun
brava	2.905	Noun
breeder	2.905	Noun
breezy	2.905	Adjective
bulging	2.905	Verb
bunkers	2.905	Noun
capsules	2.905	Noun
catalyst	2.905	Noun
cellmate	2.905	Noun
chia	2.905	Name
chopin	2.905	Name
claudius	2.905	Name
climber	2.905	Noun
coincide	2.905	Verb
conjugal	2.905	Adjective
cranium	2.905	Noun
cubby	2.905	Noun
dade	2.905	Name
darkened	2.905	Adjective
deport	2.905	Verb
derelict	2.905	Adjective
deux	2.905	Verb
diligent	2.905	Adjective
dirtiest	2.905	Adjective
ditching	2.905	Verb
ditty	2.905	Noun
dorado	2.905	Name
doughboy	2.905	Noun
drinkers	2.905	Noun
drowns	2.905	Verb
duped	2.905	Verb
exodus	2.905	Noun
fines	2.905	Noun
footwear	2.905	Noun
foretold	2.905	Verb
forging	2.905	Verb
foss	2.905	Name
frauds	2.905	Noun
fumble	2.905	Verb
galen	2.905	Name
giveaway	2.905	Noun
glimmer	2.905	Noun
gripe	2.905	Noun
growed	2.905	Verb
harlot	2.905	Noun
hassling	2.905	Verb
herds	2.905	Noun
hookup	2.905	Noun
iguana	2.905	Noun
inverted	2.905	Adjective
invoices	2.905	Noun
inward	2.905	Adverb
jaded	2.905	Adjective
jehovah	2.905	Name
jockeys	2.905	Noun
juncture	2.905	Noun
keister	2.905	Noun
kiwi	2.905	Noun
ladders	2.905	Noun
lebanon	2.905	Name
leopards	2.905	Noun
lofty	2.905	Adjective
mammoth	2.905	Noun
matador	2.905	Noun
matron	2.905	Noun
mega	2.905	Adjective
mer	2.905	Name
methinks	2.905	Unclassified
mikes	2.905	Noun
mimic	2.905	Verb
molecule	2.905	Noun
monsoon	2.905	Noun
mountie	2.905	Noun
muckle	2.905	Name
mumble	2.905	Verb
mutton	2.905	Noun
nappy	2.905	Noun
neuter	2.905	Adjective
nominee	2.905	Noun
objected	2.905	Verb
odessa	2.905	Name
outlined	2.905	Verb
overpaid	2.905	Verb
pancreas	2.905	Noun
parcels	2.905	Noun
partied	2.905	Verb
payoffs	2.905	Noun
perilous	2.905	Adjective
petersen	2.905	Name
pileup	2.905	Noun
plumbers	2.905	Noun
powering	2.905	Verb
probing	2.905	Adjective
prowess	2.905	Noun
puddles	2.905	Noun
purim	2.905	Noun
ranting	2.905	Verb
regimen	2.905	Noun
remanded	2.905	Verb
royale	2.905	Name
rummage	2.905	Verb
rustic	2.905	Adjective
saga	2.905	Noun
saluting	2.905	Verb
sayers	2.905	Name
scams	2.905	Noun
schiller	2.905	Name
scones	2.905	Noun
scurry	2.905	Verb
shorted	2.905	Verb
silicone	2.905	Noun
silky	2.905	Adjective
skillful	2.905	Adjective
slinging	2.905	Verb
sluggish	2.905	Adjective
snowbell	2.905	Name
sockets	2.905	Noun
standup	2.905	Noun
stardust	2.905	Noun
subtlety	2.905	Noun
sweeten	2.905	Verb
taint	2.905	Noun
thoracic	2.905	Adjective
toddler	2.905	Noun
tolling	2.905	Verb
tongs	2.905	Noun
trite	2.905	Adjective
trois	2.905	Noun
tropics	2.905	Noun
truckers	2.905	Noun
truffles	2.905	Noun
tulip	2.905	Name
turnips	2.905	Noun
twigs	2.905	Noun
uncut	2.905	Adjective
undersea	2.905	Adjective
varmint	2.905	Noun
wheezing	2.905	Verb
workman	2.905	Noun
yanking	2.905	Verb
yon	2.905	Determiner
aced	2.894	Verb
ails	2.894	Verb
airs	2.894	Noun
arbor	2.894	Name
averages	2.894	Noun
babcock	2.894	Name
baccarat	2.894	Noun
beards	2.894	Noun
beavers	2.894	Noun
binder	2.894	Noun
bins	2.894	Noun
bitterly	2.894	Adverb
blabbing	2.894	Verb
blanc	2.894	Name
bluebird	2.894	Noun
brahms	2.894	Name
briar	2.894	Noun
buries	2.894	Verb
camden	2.894	Name
canaries	2.894	Noun
carats	2.894	Noun
carp	2.894	Noun
chaucer	2.894	Name
choco	2.894	Name
cinder	2.894	Noun
clique	2.894	Noun
collagen	2.894	Noun
combs	2.894	Noun
confines	2.894	Noun
convene	2.894	Verb
cookout	2.894	Noun
coupled	2.894	Verb
coveted	2.894	Adjective
cranial	2.894	Adjective
crusades	2.894	Noun
dally	2.894	Adverb
depleted	2.894	Verb
diverse	2.894	Adjective
diverted	2.894	Verb
doorways	2.894	Noun
downing	2.894	Name
drips	2.894	Verb
duckling	2.894	Noun
duper	2.894	Name
echidna	2.894	Name
emails	2.894	Noun
embryo	2.894	Noun
fad	2.894	Noun
falk	2.894	Name
fascism	2.894	Noun
fearsome	2.894	Adjective
fennel	2.894	Noun
fiends	2.894	Noun
fingered	2.894	Verb
fiscal	2.894	Adjective
floozy	2.894	Noun
garments	2.894	Noun
gauges	2.894	Noun
gauntlet	2.894	Noun
gavel	2.894	Noun
gooey	2.894	Adjective
graze	2.894	Verb
heartily	2.894	Adverb
hellfire	2.894	Noun
hellish	2.894	Adjective
homeward	2.894	Adjective
innate	2.894	Adjective
jails	2.894	Noun
jihad	2.894	Noun
kashmir	2.894	Name
keyed	2.894	Verb
knockers	2.894	Noun
kook	2.894	Noun
latent	2.894	Adjective
lavish	2.894	Adjective
lilac	2.894	Adjective
lorelei	2.894	Name
luminous	2.894	Adjective
mopping	2.894	Verb
navajo	2.894	Noun
newsroom	2.894	Noun
ninjas	2.894	Noun
origami	2.894	Noun
outsmart	2.894	Verb
parisian	2.894	Adjective
patents	2.894	Noun
pedigree	2.894	Noun
peyote	2.894	Noun
pianos	2.894	Noun
poodles	2.894	Noun
prance	2.894	Noun
preppy	2.894	Adjective
pristine	2.894	Adjective
purr	2.894	Noun
quilt	2.894	Noun
radioed	2.894	Verb
rancho	2.894	Name
rattles	2.894	Verb
reactive	2.894	Adjective
rebs	2.894	Noun
rebuttal	2.894	Noun
regulate	2.894	Verb
reigning	2.894	Adjective
rein	2.894	Verb
reles	2.894	Name
remodel	2.894	Noun
reveille	2.894	Noun
revving	2.894	Verb
rims	2.894	Noun
roasting	2.894	Verb
rustlers	2.894	Noun
scalped	2.894	Verb
seamen	2.894	Noun
seville	2.894	Name
shamus	2.894	Name
shelled	2.894	Verb
shih	2.894	Name
siberian	2.894	Adjective
sickly	2.894	Adjective
slacker	2.894	Adjective
slacking	2.894	Verb
slag	2.894	Noun
sleaze	2.894	Noun
sliders	2.894	Noun
snare	2.894	Noun
sonnet	2.894	Noun
spats	2.894	Noun
sprang	2.894	Verb
stank	2.894	Verb
stimuli	2.894	Noun
strides	2.894	Noun
suitors	2.894	Noun
swapping	2.894	Verb
swelled	2.894	Verb
talcum	2.894	Noun
tome	2.894	Noun
toon	2.894	Noun
trig	2.894	Noun
uncalled	2.894	Adjective
uneven	2.894	Adjective
unlawful	2.894	Adjective
unquote	2.894	Verb
unsavory	2.894	Adjective
urinal	2.894	Noun
vantage	2.894	Noun
variable	2.894	Noun
vassar	2.894	Name
veranda	2.894	Noun
verbally	2.894	Adverb
vertigo	2.894	Noun
vino	2.894	Noun
warlord	2.894	Noun
wheeling	2.894	Verb
whims	2.894	Noun
wield	2.894	Verb
yogi	2.894	Name
zeroes	2.894	Noun
zoos	2.894	Noun
ach	2.883	Interjection
akron	2.883	Name
albeit	2.883	Conjunction
amend	2.883	Verb
amiss	2.883	Adverb
anointed	2.883	Adjective
arf	2.883	Unclassified
baseline	2.883	Noun
basing	2.883	Verb
bedding	2.883	Noun
betrays	2.883	Verb
binary	2.883	Adjective
binds	2.883	Verb
blended	2.883	Verb
bod	2.883	Noun
boning	2.883	Verb
bottling	2.883	Noun
branding	2.883	Verb
breck	2.883	Name
brightly	2.883	Adverb
bunches	2.883	Noun
buttoned	2.883	Verb
cabby	2.883	Noun
carlie	2.883	Name
cayenne	2.883	Noun
cedars	2.883	Noun
charred	2.883	Adjective
chicano	2.883	Noun
chiseler	2.883	Noun
chlorine	2.883	Noun
cited	2.883	Verb
clans	2.883	Noun
clusters	2.883	Noun
colds	2.883	Noun
coolers	2.883	Noun
crain	2.883	Noun
craven	2.883	Name
crouch	2.883	Noun
cypress	2.883	Name
dailies	2.883	Noun
dawning	2.883	Noun
dazed	2.883	Verb
defuse	2.883	Verb
degas	2.883	Name
demoted	2.883	Verb
dented	2.883	Verb
deviate	2.883	Verb
devout	2.883	Adjective
dimwit	2.883	Noun
distrust	2.883	Verb
drenched	2.883	Verb
drifts	2.883	Noun
dungeons	2.883	Noun
evenly	2.883	Adverb
exited	2.883	Verb
eyed	2.883	Adjective
fabrics	2.883	Noun
feces	2.883	Noun
founders	2.883	Noun
gammas	2.883	Noun
gerbil	2.883	Noun
glacier	2.883	Noun
gradual	2.883	Adjective
graph	2.883	Noun
grasping	2.883	Verb
gummy	2.883	Adjective
habeas	2.883	Noun
haggis	2.883	Noun
hangout	2.883	Noun
hastily	2.883	Adverb
helsinki	2.883	Name
herder	2.883	Name
hinting	2.883	Verb
hothead	2.883	Noun
imports	2.883	Noun
ingrate	2.883	Noun
ist	2.883	Unclassified
jeeps	2.883	Noun
ladle	2.883	Noun
leach	2.883	Name
lenin	2.883	Name
limey	2.883	Noun
lindy	2.883	Noun
mahogany	2.883	Noun
maimed	2.883	Verb
manhole	2.883	Noun
mantel	2.883	Noun
mined	2.883	Verb
mislead	2.883	Verb
mit	2.883	Verb
mollie	2.883	Name
momo	2.883	Noun
monaco	2.883	Name
mongo	2.883	Noun
moonbeam	2.883	Noun
morph	2.883	Noun
nannies	2.883	Noun
newsreel	2.883	Noun
nominal	2.883	Adjective
nymph	2.883	Noun
outhouse	2.883	Noun
packers	2.883	Noun
pawned	2.883	Verb
payable	2.883	Adjective
pedals	2.883	Noun
pennant	2.883	Noun
picnics	2.883	Noun
poco	2.883	Name
pollard	2.883	Name
primed	2.883	Verb
racking	2.883	Verb
raptor	2.883	Noun
ratchet	2.883	Noun
reckoned	2.883	Verb
recourse	2.883	Noun
relaxes	2.883	Verb
resides	2.883	Verb
restful	2.883	Adjective
ribble	2.883	Name
rougher	2.883	Adjective
roving	2.883	Adjective
saddened	2.883	Verb
saracen	2.883	Noun
scamming	2.883	Verb
scandals	2.883	Noun
schooner	2.883	Noun
scorched	2.883	Verb
seminars	2.883	Noun
sender	2.883	Noun
shacked	2.883	Verb
shiner	2.883	Noun
shingle	2.883	Noun
shoelace	2.883	Noun
sift	2.883	Verb
sigma	2.883	Noun
slender	2.883	Adjective
sloper	2.883	Name
sneer	2.883	Noun
sniffed	2.883	Verb
sodom	2.883	Name
soiree	2.883	Noun
spiteful	2.883	Adjective
sporty	2.883	Adjective
squishy	2.883	Adjective
starfish	2.883	Noun
stint	2.883	Noun
suburbia	2.883	Noun
sulk	2.883	Verb
syne	2.883	Noun
tackled	2.883	Verb
tartars	2.883	Noun
techno	2.883	Noun
tempe	2.883	Name
ter	2.883	Adverb
teriyaki	2.883	Noun
termite	2.883	Noun
thatch	2.883	Verb
tinkling	2.883	Adjective
trickery	2.883	Noun
triumphs	2.883	Noun
turds	2.883	Noun
unbutton	2.883	Noun
unveil	2.883	Verb
vanishes	2.883	Verb
vassal	2.883	Noun
vigilant	2.883	Adjective
violates	2.883	Verb
vive	2.883	Verb
wary	2.883	Adjective
washout	2.883	Noun
wayward	2.883	Adjective
weber	2.883	Name
wok	2.883	Noun
zod	2.883	Name
acorn	2.872	Noun
aisles	2.872	Noun
ake	2.872	Verb
aloft	2.872	Adverb
amarillo	2.872	Name
ambience	2.872	Noun
ami	2.872	Noun
angrier	2.872	Adjective
apprised	2.872	Verb
backhand	2.872	Adjective
baiting	2.872	Verb
baptize	2.872	Verb
bayonets	2.872	Noun
belch	2.872	Verb
belittle	2.872	Verb
blanco	2.872	Name
blurred	2.872	Verb
boeing	2.872	Name
bookworm	2.872	Noun
bosun	2.872	Verb
bowser	2.872	Name
burritos	2.872	Noun
bushed	2.872	Verb
cabbages	2.872	Noun
caprice	2.872	Name
ceases	2.872	Verb
coding	2.872	Noun
collage	2.872	Noun
conners	2.872	Name
cookbook	2.872	Noun
cools	2.872	Verb
cranking	2.872	Verb
creeper	2.872	Noun
cruisers	2.872	Noun
delhi	2.872	Name
delights	2.872	Noun
deserter	2.872	Noun
det	2.872	Name
dicky	2.872	Name
domini	2.872	Name
dorms	2.872	Noun
drafts	2.872	Noun
drowsy	2.872	Adjective
electron	2.872	Noun
emeralds	2.872	Noun
entrust	2.872	Verb
esp	2.872	Noun
euros	2.872	Noun
exceeds	2.872	Verb
excel	2.872	Verb
exempt	2.872	Adjective
faceless	2.872	Adjective
facto	2.872	Adjective
flagpole	2.872	Noun
floral	2.872	Adjective
galore	2.872	Adjective
gases	2.872	Noun
gassed	2.872	Verb
gathers	2.872	Verb
glances	2.872	Noun
gondola	2.872	Noun
gory	2.872	Adjective
graded	2.872	Verb
grandeur	2.872	Noun
grr	2.872	Name
guv	2.872	Noun
haggle	2.872	Verb
hasten	2.872	Verb
hel	2.872	Name
hinder	2.872	Verb
hoke	2.872	Name
homos	2.872	Noun
hone	2.872	Verb
hooligan	2.872	Noun
hourly	2.872	Adjective
huddled	2.872	Verb
hurdle	2.872	Noun
ifs	2.872	Noun
impaled	2.872	Verb
impudent	2.872	Adjective
integral	2.872	Adjective
ive	2.872	Name
jesuit	2.872	Noun
jettison	2.872	Verb
jingling	2.872	Verb
jot	2.872	Verb
kitchens	2.872	Noun
kriss	2.872	Name
lefts	2.872	Noun
legation	2.872	Noun
lei	2.872	Unclassified
lengthy	2.872	Adjective
leno	2.872	Name
leprosy	2.872	Noun
ligature	2.872	Noun
limiting	2.872	Verb
majored	2.872	Verb
maritime	2.872	Adjective
masha	2.872	Name
mauled	2.872	Verb
medicaid	2.872	Name
mignon	2.872	Noun
molding	2.872	Verb
mono	2.872	Noun
mould	2.872	Noun
moxie	2.872	Noun
muggles	2.872	Name
mummies	2.872	Noun
mustangs	2.872	Noun
nachos	2.872	Noun
nance	2.872	Name
negligee	2.872	Noun
niobe	2.872	Name
nobleman	2.872	Noun
nurture	2.872	Verb
obeying	2.872	Verb
overtake	2.872	Verb
paradigm	2.872	Noun
placebo	2.872	Noun
premed	2.872	Verb
prowling	2.872	Verb
punt	2.872	Noun
quinine	2.872	Noun
rampart	2.872	Noun
recount	2.872	Verb
redwood	2.872	Name
reels	2.872	Noun
reentry	2.872	Noun
retake	2.872	Verb
retina	2.872	Noun
revoke	2.872	Verb
revue	2.872	Noun
routed	2.872	Verb
rudd	2.872	Name
saddles	2.872	Noun
sampling	2.872	Noun
sayings	2.872	Noun
schnapps	2.872	Noun
sect	2.872	Noun
seedy	2.872	Adjective
shard	2.872	Noun
sharpest	2.872	Adjective
shifty	2.872	Adjective
shoddy	2.872	Adjective
siree	2.872	Noun
skiff	2.872	Noun
slurping	2.872	Verb
smoothie	2.872	Noun
snitched	2.872	Verb
spandex	2.872	Noun
spied	2.872	Verb
starry	2.872	Adjective
stoked	2.872	Verb
stroking	2.872	Verb
succubus	2.872	Noun
surfaces	2.872	Noun
swami	2.872	Noun
sweety	2.872	Noun
swinger	2.872	Noun
synapse	2.872	Noun
tabby	2.872	Name
tal	2.872	Name
tampons	2.872	Noun
tempers	2.872	Noun
thetas	2.872	Noun
torque	2.872	Noun
traumas	2.872	Noun
traverse	2.872	Verb
tripled	2.872	Verb
tweaked	2.872	Verb
uniquely	2.872	Adverb
unsaid	2.872	Verb
weller	2.872	Name
westerns	2.872	Noun
whereby	2.872	Adverb
whimper	2.872	Noun
whiter	2.872	Adjective
winked	2.872	Verb
wobbly	2.872	Adjective
yiddish	2.872	Adjective
abduct	2.86	Verb
adverse	2.86	Adjective
alcmene	2.86	Name
altering	2.86	Verb
amie	2.86	Name
anchored	2.86	Verb
atrium	2.86	Noun
audible	2.86	Adjective
autism	2.86	Noun
beady	2.86	Adjective
beater	2.86	Noun
beng	2.86	Verb
billed	2.86	Verb
bitte	2.86	Unclassified
bolo	2.86	Noun
bonuses	2.86	Noun
bungee	2.86	Noun
cadavers	2.86	Noun
caddie	2.86	Noun
calmer	2.86	Adjective
carpool	2.86	Noun
cartman	2.86	Name
catwalk	2.86	Noun
celibate	2.86	Adjective
cheaters	2.86	Noun
clatter	2.86	Noun
commoner	2.86	Noun
compute	2.86	Verb
consumes	2.86	Verb
coot	2.86	Noun
copping	2.86	Verb
coronado	2.86	Name
counties	2.86	Noun
courted	2.86	Verb
cpu	2.86	Noun
crass	2.86	Adjective
creamer	2.86	Noun
cris	2.86	Name
cushy	2.86	Adjective
decaying	2.86	Adjective
deja	2.86	Noun
delirium	2.86	Noun
depress	2.86	Verb
despises	2.86	Verb
destry	2.86	Name
devoid	2.86	Adjective
diff	2.86	Noun
dinghy	2.86	Noun
doodles	2.86	Noun
doornail	2.86	Noun
drivel	2.86	Noun
duckie	2.86	Noun
eloped	2.86	Verb
emerges	2.86	Verb
epa	2.86	Name
escalate	2.86	Verb
evict	2.86	Verb
fantasia	2.86	Name
fawn	2.86	Noun
fibres	2.86	Noun
fixer	2.86	Noun
flippers	2.86	Noun
forcibly	2.86	Adverb
fragrant	2.86	Adjective
fronting	2.86	Verb
fuckhead	2.86	Noun
garvey	2.86	Name
gatsby	2.86	Name
gleaming	2.86	Adjective
goring	2.86	Name
granada	2.86	Name
gulch	2.86	Name
gush	2.86	Verb
handlers	2.86	Noun
harping	2.86	Verb
hayride	2.86	Noun
hei	2.86	Noun
hoopla	2.86	Noun
horsing	2.86	Verb
houseboy	2.86	Noun
hustled	2.86	Verb
illicit	2.86	Adjective
imposter	2.86	Noun
inhaled	2.86	Verb
inhaling	2.86	Verb
insider	2.86	Noun
interpol	2.86	Verb
jalopy	2.86	Noun
jazzed	2.86	Verb
jib	2.86	Noun
jumpsuit	2.86	Noun
jungles	2.86	Noun
keepsake	2.86	Noun
kites	2.86	Noun
kraken	2.86	Noun
laker	2.86	Name
lakeside	2.86	Name
leadeth	2.86	Verb
legions	2.86	Noun
limos	2.86	Noun
magnolia	2.86	Noun
mamas	2.86	Noun
mansions	2.86	Noun
mea	2.86	Noun
merle	2.86	Name
micawber	2.86	Name
mosey	2.86	Verb
mowed	2.86	Verb
neutered	2.86	Verb
nicks	2.86	Name
nigeria	2.86	Name
nudes	2.86	Noun
nutmeg	2.86	Noun
optics	2.86	Noun
parody	2.86	Noun
patter	2.86	Noun
payphone	2.86	Noun
pebbles	2.86	Noun
pecking	2.86	Verb
peeked	2.86	Verb
piping	2.86	Noun
pompey	2.86	Name
pows	2.86	Noun
predicts	2.86	Verb
promo	2.86	Noun
provost	2.86	Noun
pushers	2.86	Noun
ratty	2.86	Adjective
realism	2.86	Noun
reina	2.86	Name
reunite	2.86	Verb
ridges	2.86	Noun
righto	2.86	Adverb
robust	2.86	Adjective
rotted	2.86	Verb
routing	2.86	Verb
ruddy	2.86	Adjective
rusted	2.86	Adjective
sciences	2.86	Noun
scrip	2.86	Noun
scrubs	2.86	Noun
senorita	2.86	Noun
shirl	2.86	Name
singed	2.86	Verb
singled	2.86	Verb
smartass	2.86	Noun
snell	2.86	Name
spar	2.86	Verb
sprint	2.86	Noun
starred	2.86	Verb
std	2.86	Noun
steered	2.86	Verb
surly	2.86	Adjective
sweated	2.86	Verb
swindle	2.86	Noun
swivel	2.86	Verb
tapestry	2.86	Noun
tempest	2.86	Noun
thane	2.86	Noun
theology	2.86	Noun
thorny	2.86	Adjective
timers	2.86	Noun
trapping	2.86	Verb
trends	2.86	Noun
trinket	2.86	Noun
tropic	2.86	Adjective
turnoff	2.86	Noun
unisex	2.86	Noun
unruly	2.86	Adjective
valencia	2.86	Name
venetian	2.86	Adjective
vowel	2.86	Noun
wardens	2.86	Noun
watery	2.86	Adjective
whinnies	2.86	Noun
wisest	2.86	Adjective
wooing	2.86	Verb
yer	2.86	Pronoun
youths	2.86	Noun
zapped	2.86	Verb
adoring	2.848	Adjective
amidst	2.848	Preposition
amuses	2.848	Verb
anemia	2.848	Noun
apparel	2.848	Noun
archaic	2.848	Adjective
aria	2.848	Noun
asunder	2.848	Adverb
attaches	2.848	Verb
averted	2.848	Verb
awaited	2.848	Verb
axes	2.848	Noun
babbitt	2.848	Name
bagpipes	2.848	Noun
banger	2.848	Noun
barmaid	2.848	Noun
barth	2.848	Name
batty	2.848	Adjective
beastie	2.848	Name
beeped	2.848	Verb
bleu	2.848	Noun
blonds	2.848	Noun
blooms	2.848	Noun
borscht	2.848	Noun
breaches	2.848	Noun
breech	2.848	Noun
bunion	2.848	Noun
burr	2.848	Noun
cackling	2.848	Verb
cervical	2.848	Adjective
chewy	2.848	Adjective
chins	2.848	Noun
circa	2.848	Adverb
claymore	2.848	Name
cob	2.848	Name
cobwebs	2.848	Noun
colleen	2.848	Name
coo	2.848	Noun
coolant	2.848	Noun
cowgirls	2.848	Noun
crackle	2.848	Noun
cues	2.848	Noun
czar	2.848	Noun
defying	2.848	Verb
derive	2.848	Verb
descends	2.848	Verb
donkeys	2.848	Noun
drey	2.848	Name
duluth	2.848	Name
emptying	2.848	Verb
ems	2.848	Name
enquirer	2.848	Noun
enraged	2.848	Adjective
erasing	2.848	Verb
ermine	2.848	Noun
europa	2.848	Name
exalted	2.848	Adjective
factions	2.848	Noun
feeder	2.848	Noun
fido	2.848	Noun
figs	2.848	Noun
fillings	2.848	Noun
fixation	2.848	Noun
flicker	2.848	Noun
flowed	2.848	Verb
flunky	2.848	Adjective
fondly	2.848	Adverb
fowl	2.848	Noun
fraught	2.848	Adjective
furlough	2.848	Noun
gab	2.848	Noun
gam	2.848	Noun
gaps	2.848	Noun
gash	2.848	Noun
gilded	2.848	Adjective
glider	2.848	Noun
gomorrah	2.848	Name
gonzalo	2.848	Name
goop	2.848	Noun
gouge	2.848	Verb
greats	2.848	Noun
grocer	2.848	Noun
hacks	2.848	Noun
hakim	2.848	Verb
heaviest	2.848	Adjective
heep	2.848	Name
highs	2.848	Noun
iago	2.848	Name
inbred	2.848	Adjective
inkling	2.848	Noun
interim	2.848	Noun
jurassic	2.848	Name
kernel	2.848	Noun
kewpie	2.848	Noun
kneecaps	2.848	Noun
kooky	2.848	Adjective
krypton	2.848	Name
landers	2.848	Noun
lovesick	2.848	Adjective
lube	2.848	Noun
maggle	2.848	Verb
makuta	2.848	Noun
mallet	2.848	Noun
medicare	2.848	Name
mesh	2.848	Noun
midair	2.848	Noun
midas	2.848	Name
midlife	2.848	Noun
mille	2.848	Name
mobility	2.848	Noun
mopey	2.848	Noun
mutated	2.848	Verb
mutters	2.848	Verb
nabbed	2.848	Verb
nightie	2.848	Noun
nitrous	2.848	Adjective
nostril	2.848	Noun
notary	2.848	Noun
okayed	2.848	Verb
oldies	2.848	Noun
pacifist	2.848	Noun
padlock	2.848	Noun
pansies	2.848	Noun
peebles	2.848	Name
peels	2.848	Noun
peruvian	2.848	Adjective
phaser	2.848	Noun
playpen	2.848	Noun
presto	2.848	Interjection
primate	2.848	Noun
printout	2.848	Noun
prized	2.848	Adjective
probes	2.848	Noun
prod	2.848	Verb
prunes	2.848	Noun
quarrels	2.848	Noun
rafters	2.848	Noun
ravioli	2.848	Noun
razors	2.848	Noun
readout	2.848	Noun
remiss	2.848	Adjective
retinal	2.848	Adjective
retrace	2.848	Verb
revert	2.848	Verb
revolve	2.848	Verb
saps	2.848	Noun
scorned	2.848	Verb
sefton	2.848	Name
serviced	2.848	Verb
shug	2.848	Noun
sifting	2.848	Verb
sith	2.848	Adverb
sneaker	2.848	Noun
soundly	2.848	Adverb
spiffy	2.848	Adjective
spokes	2.848	Noun
spreader	2.848	Noun
squarely	2.848	Adverb
squirts	2.848	Noun
standoff	2.848	Noun
staples	2.848	Noun
stirs	2.848	Verb
strep	2.848	Noun
stuntman	2.848	Noun
synch	2.848	Noun
tapeworm	2.848	Noun
taupe	2.848	Noun
taut	2.848	Adjective
tenement	2.848	Noun
tingly	2.848	Adverb
titled	2.848	Verb
topeka	2.848	Name
trachea	2.848	Noun
trifling	2.848	Adjective
troth	2.848	Noun
tubing	2.848	Noun
tumour	2.848	Noun
tutu	2.848	Noun
undoing	2.848	Noun
unfairly	2.848	Adverb
unfreeze	2.848	Verb
upchuck	2.848	Name
uranus	2.848	Name
valise	2.848	Noun
varying	2.848	Adjective
vichy	2.848	Name
vigorous	2.848	Adjective
visuals	2.848	Noun
vocals	2.848	Noun
waived	2.848	Verb
wastes	2.848	Verb
wat	2.848	Name
whirling	2.848	Verb
width	2.848	Noun
willful	2.848	Adjective
yakking	2.848	Verb
zest	2.848	Noun
accosted	2.836	Verb
airmen	2.836	Noun
alba	2.836	Name
albania	2.836	Name
align	2.836	Verb
arduous	2.836	Adjective
athena	2.836	Name
baboons	2.836	Noun
backers	2.836	Noun
banquo	2.836	Noun
bearable	2.836	Adjective
beastly	2.836	Adjective
beheaded	2.836	Verb
bellhop	2.836	Noun
bigotry	2.836	Noun
bimbos	2.836	Noun
bleeps	2.836	Verb
blockage	2.836	Noun
bolus	2.836	Noun
broader	2.836	Adjective
bullseye	2.836	Name
caboodle	2.836	Noun
carlin	2.836	Name
castillo	2.836	Name
cesare	2.836	Name
chianti	2.836	Noun
clinch	2.836	Noun
cloaked	2.836	Verb
clubbing	2.836	Verb
converts	2.836	Noun
cooker	2.836	Noun
corduroy	2.836	Noun
coworker	2.836	Noun
creams	2.836	Noun
credo	2.836	Noun
crewmen	2.836	Noun
debacle	2.836	Noun
declares	2.836	Verb
degrade	2.836	Verb
detach	2.836	Verb
dinars	2.836	Noun
discs	2.836	Noun
dominick	2.836	Name
dongs	2.836	Noun
dreading	2.836	Verb
dresden	2.836	Name
dykes	2.836	Noun
eleventh	2.836	Number
empties	2.836	Verb
enabled	2.836	Verb
enables	2.836	Verb
enforcer	2.836	Noun
enroll	2.836	Verb
enslave	2.836	Verb
entrees	2.836	Noun
evermore	2.836	Adverb
exert	2.836	Verb
expedite	2.836	Verb
extremes	2.836	Noun
faro	2.836	Noun
fie	2.836	Interjection
fifties	2.836	Number
flowery	2.836	Adjective
folders	2.836	Noun
follower	2.836	Noun
forceps	2.836	Noun
freddo	2.836	Name
frees	2.836	Verb
fused	2.836	Verb
futon	2.836	Noun
galoshes	2.836	Noun
gasket	2.836	Noun
gelder	2.836	Name
grilling	2.836	Verb
grotto	2.836	Noun
grudges	2.836	Noun
grueling	2.836	Adjective
guerilla	2.836	Noun
gutsy	2.836	Adjective
hammy	2.836	Noun
harpy	2.836	Noun
hearth	2.836	Noun
heroics	2.836	Noun
highball	2.836	Noun
hitching	2.836	Verb
hospice	2.836	Noun
idealist	2.836	Noun
inactive	2.836	Adjective
jackals	2.836	Noun
jailbird	2.836	Noun
jezebel	2.836	Name
jour	2.836	Noun
kink	2.836	Noun
launder	2.836	Verb
legwork	2.836	Noun
limerick	2.836	Name
lividity	2.836	Noun
loc	2.836	Noun
lore	2.836	Noun
loudest	2.836	Adjective
maud	2.836	Name
maxed	2.836	Verb
megatron	2.836	Name
memsahib	2.836	Noun
merl	2.836	Name
mixes	2.836	Noun
monarchy	2.836	Noun
mope	2.836	Verb
mounts	2.836	Noun
nab	2.836	Verb
neath	2.836	Preposition
nodded	2.836	Verb
noggin	2.836	Noun
oddball	2.836	Noun
overcame	2.836	Verb
parlay	2.836	Noun
pellets	2.836	Noun
perfumed	2.836	Adjective
phlegm	2.836	Noun
pitied	2.836	Verb
powwow	2.836	Noun
puccini	2.836	Name
puzzling	2.836	Adjective
rant	2.836	Noun
rarest	2.836	Adjective
recluse	2.836	Noun
refute	2.836	Verb
relates	2.836	Verb
remnants	2.836	Noun
repel	2.836	Verb
rhine	2.836	Name
robotic	2.836	Adjective
rodman	2.836	Name
rumpus	2.836	Noun
shogun	2.836	Name
skyline	2.836	Noun
slough	2.836	Name
smithers	2.836	Name
smoky	2.836	Adjective
snapper	2.836	Noun
sparkly	2.836	Adjective
spotting	2.836	Verb
spouses	2.836	Noun
stamper	2.836	Name
statutes	2.836	Noun
stools	2.836	Noun
stowaway	2.836	Noun
stowed	2.836	Verb
strode	2.836	Verb
stuffs	2.836	Noun
subdural	2.836	Adjective
suckered	2.836	Verb
swerve	2.836	Verb
switcher	2.836	Name
tampon	2.836	Noun
tartarus	2.836	Name
thready	2.836	Noun
tilted	2.836	Verb
tipper	2.836	Noun
tireless	2.836	Adjective
toasty	2.836	Adjective
tomcat	2.836	Noun
trashing	2.836	Verb
tucking	2.836	Verb
tweak	2.836	Verb
typo	2.836	Noun
vectors	2.836	Noun
verdi	2.836	Name
vitality	2.836	Noun
vitro	2.836	Adverb
wading	2.836	Verb
whammy	2.836	Noun
winkle	2.836	Name
xenon	2.836	Noun
aargh	2.823	Interjection
abode	2.823	Noun
accursed	2.823	Adjective
adept	2.823	Adjective
aided	2.823	Verb
alfalfa	2.823	Noun
algiers	2.823	Name
aloof	2.823	Adjective
annals	2.823	Noun
artemis	2.823	Name
barring	2.823	Verb
bashing	2.823	Verb
belay	2.823	Verb
benjy	2.823	Name
blog	2.823	Noun
boasting	2.823	Verb
boldly	2.823	Adverb
bonita	2.823	Name
boosters	2.823	Noun
bosoms	2.823	Noun
boxcar	2.823	Noun
buddhism	2.823	Noun
budding	2.823	Adjective
bullpen	2.823	Verb
bunghole	2.823	Noun
burdened	2.823	Verb
butlers	2.823	Noun
canals	2.823	Noun
canoes	2.823	Noun
chafing	2.823	Noun
chants	2.823	Verb
chassis	2.823	Noun
chromium	2.823	Noun
citing	2.823	Verb
cleanest	2.823	Adjective
clit	2.823	Adjective
clothed	2.823	Verb
clubber	2.823	Name
cohens	2.823	Name
coley	2.823	Noun
communal	2.823	Adjective
compadre	2.823	Noun
comped	2.823	Verb
compels	2.823	Verb
comtesse	2.823	Noun
convened	2.823	Verb
copa	2.823	Name
cores	2.823	Noun
crapped	2.823	Verb
cray	2.823	Name
cults	2.823	Noun
culver	2.823	Name
denim	2.823	Noun
dipper	2.823	Noun
divides	2.823	Verb
divinely	2.823	Adverb
dor	2.823	Name
dupe	2.823	Noun
eagerly	2.823	Adverb
emblem	2.823	Noun
embolism	2.823	Noun
emmet	2.823	Name
empires	2.823	Noun
erie	2.823	Name
extort	2.823	Verb
faire	2.823	Noun
fathead	2.823	Noun
felonies	2.823	Noun
ferrara	2.823	Name
feverish	2.823	Adjective
fibre	2.823	Noun
finite	2.823	Adjective
flanks	2.823	Noun
flatfoot	2.823	Noun
foursome	2.823	Noun
fresher	2.823	Adjective
fryer	2.823	Noun
gophers	2.823	Noun
gushing	2.823	Verb
hardwood	2.823	Noun
headway	2.823	Noun
hecht	2.823	Name
hoarding	2.823	Verb
hologram	2.823	Noun
hosanna	2.823	Noun
ideology	2.823	Noun
indeedy	2.823	Adjective
inflamed	2.823	Adjective
inhabit	2.823	Verb
intents	2.823	Noun
journeys	2.823	Noun
kafka	2.823	Name
keynote	2.823	Noun
knapsack	2.823	Noun
knifed	2.823	Verb
knitted	2.823	Verb
kumquats	2.823	Noun
lackey	2.823	Noun
laney	2.823	Name
lat	2.823	Name
leases	2.823	Noun
leveled	2.823	Verb
levin	2.823	Name
liberals	2.823	Noun
lido	2.823	Noun
liftoff	2.823	Noun
loopy	2.823	Adjective
lurid	2.823	Adjective
mailer	2.823	Name
meanings	2.823	Noun
meringue	2.823	Noun
merman	2.823	Name
midland	2.823	Name
modeled	2.823	Verb
momento	2.823	Noun
mongoose	2.823	Noun
mooning	2.823	Verb
moroccan	2.823	Noun
motif	2.823	Noun
mourners	2.823	Noun
mun	2.823	Verb
natures	2.823	Noun
neighs	2.823	Verb
nosey	2.823	Adjective
nother	2.823	Noun
nudist	2.823	Noun
ons	2.823	Noun
oomph	2.823	Noun
optimum	2.823	Adjective
orca	2.823	Noun
orpheus	2.823	Name
paired	2.823	Verb
pate	2.823	Noun
pence	2.823	Noun
peppy	2.823	Adjective
perseus	2.823	Name
phasers	2.823	Noun
phonies	2.823	Noun
physique	2.823	Noun
plowed	2.823	Verb
plowing	2.823	Verb
poorest	2.823	Adjective
priced	2.823	Verb
primates	2.823	Noun
proposes	2.823	Verb
prouder	2.823	Adjective
puffing	2.823	Adjective
pumpkins	2.823	Noun
pygmy	2.823	Adjective
quirky	2.823	Adjective
raider	2.823	Noun
rainer	2.823	Name
ranges	2.823	Noun
refills	2.823	Noun
remover	2.823	Noun
reunions	2.823	Noun
revs	2.823	Noun
rickey	2.823	Name
rooming	2.823	Verb
russel	2.823	Name
sanctum	2.823	Noun
satire	2.823	Noun
seam	2.823	Noun
seaside	2.823	Noun
sectors	2.823	Noun
selenium	2.823	Noun
sellout	2.823	Noun
sermons	2.823	Noun
shingles	2.823	Noun
shopper	2.823	Noun
slashing	2.823	Verb
slaving	2.823	Verb
sleet	2.823	Noun
sobriety	2.823	Noun
sorcery	2.823	Noun
spouting	2.823	Verb
sprite	2.823	Noun
squealer	2.823	Noun
stillman	2.823	Name
subways	2.823	Noun
sunburn	2.823	Noun
swapped	2.823	Verb
tawny	2.823	Adjective
teacup	2.823	Noun
teamed	2.823	Verb
teeming	2.823	Adjective
tel	2.823	Noun
teletype	2.823	Noun
tellers	2.823	Noun
tempered	2.823	Verb
texts	2.823	Noun
tilting	2.823	Verb
tipsy	2.823	Adjective
tourism	2.823	Noun
traders	2.823	Noun
treads	2.823	Verb
trimming	2.823	Verb
tuxedos	2.823	Noun
ukraine	2.823	Name
untamed	2.823	Adjective
upgrades	2.823	Noun
utensils	2.823	Noun
vegan	2.823	Noun
verbs	2.823	Noun
virile	2.823	Adjective
warships	2.823	Noun
wazoo	2.823	Noun
woodruff	2.823	Name
wooly	2.823	Adverb
aborted	2.81	Verb
adage	2.81	Noun
aides	2.81	Noun
airing	2.81	Verb
anemic	2.81	Adjective
antsy	2.81	Noun
anvil	2.81	Noun
apricot	2.81	Noun
arousing	2.81	Verb
ashtrays	2.81	Noun
aspiring	2.81	Adjective
atrocity	2.81	Noun
balances	2.81	Verb
balling	2.81	Verb
bargains	2.81	Noun
barnacle	2.81	Noun
barrio	2.81	Unclassified
beatnik	2.81	Noun
blastoff	2.81	Verb
boosted	2.81	Verb
bracken	2.81	Noun
bracket	2.81	Noun
brant	2.81	Name
braves	2.81	Noun
brodie	2.81	Name
bronc	2.81	Noun
bucko	2.81	Noun
bumming	2.81	Verb
bushel	2.81	Noun
bwana	2.81	Name
cahoots	2.81	Noun
candler	2.81	Name
canteens	2.81	Noun
capa	2.81	Name
capers	2.81	Noun
cascade	2.81	Noun
castaway	2.81	Noun
caymans	2.81	Name
chalice	2.81	Noun
chaperon	2.81	Noun
cheaply	2.81	Adverb
christen	2.81	Verb
classify	2.81	Verb
clunk	2.81	Noun
collided	2.81	Verb
consort	2.81	Verb
converge	2.81	Verb
copier	2.81	Noun
cots	2.81	Noun
decoded	2.81	Verb
delaying	2.81	Verb
dentures	2.81	Noun
derry	2.81	Name
devise	2.81	Verb
dips	2.81	Verb
distal	2.81	Adjective
drafty	2.81	Adjective
drawback	2.81	Noun
dressy	2.81	Adjective
duffer	2.81	Noun
eluded	2.81	Verb
emir	2.81	Noun
enacted	2.81	Verb
endowed	2.81	Verb
eros	2.81	Name
evading	2.81	Verb
executor	2.81	Noun
fallback	2.81	Noun
famously	2.81	Adverb
fares	2.81	Noun
fated	2.81	Adjective
fellatio	2.81	Noun
fixture	2.81	Noun
folsom	2.81	Name
freeways	2.81	Noun
furthest	2.81	Adjective
gables	2.81	Noun
gaff	2.81	Noun
glanced	2.81	Verb
gnome	2.81	Noun
goth	2.81	Noun
grassy	2.81	Adjective
grog	2.81	Noun
groot	2.81	Name
gunboat	2.81	Noun
gunny	2.81	Noun
hacienda	2.81	Noun
harshly	2.81	Adverb
hater	2.81	Noun
hazards	2.81	Noun
heaters	2.81	Noun
helpers	2.81	Noun
hemlock	2.81	Noun
hertz	2.81	Noun
hisses	2.81	Verb
idealism	2.81	Noun
idly	2.81	Adverb
improves	2.81	Verb
jud	2.81	Verb
kiev	2.81	Name
kinetic	2.81	Adjective
lacy	2.81	Name
laude	2.81	Adverb
launches	2.81	Verb
lira	2.81	Noun
liveth	2.81	Verb
magenta	2.81	Noun
meager	2.81	Adjective
medley	2.81	Noun
miffed	2.81	Verb
mikado	2.81	Noun
mistrust	2.81	Verb
moonwalk	2.81	Noun
morsel	2.81	Noun
mortis	2.81	Noun
mott	2.81	Name
munchies	2.81	Noun
murmurs	2.81	Noun
nairobi	2.81	Name
neurosis	2.81	Noun
offenses	2.81	Noun
olm	2.81	Noun
ono	2.81	Name
orbiting	2.81	Verb
outgrown	2.81	Verb
overdone	2.81	Verb
paisley	2.81	Noun
pampered	2.81	Verb
pardons	2.81	Noun
pawing	2.81	Verb
pecs	2.81	Noun
peeps	2.81	Noun
penner	2.81	Name
pinot	2.81	Noun
planter	2.81	Noun
polymer	2.81	Noun
poon	2.81	Name
preached	2.81	Verb
pricey	2.81	Adjective
pudgy	2.81	Adjective
putrid	2.81	Adjective
quench	2.81	Verb
rapport	2.81	Noun
realms	2.81	Noun
redeemed	2.81	Verb
rentals	2.81	Noun
reputed	2.81	Adjective
rosario	2.81	Name
rukh	2.81	Name
scab	2.81	Noun
scribble	2.81	Verb
shakers	2.81	Noun
showroom	2.81	Noun
shriek	2.81	Noun
sickest	2.81	Adjective
signify	2.81	Verb
sized	2.81	Verb
sizzle	2.81	Noun
skittish	2.81	Verb
sld	2.81	Name
slouch	2.81	Verb
snitches	2.81	Noun
snooty	2.81	Adjective
snuffy	2.81	Name
softened	2.81	Verb
sonata	2.81	Noun
soulless	2.81	Adjective
sparked	2.81	Verb
spasms	2.81	Noun
spectral	2.81	Adjective
sped	2.81	Verb
splashed	2.81	Verb
spotty	2.81	Adjective
spry	2.81	Adjective
spunky	2.81	Adjective
subdued	2.81	Adjective
subtext	2.81	Noun
sues	2.81	Verb
sweeper	2.81	Noun
taunt	2.81	Verb
thickens	2.81	Verb
tibia	2.81	Noun
toit	2.81	Name
topple	2.81	Verb
towering	2.81	Adjective
trilogy	2.81	Noun
udo	2.81	Name
unused	2.81	Adjective
vagrant	2.81	Noun
vets	2.81	Noun
visas	2.81	Noun
wanderer	2.81	Noun
wasps	2.81	Noun
weld	2.81	Verb
whines	2.81	Verb
wiggly	2.81	Name
willi	2.81	Name
wily	2.81	Adjective
winging	2.81	Verb
withers	2.81	Name
woolf	2.81	Name
woven	2.81	Verb
zooming	2.81	Verb
accuses	2.797	Verb
ailments	2.797	Noun
alleluia	2.797	Interjection
amino	2.797	Noun
annoys	2.797	Verb
appetit	2.797	Interjection
aramaic	2.797	Noun
beholden	2.797	Adjective
bennet	2.797	Name
berets	2.797	Noun
bigot	2.797	Noun
blowfish	2.797	Noun
bobbing	2.797	Verb
bonbons	2.797	Noun
bos	2.797	Name
bowled	2.797	Verb
boyhood	2.797	Noun
boyish	2.797	Adjective
bundt	2.797	Noun
busybody	2.797	Noun
cache	2.797	Noun
caf	2.797	Noun
calamari	2.797	Noun
calibre	2.797	Noun
cann	2.797	Name
canyons	2.797	Noun
captures	2.797	Verb
carney	2.797	Name
carsick	2.797	Adjective
castrate	2.797	Verb
catapult	2.797	Noun
cates	2.797	Name
cathouse	2.797	Noun
caving	2.797	Noun
chao	2.797	Name
cherub	2.797	Noun
chilli	2.797	Noun
chokes	2.797	Verb
chums	2.797	Noun
churn	2.797	Verb
clamped	2.797	Verb
clots	2.797	Noun
clouding	2.797	Verb
cocoanut	2.797	Name
colonels	2.797	Noun
compress	2.797	Noun
confuses	2.797	Verb
conspire	2.797	Verb
coolidge	2.797	Name
coupe	2.797	Noun
coventry	2.797	Name
covey	2.797	Noun
credited	2.797	Verb
cripples	2.797	Noun
cur	2.797	Noun
curved	2.797	Adjective
dag	2.797	Verb
danube	2.797	Name
dasher	2.797	Name
decked	2.797	Verb
deejay	2.797	Noun
deemer	2.797	Name
destruct	2.797	Noun
dicey	2.797	Noun
dingy	2.797	Adjective
dislikes	2.797	Verb
disprove	2.797	Verb
dobson	2.797	Name
dsr	2.797	Name
embraces	2.797	Verb
equator	2.797	Noun
euro	2.797	Adjective
fab	2.797	Adjective
faintly	2.797	Adverb
falafel	2.797	Noun
fascists	2.797	Noun
fatherly	2.797	Adjective
feasible	2.797	Adjective
filtered	2.797	Verb
fizz	2.797	Noun
foes	2.797	Noun
forger	2.797	Noun
fossils	2.797	Noun
furlong	2.797	Noun
gallup	2.797	Name
gat	2.797	Noun
gillian	2.797	Name
giraffes	2.797	Noun
glaucoma	2.797	Noun
gliding	2.797	Verb
glutton	2.797	Noun
gora	2.797	Name
greco	2.797	Name
grope	2.797	Verb
gyp	2.797	Noun
handouts	2.797	Noun
harming	2.797	Verb
heats	2.797	Noun
heaving	2.797	Verb
hurled	2.797	Verb
inertia	2.797	Noun
insipid	2.797	Adjective
intrepid	2.797	Adjective
irate	2.797	Adjective
irrigate	2.797	Verb
ish	2.797	Verb
jargon	2.797	Noun
jughead	2.797	Noun
kazoo	2.797	Noun
kebab	2.797	Noun
kilt	2.797	Noun
kirsch	2.797	Noun
koala	2.797	Noun
lanterns	2.797	Noun
lastly	2.797	Adverb
latham	2.797	Name
lib	2.797	Noun
lids	2.797	Noun
lifelike	2.797	Adjective
lite	2.797	Noun
littlest	2.797	Adjective
lobes	2.797	Noun
lusty	2.797	Adjective
lye	2.797	Noun
magna	2.797	Noun
manuals	2.797	Noun
marooned	2.797	Adjective
messer	2.797	Name
mim	2.797	Verb
minx	2.797	Noun
misfits	2.797	Noun
molest	2.797	Verb
muchacho	2.797	Noun
mulberry	2.797	Noun
murky	2.797	Adjective
muss	2.797	Noun
navi	2.797	Noun
nieces	2.797	Noun
nips	2.797	Noun
nobodies	2.797	Noun
notable	2.797	Adjective
obsess	2.797	Verb
oceanic	2.797	Adjective
oncology	2.797	Noun
ord	2.797	Noun
overlay	2.797	Noun
parka	2.797	Noun
pasty	2.797	Adjective
payload	2.797	Noun
pestle	2.797	Noun
picker	2.797	Noun
pillage	2.797	Verb
playoff	2.797	Noun
pogo	2.797	Noun
porker	2.797	Noun
prenatal	2.797	Adjective
pulpit	2.797	Noun
purify	2.797	Verb
radish	2.797	Noun
rages	2.797	Verb
ragtime	2.797	Noun
rainier	2.797	Name
ramble	2.797	Verb
regency	2.797	Name
resolute	2.797	Adjective
revived	2.797	Verb
revolves	2.797	Verb
roomful	2.797	Noun
rubdown	2.797	Noun
saffron	2.797	Noun
sainted	2.797	Adjective
santy	2.797	Name
saver	2.797	Noun
scalps	2.797	Noun
scarves	2.797	Noun
schnell	2.797	Name
scour	2.797	Verb
scud	2.797	Name
seine	2.797	Name
seismic	2.797	Adjective
shivers	2.797	Noun
showcase	2.797	Noun
sideline	2.797	Noun
sirloin	2.797	Noun
sistine	2.797	Adjective
snazzy	2.797	Adjective
snorkel	2.797	Noun
soir	2.797	Unclassified
solicit	2.797	Verb
spastic	2.797	Adjective
squawks	2.797	Verb
squirty	2.797	Name
stardom	2.797	Noun
stony	2.797	Adjective
stoolie	2.797	Noun
stupider	2.797	Noun
stupidly	2.797	Adverb
sunblock	2.797	Noun
supple	2.797	Adjective
swindled	2.797	Verb
swoon	2.797	Verb
synergy	2.797	Noun
tanna	2.797	Name
tanned	2.797	Adjective
tapioca	2.797	Noun
tch	2.797	Name
thames	2.797	Name
thru	2.797	Preposition
thudding	2.797	Verb
timbers	2.797	Noun
tipster	2.797	Noun
tubby	2.797	Adjective
vapor	2.797	Noun
vendors	2.797	Noun
venison	2.797	Noun
ventures	2.797	Noun
vertebra	2.797	Noun
welded	2.797	Verb
whiting	2.797	Noun
whopping	2.797	Adjective
wiggy	2.797	Adjective
xxx	2.797	Number
zeal	2.797	Noun
zodiac	2.797	Noun
acrobat	2.783	Noun
adoptive	2.783	Adjective
affront	2.783	Noun
airman	2.783	Name
airship	2.783	Noun
allure	2.783	Noun
amiable	2.783	Adjective
apostles	2.783	Noun
ardent	2.783	Adjective
artiste	2.783	Noun
avenues	2.783	Noun
avert	2.783	Verb
backdoor	2.783	Noun
balm	2.783	Noun
baltic	2.783	Name
barged	2.783	Verb
baseman	2.783	Noun
befall	2.783	Verb
bellyful	2.783	Noun
benches	2.783	Noun
bionic	2.783	Adjective
blazers	2.783	Noun
blemish	2.783	Noun
blinks	2.783	Verb
boatman	2.783	Noun
boogers	2.783	Noun
borneo	2.783	Name
bouquets	2.783	Noun
bragged	2.783	Verb
bribing	2.783	Verb
brier	2.783	Noun
briny	2.783	Adjective
browse	2.783	Verb
buckled	2.783	Verb
buckles	2.783	Noun
builders	2.783	Noun
caboose	2.783	Noun
campsite	2.783	Noun
cantina	2.783	Noun
catalogs	2.783	Noun
chama	2.783	Name
chaste	2.783	Adjective
chews	2.783	Verb
chipping	2.783	Verb
chirp	2.783	Verb
choosy	2.783	Adjective
clammy	2.783	Adjective
cleft	2.783	Noun
clingy	2.783	Adjective
clobber	2.783	Verb
coachman	2.783	Noun
cobalt	2.783	Noun
coed	2.783	Adjective
commuter	2.783	Noun
coughed	2.783	Verb
coven	2.783	Noun
crawley	2.783	Name
cutoff	2.783	Noun
cyborg	2.783	Noun
dawdle	2.783	Verb
deem	2.783	Verb
defer	2.783	Verb
deposed	2.783	Adjective
dia	2.783	Noun
dieting	2.783	Verb
diets	2.783	Noun
digit	2.783	Noun
dignify	2.783	Verb
dissent	2.783	Noun
doa	2.783	Name
doozy	2.783	Adjective
durant	2.783	Name
easing	2.783	Verb
ejection	2.783	Noun
entities	2.783	Noun
faulkner	2.783	Name
fecal	2.783	Adjective
fess	2.783	Verb
fiendish	2.783	Adjective
finnish	2.783	Adjective
fisk	2.783	Name
fistful	2.783	Noun
foreseen	2.783	Verb
forte	2.783	Noun
fraid	2.783	Adjective
freckle	2.783	Noun
froggy	2.783	Adjective
gargle	2.783	Verb
gere	2.783	Name
granola	2.783	Noun
gummer	2.783	Name
gymnast	2.783	Noun
hairball	2.783	Noun
hairless	2.783	Adjective
hales	2.783	Name
hanover	2.783	Name
hasan	2.783	Name
heretic	2.783	Noun
hogwash	2.783	Noun
hokey	2.783	Noun
inherent	2.783	Adjective
jiggling	2.783	Verb
juju	2.783	Noun
jumpers	2.783	Noun
kona	2.783	Name
lactose	2.783	Noun
lesion	2.783	Noun
lessen	2.783	Verb
lurks	2.783	Verb
magnify	2.783	Verb
mandible	2.783	Noun
mane	2.783	Noun
mariners	2.783	Noun
martel	2.783	Name
maybes	2.783	Noun
meathead	2.783	Noun
mendy	2.783	Name
mens	2.783	Noun
misfit	2.783	Noun
mobs	2.783	Noun
molded	2.783	Verb
moldy	2.783	Adjective
mucus	2.783	Noun
nagel	2.783	Name
naught	2.783	Pronoun
nesting	2.783	Noun
nimble	2.783	Adjective
nuptials	2.783	Noun
obstruct	2.783	Verb
organise	2.783	Verb
orifice	2.783	Noun
outrank	2.783	Verb
outwit	2.783	Verb
patrice	2.783	Name
peddler	2.783	Noun
pell	2.783	Name
perched	2.783	Verb
phases	2.783	Noun
pitchers	2.783	Noun
pollux	2.783	Verb
porky	2.783	Adjective
preceded	2.783	Verb
prelim	2.783	Noun
prelude	2.783	Noun
primer	2.783	Noun
quibble	2.783	Verb
quixote	2.783	Name
raccoons	2.783	Noun
radicals	2.783	Noun
raku	2.783	Noun
ramada	2.783	Name
reboot	2.783	Verb
reciting	2.783	Verb
resin	2.783	Noun
restart	2.783	Verb
resuming	2.783	Verb
rickshaw	2.783	Noun
rippling	2.783	Adjective
ritter	2.783	Name
rosalind	2.783	Name
rumbles	2.783	Verb
salome	2.783	Name
sawdust	2.783	Noun
scrappy	2.783	Adjective
sensa	2.783	Noun
serrano	2.783	Name
severity	2.783	Noun
sexes	2.783	Noun
shanks	2.783	Noun
shebang	2.783	Noun
sheikh	2.783	Noun
shone	2.783	Verb
shrimps	2.783	Noun
shtick	2.783	Noun
sidecar	2.783	Noun
sixpence	2.783	Noun
skids	2.783	Noun
slogans	2.783	Noun
slugging	2.783	Verb
smarty	2.783	Noun
speedo	2.783	Noun
speedway	2.783	Noun
spics	2.783	Noun
spitfire	2.783	Noun
spoonful	2.783	Noun
squander	2.783	Verb
stagger	2.783	Noun
starlet	2.783	Noun
sternal	2.783	Adjective
sublet	2.783	Noun
suburb	2.783	Noun
sur	2.783	Unclassified
syria	2.783	Name
tadpole	2.783	Noun
tania	2.783	Name
tawdry	2.783	Adjective
tibby	2.783	Name
toads	2.783	Noun
tolls	2.783	Verb
toughen	2.783	Verb
tractors	2.783	Noun
trouper	2.783	Noun
turnover	2.783	Noun
twitchy	2.783	Adjective
ungodly	2.783	Adjective
vacuumed	2.783	Verb
validity	2.783	Noun
vamoose	2.783	Verb
veggie	2.783	Noun
ver	2.783	Noun
visor	2.783	Noun
voltaire	2.783	Name
wasteful	2.783	Adjective
wilco	2.783	Name
wobble	2.783	Verb
wouldst	2.783	Verb
wreak	2.783	Verb
yawns	2.783	Verb
yod	2.783	Name
abraxas	2.769	Name
absolve	2.769	Verb
abundant	2.769	Adjective
ack	2.769	Name
adhere	2.769	Verb
admirals	2.769	Noun
affinity	2.769	Noun
afghan	2.769	Adjective
agua	2.769	Name
airliner	2.769	Noun
alienate	2.769	Verb
amtrak	2.769	Name
angelic	2.769	Adjective
anorexic	2.769	Adjective
anthill	2.769	Noun
antony	2.769	Name
arroyo	2.769	Noun
astor	2.769	Noun
attends	2.769	Verb
auburn	2.769	Adjective
badness	2.769	Noun
bagman	2.769	Noun
bakshi	2.769	Name
balmy	2.769	Adjective
balu	2.769	Noun
bannock	2.769	Noun
bask	2.769	Verb
beaky	2.769	Name
beretta	2.769	Name
bibi	2.769	Name
births	2.769	Noun
biter	2.769	Noun
blab	2.769	Verb
blacker	2.769	Adjective
blight	2.769	Noun
blvd	2.769	Name
boarder	2.769	Noun
brawn	2.769	Noun
bulimic	2.769	Adjective
burros	2.769	Noun
cagey	2.769	Adjective
canst	2.769	Verb
captors	2.769	Noun
cardigan	2.769	Noun
carmel	2.769	Name
carols	2.769	Noun
catered	2.769	Verb
cera	2.769	Noun
ceramics	2.769	Noun
chapin	2.769	Name
chimneys	2.769	Noun
chucked	2.769	Verb
cloves	2.769	Noun
clucking	2.769	Verb
cojones	2.769	Noun
colet	2.769	Name
comedies	2.769	Noun
compiled	2.769	Verb
cramming	2.769	Verb
cruises	2.769	Noun
curtsy	2.769	Noun
dabble	2.769	Verb
dearborn	2.769	Name
deduce	2.769	Verb
denning	2.769	Name
derail	2.769	Verb
derailed	2.769	Verb
deviled	2.769	Adjective
dharma	2.769	Name
diavolo	2.769	Name
dilation	2.769	Noun
dopes	2.769	Noun
druthers	2.769	Name
dyes	2.769	Noun
ejected	2.769	Verb
enamel	2.769	Noun
entail	2.769	Verb
ephraim	2.769	Name
fait	2.769	Noun
fasting	2.769	Verb
fathoms	2.769	Noun
fixated	2.769	Verb
flagrant	2.769	Adjective
fleshy	2.769	Adjective
focal	2.769	Adjective
foothold	2.769	Noun
forego	2.769	Verb
fossa	2.769	Noun
gagging	2.769	Verb
galloway	2.769	Name
ged	2.769	Adjective
grat	2.769	Verb
grenada	2.769	Name
grids	2.769	Noun
grieved	2.769	Verb
groomed	2.769	Verb
grubby	2.769	Adjective
hams	2.769	Noun
hayward	2.769	Name
hinge	2.769	Noun
hollered	2.769	Verb
hooting	2.769	Verb
hoots	2.769	Verb
hostel	2.769	Noun
hounded	2.769	Verb
hugely	2.769	Adverb
idiocy	2.769	Noun
ignited	2.769	Verb
imagines	2.769	Verb
infer	2.769	Verb
ingested	2.769	Verb
inhales	2.769	Verb
jagged	2.769	Adjective
judaism	2.769	Noun
kama	2.769	Name
kimura	2.769	Name
kindling	2.769	Noun
kneecap	2.769	Noun
koi	2.769	Noun
lain	2.769	Verb
lances	2.769	Noun
laos	2.769	Name
larvae	2.769	Noun
lien	2.769	Name
lifer	2.769	Noun
lows	2.769	Noun
lunching	2.769	Verb
luv	2.769	Noun
mab	2.769	Name
madden	2.769	Verb
malta	2.769	Name
maquis	2.769	Noun
mastery	2.769	Noun
micro	2.769	Noun
midline	2.769	Noun
midwife	2.769	Noun
migs	2.769	Noun
motorcar	2.769	Noun
mullet	2.769	Noun
mussels	2.769	Noun
mutilate	2.769	Verb
nibbling	2.769	Verb
nibs	2.769	Noun
nig	2.769	Name
nipper	2.769	Noun
nutter	2.769	Noun
nyet	2.769	Verb
nymphs	2.769	Noun
oddest	2.769	Adjective
offset	2.769	Verb
oiled	2.769	Verb
ophelia	2.769	Name
orbits	2.769	Noun
orgies	2.769	Noun
outlived	2.769	Verb
ovens	2.769	Noun
overkill	2.769	Noun
overlap	2.769	Noun
palette	2.769	Noun
passkey	2.769	Noun
pastries	2.769	Noun
perfumes	2.769	Noun
persia	2.769	Name
pic	2.769	Noun
piety	2.769	Noun
pina	2.769	Noun
pisser	2.769	Noun
pizzazz	2.769	Noun
placid	2.769	Adjective
plateau	2.769	Noun
pleads	2.769	Verb
pornos	2.769	Noun
poseidon	2.769	Name
pouty	2.769	Adjective
prickly	2.769	Adjective
printers	2.769	Noun
prix	2.769	Noun
quebec	2.769	Name
query	2.769	Noun
rainbird	2.769	Name
raves	2.769	Noun
redoing	2.769	Verb
reliving	2.769	Verb
renewing	2.769	Verb
repose	2.769	Noun
resists	2.769	Verb
revision	2.769	Noun
robbin	2.769	Noun
robotics	2.769	Noun
roque	2.769	Name
roughed	2.769	Verb
roughing	2.769	Verb
ruffle	2.769	Verb
saggy	2.769	Adjective
salle	2.769	Name
saloons	2.769	Noun
salted	2.769	Adjective
salve	2.769	Noun
samba	2.769	Noun
sapiens	2.769	Noun
satyr	2.769	Noun
sawing	2.769	Verb
scrotum	2.769	Noun
securely	2.769	Adverb
shacking	2.769	Verb
shadowed	2.769	Verb
sharply	2.769	Adverb
shatters	2.769	Verb
sherbet	2.769	Noun
shrunken	2.769	Adjective
shyness	2.769	Noun
sissies	2.769	Noun
slaved	2.769	Verb
smarten	2.769	Verb
smite	2.769	Verb
spatial	2.769	Adjective
stoops	2.769	Verb
stunner	2.769	Noun
sullen	2.769	Adjective
swayed	2.769	Verb
swindler	2.769	Noun
swink	2.769	Name
tactful	2.769	Adjective
taurus	2.769	Name
taxpayer	2.769	Noun
tendon	2.769	Noun
tennyson	2.769	Name
texan	2.769	Noun
thermite	2.769	Noun
tillman	2.769	Name
tosses	2.769	Verb
trainers	2.769	Noun
trolling	2.769	Verb
tsurugi	2.769	Name
twine	2.769	Noun
typhon	2.769	Noun
ukulele	2.769	Noun
uncouth	2.769	Adjective
undue	2.769	Adjective
unmanned	2.769	Adjective
uppercut	2.769	Noun
uppers	2.769	Noun
verily	2.769	Adverb
vittles	2.769	Noun
wank	2.769	Noun
websites	2.769	Noun
weepy	2.769	Adjective
wheeze	2.769	Verb
whisk	2.769	Verb
widowed	2.769	Adjective
wiggling	2.769	Verb
willed	2.769	Verb
wiper	2.769	Noun
wiz	2.769	Noun
woolen	2.769	Adjective
wrappers	2.769	Noun
yields	2.769	Verb
yokels	2.769	Noun
absinthe	2.754	Verb
angelito	2.754	Noun
angered	2.754	Verb
antennae	2.754	Noun
antwerp	2.754	Name
aquatic	2.754	Adjective
aviator	2.754	Noun
awry	2.754	Adverb
balding	2.754	Adjective
balkan	2.754	Adjective
banky	2.754	Name
barman	2.754	Noun
barroom	2.754	Noun
bawl	2.754	Verb
bef	2.754	Noun
beluga	2.754	Noun
bide	2.754	Verb
biking	2.754	Verb
birthing	2.754	Adjective
blanky	2.754	Adjective
bloodied	2.754	Verb
bogeys	2.754	Noun
booklet	2.754	Noun
botulism	2.754	Noun
braille	2.754	Name
brawling	2.754	Verb
bunsen	2.754	Name
burg	2.754	Noun
burners	2.754	Noun
burrow	2.754	Noun
busier	2.754	Adjective
canfield	2.754	Name
celtic	2.754	Adjective
chica	2.754	Noun
civility	2.754	Noun
compost	2.754	Noun
cornish	2.754	Adjective
crumpets	2.754	Noun
cuffed	2.754	Verb
dado	2.754	Noun
dago	2.754	Noun
dahlia	2.754	Name
dank	2.754	Adjective
dapper	2.754	Adjective
daze	2.754	Noun
deathly	2.754	Adjective
deity	2.754	Noun
disliked	2.754	Verb
disputes	2.754	Noun
dissed	2.754	Verb
doctored	2.754	Verb
dolittle	2.754	Name
donne	2.754	Name
doormat	2.754	Noun
doubly	2.754	Adverb
downwind	2.754	Adverb
dweeb	2.754	Noun
eighties	2.754	Number
embryos	2.754	Noun
emulate	2.754	Verb
endgame	2.754	Noun
entitles	2.754	Verb
epidural	2.754	Noun
erosion	2.754	Noun
erotica	2.754	Noun
fetched	2.754	Verb
fielder	2.754	Noun
fili	2.754	Noun
filler	2.754	Noun
firebird	2.754	Name
firefly	2.754	Noun
flinched	2.754	Verb
fuels	2.754	Noun
gaucho	2.754	Noun
genteel	2.754	Adjective
glick	2.754	Name
golfers	2.754	Noun
goofball	2.754	Noun
grossed	2.754	Verb
grossly	2.754	Adverb
gruff	2.754	Adjective
guise	2.754	Noun
gurgling	2.754	Verb
handball	2.754	Noun
harden	2.754	Verb
hermes	2.754	Name
hilltop	2.754	Noun
hilt	2.754	Noun
hilts	2.754	Noun
homeboys	2.754	Noun
hooter	2.754	Noun
hoy	2.754	Interjection
huntley	2.754	Name
hustlers	2.754	Noun
idaho	2.754	Name
incur	2.754	Verb
inquired	2.754	Verb
invader	2.754	Noun
janitors	2.754	Noun
jello	2.754	Noun
jinxed	2.754	Verb
joie	2.754	Noun
kale	2.754	Noun
kylie	2.754	Name
lamppost	2.754	Noun
lancers	2.754	Noun
lather	2.754	Noun
leakage	2.754	Noun
leeway	2.754	Noun
lemmon	2.754	Name
limes	2.754	Noun
linear	2.754	Adjective
liqueur	2.754	Noun
livers	2.754	Noun
loach	2.754	Name
loaves	2.754	Noun
loonies	2.754	Noun
lout	2.754	Noun
lymphoma	2.754	Noun
macro	2.754	Noun
marginal	2.754	Adjective
medea	2.754	Name
menacing	2.754	Adjective
mescal	2.754	Noun
minibus	2.754	Noun
minstrel	2.754	Noun
miro	2.754	Name
misuse	2.754	Noun
mongolia	2.754	Name
moonlit	2.754	Adjective
muskrat	2.754	Noun
myriad	2.754	Noun
myron	2.754	Name
nastiest	2.754	Adjective
neb	2.754	Noun
nigerian	2.754	Adjective
nodes	2.754	Noun
nous	2.754	Noun
nouveau	2.754	Noun
num	2.754	Noun
nurtured	2.754	Verb
obscured	2.754	Verb
offed	2.754	Verb
ogres	2.754	Noun
oke	2.754	Verb
olympia	2.754	Name
orbing	2.754	Verb
ortho	2.754	Noun
outboard	2.754	Noun
pathways	2.754	Noun
pinup	2.754	Noun
plait	2.754	Noun
plebe	2.754	Noun
plush	2.754	Adjective
pomona	2.754	Name
porthole	2.754	Noun
posey	2.754	Name
preface	2.754	Noun
proctor	2.754	Name
profane	2.754	Verb
propane	2.754	Noun
pulsar	2.754	Noun
pygmies	2.754	Noun
raptors	2.754	Noun
receding	2.754	Verb
reckons	2.754	Verb
recovers	2.754	Verb
redheads	2.754	Noun
referral	2.754	Noun
regatta	2.754	Noun
relies	2.754	Verb
remedies	2.754	Noun
replies	2.754	Noun
restrict	2.754	Verb
ruffian	2.754	Noun
ruffles	2.754	Noun
saboteur	2.754	Noun
salaam	2.754	Verb
sashimi	2.754	Noun
savoy	2.754	Name
sawed	2.754	Verb
scaffold	2.754	Noun
schmucks	2.754	Noun
scots	2.754	Noun
scruffy	2.754	Adjective
sequins	2.754	Noun
shimmer	2.754	Verb
shuteye	2.754	Noun
shyster	2.754	Noun
sickle	2.754	Noun
silks	2.754	Noun
simeon	2.754	Name
sinker	2.754	Noun
skirmish	2.754	Noun
skulking	2.754	Verb
slush	2.754	Noun
snide	2.754	Adjective
soleil	2.754	Name
solvent	2.754	Noun
spacing	2.754	Noun
spritzer	2.754	Noun
squeezes	2.754	Verb
stamping	2.754	Verb
stumps	2.754	Noun
subtract	2.754	Verb
surveys	2.754	Noun
swastika	2.754	Noun
syllabus	2.754	Noun
tadpoles	2.754	Noun
talons	2.754	Noun
tete	2.754	Noun
thawed	2.754	Verb
thefts	2.754	Noun
thyroid	2.754	Adjective
torrid	2.754	Adjective
trad	2.754	Name
trailed	2.754	Verb
trailers	2.754	Noun
treading	2.754	Verb
trumps	2.754	Verb
tunic	2.754	Noun
unopened	2.754	Adjective
upscale	2.754	Noun
varies	2.754	Verb
vases	2.754	Noun
vices	2.754	Noun
viennese	2.754	Adjective
vouchers	2.754	Noun
vowels	2.754	Noun
walling	2.754	Name
wavy	2.754	Adjective
webs	2.754	Noun
weet	2.754	Verb
welding	2.754	Noun
welling	2.754	Name
winks	2.754	Noun
adapting	2.739	Verb
afforded	2.739	Verb
airhead	2.739	Noun
airwaves	2.739	Noun
als	2.739	Name
americas	2.739	Name
amity	2.739	Noun
ascot	2.739	Name
atoll	2.739	Noun
auditory	2.739	Adjective
autonomy	2.739	Noun
bakers	2.739	Noun
bakes	2.739	Verb
bangers	2.739	Noun
bicarb	2.739	Noun
bigmouth	2.739	Noun
birdies	2.739	Noun
blissful	2.739	Adjective
blotter	2.739	Noun
bluffed	2.739	Verb
bodhi	2.739	Name
bolder	2.739	Adjective
brutes	2.739	Noun
butte	2.739	Name
cabernet	2.739	Noun
capitals	2.739	Noun
capitan	2.739	Noun
caplan	2.739	Name
captives	2.739	Noun
cheeses	2.739	Noun
chicky	2.739	Adjective
cleansed	2.739	Verb
clotting	2.739	Verb
clump	2.739	Noun
cobby	2.739	Name
cog	2.739	Noun
coli	2.739	Noun
combines	2.739	Verb
compile	2.739	Verb
cranked	2.739	Verb
crises	2.739	Noun
crumbles	2.739	Verb
crumpled	2.739	Verb
cuddles	2.739	Noun
cussing	2.739	Verb
dawns	2.739	Verb
dazzled	2.739	Verb
deflect	2.739	Verb
demolish	2.739	Verb
depict	2.739	Verb
diagonal	2.739	Adjective
diddy	2.739	Name
disband	2.739	Verb
disdain	2.739	Noun
dissing	2.739	Verb
dissuade	2.739	Verb
docile	2.739	Adjective
dolled	2.739	Verb
dolt	2.739	Verb
dorsal	2.739	Adjective
drunker	2.739	Adjective
ducal	2.739	Adjective
earpiece	2.739	Noun
envision	2.739	Verb
erk	2.739	Verb
evens	2.739	Verb
expands	2.739	Verb
factual	2.739	Adjective
fathered	2.739	Verb
fauna	2.739	Noun
faxes	2.739	Noun
fenster	2.739	Noun
ficus	2.739	Noun
finders	2.739	Name
flaubert	2.739	Name
flighty	2.739	Adjective
flushes	2.739	Verb
foliage	2.739	Noun
fugue	2.739	Noun
gangland	2.739	Noun
gargoyle	2.739	Noun
garnish	2.739	Noun
genital	2.739	Adjective
goggle	2.739	Verb
halfback	2.739	Noun
haters	2.739	Noun
hiccup	2.739	Noun
hinted	2.739	Verb
horned	2.739	Adjective
hosted	2.739	Verb
hubcaps	2.739	Noun
hygienic	2.739	Adjective
immersed	2.739	Verb
impart	2.739	Verb
incurred	2.739	Verb
ins	2.739	Noun
invoked	2.739	Verb
jakey	2.739	Name
jamboree	2.739	Noun
kan	2.739	Name
keypad	2.739	Noun
keyword	2.739	Noun
knoll	2.739	Noun
koko	2.739	Name
labrador	2.739	Noun
latigo	2.739	Name
leasing	2.739	Verb
lectured	2.739	Verb
ley	2.739	Name
linguist	2.739	Noun
linoleum	2.739	Noun
longtime	2.739	Adjective
lookouts	2.739	Noun
looming	2.739	Verb
lugging	2.739	Verb
lusting	2.739	Verb
lynched	2.739	Verb
maidens	2.739	Noun
majoring	2.739	Verb
maniacal	2.739	Adjective
marquee	2.739	Noun
marshes	2.739	Noun
matured	2.739	Verb
mauve	2.739	Adjective
meeker	2.739	Adjective
merengue	2.739	Noun
mince	2.739	Verb
mis	2.739	Name
miso	2.739	Noun
mocks	2.739	Verb
musk	2.739	Noun
muskie	2.739	Name
mystics	2.739	Noun
necking	2.739	Verb
neuroses	2.739	Noun
newscast	2.739	Noun
nobler	2.739	Adjective
nomad	2.739	Noun
noun	2.739	Noun
null	2.739	Adjective
oat	2.739	Noun
ola	2.739	Name
ooze	2.739	Verb
oriented	2.739	Verb
paga	2.739	Name
pageants	2.739	Noun
palsy	2.739	Noun
papal	2.739	Adjective
parlors	2.739	Noun
parrots	2.739	Noun
pasha	2.739	Noun
pasteur	2.739	Name
patting	2.739	Verb
pelham	2.739	Name
penchant	2.739	Noun
pendulum	2.739	Noun
penile	2.739	Adjective
penitent	2.739	Adjective
pester	2.739	Verb
pfc	2.739	Name
photon	2.739	Noun
pinochle	2.739	Noun
plagues	2.739	Noun
purged	2.739	Verb
pylon	2.739	Noun
quartz	2.739	Noun
quorum	2.739	Noun
radiate	2.739	Verb
raking	2.739	Verb
ranches	2.739	Noun
raps	2.739	Verb
ravage	2.739	Verb
reasoned	2.739	Verb
reassign	2.739	Verb
recant	2.739	Verb
recheck	2.739	Verb
rectory	2.739	Noun
rekindle	2.739	Verb
rerouted	2.739	Verb
res	2.739	Noun
rescind	2.739	Verb
resorts	2.739	Noun
rhapsody	2.739	Noun
rifleman	2.739	Noun
rigs	2.739	Noun
ringers	2.739	Noun
romp	2.739	Noun
rotary	2.739	Adjective
rotunda	2.739	Noun
rubin	2.739	Name
ruff	2.739	Noun
rulers	2.739	Noun
ruskin	2.739	Name
sander	2.739	Noun
scorpio	2.739	Name
scrapped	2.739	Verb
sentinel	2.739	Noun
serpents	2.739	Noun
shacks	2.739	Noun
sheepdog	2.739	Noun
shoves	2.739	Verb
shunned	2.739	Verb
sieve	2.739	Noun
skittles	2.739	Noun
smiths	2.739	Name
snafu	2.739	Noun
snape	2.739	Name
snarl	2.739	Noun
socked	2.739	Verb
sos	2.739	Noun
spawned	2.739	Verb
squealed	2.739	Verb
stemple	2.739	Name
stepson	2.739	Noun
stigma	2.739	Noun
stills	2.739	Noun
strands	2.739	Noun
styx	2.739	Name
subspace	2.739	Noun
sundaes	2.739	Noun
tassel	2.739	Noun
tassels	2.739	Noun
techs	2.739	Noun
tepee	2.739	Noun
theatres	2.739	Noun
thrash	2.739	Verb
throes	2.739	Noun
tingler	2.739	Noun
tinhorn	2.739	Noun
tippy	2.739	Name
toasts	2.739	Noun
toons	2.739	Noun
tricycle	2.739	Noun
trifecta	2.739	Noun
tsunami	2.739	Noun
tunney	2.739	Name
tweaking	2.739	Verb
tyke	2.739	Noun
tyrants	2.739	Noun
undertow	2.739	Noun
unites	2.739	Verb
unwed	2.739	Adjective
usable	2.739	Adjective
vagrancy	2.739	Noun
veiled	2.739	Adjective
venomous	2.739	Adjective
virility	2.739	Noun
wailers	2.739	Noun
wallaby	2.739	Noun
waterbed	2.739	Adjective
wearer	2.739	Noun
wildwind	2.739	Name
wiretap	2.739	Noun
woes	2.739	Noun
yeh	2.739	Noun
yokohama	2.739	Name
yuletide	2.739	Noun
zipped	2.739	Verb
abalone	2.723	Verb
abetting	2.723	Verb
abreast	2.723	Adjective
abstain	2.723	Verb
admires	2.723	Verb
ailing	2.723	Adjective
ailment	2.723	Noun
allegro	2.723	Noun
ambient	2.723	Adjective
ammonium	2.723	Noun
amok	2.723	Adverb
amuck	2.723	Noun
anagram	2.723	Noun
analyzer	2.723	Noun
annul	2.723	Verb
anti	2.723	Adjective
aspirins	2.723	Noun
audited	2.723	Verb
backroom	2.723	Noun
bandaged	2.723	Verb
beanbag	2.723	Noun
beefing	2.723	Verb
beefs	2.723	Noun
begone	2.723	Verb
belli	2.723	Name
belted	2.723	Verb
bested	2.723	Verb
bettor	2.723	Noun
bey	2.723	Name
bigamy	2.723	Noun
blacking	2.723	Verb
blending	2.723	Verb
blinky	2.723	Name
bloat	2.723	Verb
boh	2.723	Noun
bondsman	2.723	Noun
bouts	2.723	Noun
braciole	2.723	Noun
bulky	2.723	Adjective
bullfrog	2.723	Noun
burnside	2.723	Name
callan	2.723	Name
candidly	2.723	Adverb
capo	2.723	Noun
carjack	2.723	Verb
chaka	2.723	Name
chalet	2.723	Noun
chiming	2.723	Verb
citrus	2.723	Noun
clapped	2.723	Verb
cloister	2.723	Noun
clove	2.723	Noun
clovers	2.723	Noun
colic	2.723	Adjective
colts	2.723	Noun
comme	2.723	Unclassified
concord	2.723	Name
coons	2.723	Noun
cordoba	2.723	Name
corrupts	2.723	Verb
cougars	2.723	Noun
coupling	2.723	Noun
creak	2.723	Verb
cutlass	2.723	Noun
debates	2.723	Noun
decreed	2.723	Verb
dents	2.723	Noun
devilish	2.723	Adjective
diplomas	2.723	Noun
disgusts	2.723	Verb
dogged	2.723	Verb
dorks	2.723	Noun
downers	2.723	Noun
draper	2.723	Name
dregs	2.723	Noun
droopy	2.723	Adjective
druggist	2.723	Noun
dubbed	2.723	Verb
duelling	2.723	Adjective
dynamo	2.723	Noun
eardrums	2.723	Noun
eased	2.723	Verb
emcee	2.723	Noun
emperors	2.723	Noun
employs	2.723	Verb
encased	2.723	Verb
endorsed	2.723	Verb
enright	2.723	Name
entice	2.723	Verb
enticing	2.723	Adjective
epitaph	2.723	Noun
estrogen	2.723	Noun
etched	2.723	Verb
ethiopia	2.723	Name
exports	2.723	Noun
fairs	2.723	Noun
faun	2.723	Noun
fillmore	2.723	Name
finalize	2.723	Verb
flirty	2.723	Adjective
flogged	2.723	Verb
flops	2.723	Noun
flossing	2.723	Verb
fondness	2.723	Noun
forties	2.723	Number
gad	2.723	Noun
gawking	2.723	Verb
genome	2.723	Noun
gentile	2.723	Noun
goobers	2.723	Noun
goofed	2.723	Verb
gremlins	2.723	Noun
grimy	2.723	Adjective
griping	2.723	Verb
gripping	2.723	Adjective
habitual	2.723	Adjective
halibut	2.723	Noun
halter	2.723	Noun
hapsburg	2.723	Name
harbors	2.723	Noun
heaps	2.723	Noun
helmsman	2.723	Noun
hijacker	2.723	Noun
hitters	2.723	Noun
hoes	2.723	Noun
hoppy	2.723	Name
hornets	2.723	Noun
hotcakes	2.723	Noun
humpty	2.723	Adjective
hurling	2.723	Verb
hurst	2.723	Name
iffy	2.723	Adjective
ills	2.723	Noun
impacted	2.723	Verb
impede	2.723	Verb
inasmuch	2.723	Conjunction
inflated	2.723	Adjective
iniquity	2.723	Noun
ironclad	2.723	Noun
jiff	2.723	Noun
jiggy	2.723	Adjective
jousting	2.723	Verb
kayak	2.723	Noun
kitties	2.723	Noun
kodak	2.723	Name
laudanum	2.723	Noun
laury	2.723	Name
leer	2.723	Name
levee	2.723	Noun
listings	2.723	Noun
looser	2.723	Adjective
lyon	2.723	Name
lyrical	2.723	Adjective
magi	2.723	Noun
malachi	2.723	Noun
mans	2.723	Noun
martins	2.723	Name
mays	2.723	Name
meanness	2.723	Noun
menial	2.723	Adjective
merv	2.723	Name
molar	2.723	Noun
motley	2.723	Adjective
mutts	2.723	Noun
nicht	2.723	Unclassified
okra	2.723	Noun
outdo	2.723	Verb
outlines	2.723	Noun
ovary	2.723	Noun
packaged	2.723	Verb
paltry	2.723	Adjective
pamper	2.723	Verb
parasol	2.723	Noun
poacher	2.723	Noun
poignant	2.723	Adjective
poppers	2.723	Noun
prawn	2.723	Noun
prevails	2.723	Verb
probate	2.723	Noun
psalm	2.723	Noun
pubes	2.723	Noun
purging	2.723	Verb
quintet	2.723	Noun
quist	2.723	Name
rashes	2.723	Noun
ravenous	2.723	Adjective
recalls	2.723	Verb
reviewer	2.723	Noun
richly	2.723	Adverb
rife	2.723	Adjective
rioting	2.723	Noun
rouen	2.723	Name
royally	2.723	Adverb
saladin	2.723	Noun
sartain	2.723	Noun
scooch	2.723	Noun
scowl	2.723	Noun
segue	2.723	Verb
shanti	2.723	Noun
shielded	2.723	Verb
shun	2.723	Verb
sighed	2.723	Verb
silences	2.723	Verb
simian	2.723	Adjective
sizable	2.723	Adjective
skeet	2.723	Noun
smudges	2.723	Noun
snobs	2.723	Noun
snuffed	2.723	Verb
southpaw	2.723	Noun
spacey	2.723	Name
sparrows	2.723	Noun
spawning	2.723	Noun
spoilt	2.723	Verb
spool	2.723	Noun
spousal	2.723	Noun
sputnik	2.723	Name
squished	2.723	Verb
stimulus	2.723	Noun
stopper	2.723	Noun
straddle	2.723	Verb
suturing	2.723	Verb
swatches	2.723	Noun
tacks	2.723	Noun
tailored	2.723	Verb
teal	2.723	Noun
teas	2.723	Noun
thirds	2.723	Number
thirties	2.723	Number
tho	2.723	Noun
thrice	2.723	Adverb
thrones	2.723	Noun
thruster	2.723	Noun
timeout	2.723	Noun
topical	2.723	Adjective
trinidad	2.723	Name
truer	2.723	Adjective
tweedy	2.723	Name
twinge	2.723	Noun
typhus	2.723	Noun
unafraid	2.723	Verb
unjustly	2.723	Adverb
updating	2.723	Verb
upkeep	2.723	Noun
usage	2.723	Noun
vamps	2.723	Noun
vanguard	2.723	Noun
varna	2.723	Name
vastly	2.723	Adverb
vel	2.723	Verb
venereal	2.723	Adjective
vividly	2.723	Adverb
wacker	2.723	Noun
wag	2.723	Verb
waged	2.723	Verb
walkers	2.723	Noun
waller	2.723	Name
waterman	2.723	Name
weeps	2.723	Verb
weevil	2.723	Name
whacks	2.723	Verb
widgeon	2.723	Name
winger	2.723	Noun
wrecker	2.723	Noun
yow	2.723	Verb
yowie	2.723	Name
zebras	2.723	Noun
aaa	2.707	Name
abiding	2.707	Adjective
abscess	2.707	Noun
absorbs	2.707	Verb
abuses	2.707	Noun
acheron	2.707	Name
aeon	2.707	Noun
afire	2.707	Adjective
aground	2.707	Adverb
alaskan	2.707	Adjective
alexia	2.707	Name
alms	2.707	Noun
ancients	2.707	Noun
annually	2.707	Adverb
appease	2.707	Verb
armament	2.707	Noun
avarice	2.707	Noun
avid	2.707	Adjective
avoids	2.707	Verb
baku	2.707	Name
balkans	2.707	Name
bambino	2.707	Unclassified
banes	2.707	Noun
battled	2.707	Verb
bib	2.707	Noun
bicker	2.707	Verb
bluer	2.707	Adjective
bluntly	2.707	Adverb
blurt	2.707	Verb
bogie	2.707	Name
bonbon	2.707	Noun
bopper	2.707	Noun
borrows	2.707	Verb
brougham	2.707	Name
brunt	2.707	Noun
budgets	2.707	Noun
bulldogs	2.707	Noun
bushy	2.707	Adjective
cager	2.707	Name
calais	2.707	Name
canasta	2.707	Noun
cancels	2.707	Verb
carne	2.707	Name
carpal	2.707	Adjective
certify	2.707	Verb
chablis	2.707	Name
chasers	2.707	Noun
chiffon	2.707	Noun
chippy	2.707	Noun
churning	2.707	Verb
citywide	2.707	Adjective
clawing	2.707	Verb
cleanly	2.707	Adverb
cocking	2.707	Verb
coexist	2.707	Verb
conked	2.707	Verb
conquers	2.707	Verb
cottages	2.707	Noun
crafted	2.707	Verb
cribs	2.707	Noun
critique	2.707	Noun
crocker	2.707	Name
crusts	2.707	Noun
cuvee	2.707	Name
cyanotic	2.707	Adjective
cygnus	2.707	Noun
daresay	2.707	Verb
deare	2.707	Name
decrepit	2.707	Adjective
dept	2.707	Noun
dialling	2.707	Verb
diction	2.707	Noun
dipstick	2.707	Noun
droll	2.707	Adjective
dumbbell	2.707	Noun
dunce	2.707	Noun
dunkirk	2.707	Name
elapsed	2.707	Verb
elicit	2.707	Verb
emission	2.707	Noun
endures	2.707	Verb
erected	2.707	Verb
errant	2.707	Adjective
erupted	2.707	Verb
euphoria	2.707	Noun
fanciful	2.707	Adjective
faust	2.707	Name
fellers	2.707	Noun
fentanyl	2.707	Noun
fey	2.707	Name
fillet	2.707	Noun
fitz	2.707	Name
fiver	2.707	Noun
flavored	2.707	Verb
fleabag	2.707	Noun
flit	2.707	Verb
flogging	2.707	Verb
foaming	2.707	Verb
fondle	2.707	Verb
freakish	2.707	Adjective
frowning	2.707	Verb
futility	2.707	Noun
gabbing	2.707	Verb
galleys	2.707	Noun
gators	2.707	Noun
gaul	2.707	Noun
gelatin	2.707	Noun
gentler	2.707	Adjective
gimmicks	2.707	Noun
giuseppe	2.707	Name
gogo	2.707	Noun
goodie	2.707	Noun
googled	2.707	Verb
gossamer	2.707	Noun
gunter	2.707	Name
hao	2.707	Name
hatching	2.707	Verb
header	2.707	Noun
hebrews	2.707	Noun
hemostat	2.707	Verb
hightail	2.707	Verb
hoarse	2.707	Adjective
hominy	2.707	Noun
hovel	2.707	Noun
hushed	2.707	Adjective
huskies	2.707	Name
hydrate	2.707	Verb
hymen	2.707	Noun
illegals	2.707	Noun
immobile	2.707	Adjective
indulged	2.707	Verb
inflate	2.707	Verb
isotope	2.707	Noun
jabber	2.707	Noun
jammer	2.707	Noun
janeiro	2.707	Name
jazzy	2.707	Adjective
jilted	2.707	Verb
jumbled	2.707	Verb
karmic	2.707	Adjective
kimchi	2.707	Noun
labored	2.707	Verb
laborers	2.707	Noun
lager	2.707	Noun
landfall	2.707	Noun
lapel	2.707	Noun
layover	2.707	Noun
leaped	2.707	Verb
leering	2.707	Verb
ligament	2.707	Noun
linder	2.707	Name
literacy	2.707	Noun
loathing	2.707	Noun
luxuries	2.707	Noun
madmen	2.707	Noun
manifold	2.707	Noun
mesdames	2.707	Name
metric	2.707	Adjective
microbes	2.707	Noun
millman	2.707	Name
mindful	2.707	Adjective
minotaur	2.707	Noun
minty	2.707	Adjective
miser	2.707	Noun
miter	2.707	Noun
monies	2.707	Noun
motorist	2.707	Noun
mournful	2.707	Adjective
musty	2.707	Adjective
namaste	2.707	Verb
nineties	2.707	Number
noblest	2.707	Adjective
node	2.707	Noun
nonfat	2.707	Verb
nympho	2.707	Noun
obese	2.707	Adjective
odious	2.707	Adjective
overpass	2.707	Noun
palomino	2.707	Noun
pauper	2.707	Noun
penned	2.707	Verb
pensions	2.707	Noun
perjured	2.707	Verb
pert	2.707	Adjective
pesto	2.707	Noun
phantoms	2.707	Noun
pharaohs	2.707	Noun
phlox	2.707	Noun
piazza	2.707	Noun
piedmont	2.707	Name
pillbox	2.707	Noun
piloting	2.707	Verb
piranhas	2.707	Noun
ponce	2.707	Noun
pothole	2.707	Noun
preying	2.707	Verb
priestly	2.707	Name
pruning	2.707	Noun
quint	2.707	Noun
radial	2.707	Adjective
raff	2.707	Name
rancid	2.707	Adjective
rattler	2.707	Noun
realty	2.707	Noun
rectum	2.707	Noun
reefs	2.707	Noun
renders	2.707	Verb
rinds	2.707	Noun
rousing	2.707	Adjective
rustler	2.707	Noun
saki	2.707	Noun
sao	2.707	Name
sauces	2.707	Noun
schlep	2.707	Verb
schooled	2.707	Verb
scone	2.707	Noun
scooping	2.707	Verb
scopes	2.707	Noun
scoping	2.707	Verb
scotia	2.707	Name
scotsman	2.707	Noun
secular	2.707	Adjective
sensuous	2.707	Adjective
setbacks	2.707	Noun
shaves	2.707	Verb
sheath	2.707	Noun
shedding	2.707	Verb
shins	2.707	Noun
shiva	2.707	Name
shoeless	2.707	Name
showbiz	2.707	Noun
siesta	2.707	Noun
silvery	2.707	Adjective
skeeter	2.707	Noun
skeptic	2.707	Noun
skimpy	2.707	Adjective
skunks	2.707	Noun
sleight	2.707	Noun
smock	2.707	Noun
sniffles	2.707	Verb
soapy	2.707	Adjective
soothes	2.707	Verb
sorrier	2.707	Adjective
sourpuss	2.707	Noun
soybean	2.707	Adjective
spaniard	2.707	Noun
spiking	2.707	Verb
spiro	2.707	Name
spritz	2.707	Name
standish	2.707	Name
staph	2.707	Noun
stickle	2.707	Name
strumpet	2.707	Noun
stubby	2.707	Adjective
supposes	2.707	Verb
surrey	2.707	Name
sussex	2.707	Name
swag	2.707	Noun
swooped	2.707	Verb
syringes	2.707	Noun
tackling	2.707	Verb
tailpipe	2.707	Noun
tamper	2.707	Verb
tankers	2.707	Noun
tater	2.707	Name
telex	2.707	Noun
terrify	2.707	Verb
textile	2.707	Noun
thwarted	2.707	Verb
tins	2.707	Noun
toey	2.707	Name
toms	2.707	Name
tory	2.707	Adjective
township	2.707	Noun
tuckered	2.707	Verb
typhoid	2.707	Noun
unending	2.707	Adjective
unglued	2.707	Adjective
unnamed	2.707	Adjective
unscrew	2.707	Verb
unseemly	2.707	Adverb
unwrap	2.707	Verb
vagabond	2.707	Noun
valhalla	2.707	Name
veggies	2.707	Noun
virgo	2.707	Name
vouched	2.707	Verb
wackos	2.707	Noun
weenies	2.707	Noun
welder	2.707	Noun
wherein	2.707	Adverb
whistled	2.707	Verb
wicca	2.707	Name
wicks	2.707	Noun
wishbone	2.707	Noun
yachts	2.707	Noun
yat	2.707	Noun
yeller	2.707	Noun
zander	2.707	Name
zippers	2.707	Noun
abolish	2.69	Verb
acquit	2.69	Noun
adobe	2.69	Noun
advent	2.69	Noun
advises	2.69	Verb
aglow	2.69	Adjective
airspeed	2.69	Noun
alcove	2.69	Noun
aline	2.69	Name
alumnus	2.69	Noun
anaconda	2.69	Noun
ancestry	2.69	Noun
ankara	2.69	Name
aortic	2.69	Adjective
apathy	2.69	Noun
artistry	2.69	Noun
asians	2.69	Noun
asperger	2.69	Name
auditor	2.69	Noun
awning	2.69	Noun
backdrop	2.69	Noun
barbeque	2.69	Noun
batted	2.69	Verb
begrudge	2.69	Verb
beheld	2.69	Verb
benadryl	2.69	Noun
benet	2.69	Name
bighorn	2.69	Noun
birdcage	2.69	Noun
blinders	2.69	Noun
bloomers	2.69	Noun
blucher	2.69	Noun
boatload	2.69	Noun
bode	2.69	Verb
bogged	2.69	Verb
bravado	2.69	Noun
brooms	2.69	Noun
bunions	2.69	Noun
burping	2.69	Verb
busboys	2.69	Noun
busload	2.69	Noun
cag	2.69	Name
cameo	2.69	Noun
camino	2.69	Name
canton	2.69	Name
canvases	2.69	Noun
cauldron	2.69	Noun
chitlins	2.69	Noun
cicely	2.69	Adverb
cilantro	2.69	Noun
clambake	2.69	Noun
clung	2.69	Verb
coined	2.69	Verb
colonic	2.69	Adjective
conceit	2.69	Noun
cooing	2.69	Verb
coolie	2.69	Noun
cor	2.69	Interjection
coursing	2.69	Verb
cravings	2.69	Noun
cretins	2.69	Noun
croaked	2.69	Verb
cruelly	2.69	Adverb
cyclone	2.69	Noun
cymbals	2.69	Noun
dauphin	2.69	Noun
defector	2.69	Noun
dickey	2.69	Name
digested	2.69	Verb
divorcee	2.69	Noun
dogface	2.69	Noun
doggies	2.69	Noun
doings	2.69	Noun
draught	2.69	Noun
dredge	2.69	Verb
duplex	2.69	Adjective
dyer	2.69	Name
eau	2.69	Noun
educator	2.69	Noun
embargo	2.69	Noun
embarked	2.69	Verb
eng	2.69	Name
entirety	2.69	Noun
erectile	2.69	Adjective
everyman	2.69	Noun
exhume	2.69	Verb
fairer	2.69	Adjective
fairway	2.69	Noun
fatigued	2.69	Verb
feats	2.69	Noun
fenders	2.69	Noun
finalist	2.69	Noun
fjord	2.69	Noun
flaccid	2.69	Adjective
flax	2.69	Name
flirts	2.69	Verb
flurry	2.69	Noun
flywheel	2.69	Name
forearms	2.69	Noun
fouls	2.69	Noun
freebies	2.69	Noun
fugu	2.69	Noun
fullness	2.69	Noun
fumbled	2.69	Verb
gearing	2.69	Verb
geeky	2.69	Adjective
gees	2.69	Interjection
glossy	2.69	Adjective
gonads	2.69	Noun
gourd	2.69	Noun
gramercy	2.69	Name
grifter	2.69	Noun
grouch	2.69	Noun
gullet	2.69	Noun
gumption	2.69	Noun
gunk	2.69	Noun
gust	2.69	Noun
haha	2.69	Interjection
haiku	2.69	Noun
harpies	2.69	Noun
hells	2.69	Noun
hiller	2.69	Name
horst	2.69	Name
idols	2.69	Noun
indie	2.69	Noun
indigent	2.69	Adjective
infield	2.69	Noun
jabs	2.69	Noun
jackman	2.69	Name
javelin	2.69	Noun
jogger	2.69	Noun
jordans	2.69	Name
juggler	2.69	Noun
juke	2.69	Noun
juniors	2.69	Noun
juniper	2.69	Noun
killjoy	2.69	Noun
knighted	2.69	Verb
kumquat	2.69	Noun
lattes	2.69	Noun
laziness	2.69	Noun
leafy	2.69	Adjective
lends	2.69	Verb
likeable	2.69	Adjective
lins	2.69	Name
littered	2.69	Verb
loafing	2.69	Verb
lowlifes	2.69	Noun
lucerne	2.69	Name
ludo	2.69	Name
lukewarm	2.69	Adjective
lunge	2.69	Verb
magellan	2.69	Name
magpie	2.69	Noun
mandolin	2.69	Noun
manitou	2.69	Noun
marcella	2.69	Name
marinara	2.69	Noun
maudlin	2.69	Adjective
mee	2.69	Noun
melton	2.69	Name
mementos	2.69	Noun
mergers	2.69	Noun
mig	2.69	Noun
milked	2.69	Verb
mnemonic	2.69	Adjective
mohawk	2.69	Noun
mongrels	2.69	Noun
morello	2.69	Name
mull	2.69	Verb
mutate	2.69	Verb
narrated	2.69	Verb
neckties	2.69	Noun
nee	2.69	Unclassified
nerdy	2.69	Adjective
nimrod	2.69	Noun
nos	2.69	Noun
nubian	2.69	Adjective
numero	2.69	Noun
olds	2.69	Noun
ourself	2.69	Pronoun
outreach	2.69	Noun
outweigh	2.69	Verb
overcast	2.69	Adjective
overdid	2.69	Verb
overhaul	2.69	Noun
pairing	2.69	Verb
pandit	2.69	Name
pane	2.69	Noun
paraguay	2.69	Name
paralyze	2.69	Verb
parietal	2.69	Adjective
peephole	2.69	Noun
pembroke	2.69	Name
perseid	2.69	Noun
piggies	2.69	Noun
pilate	2.69	Name
pinko	2.69	Noun
placenta	2.69	Noun
plume	2.69	Noun
pooka	2.69	Noun
pooling	2.69	Verb
pore	2.69	Noun
potency	2.69	Noun
potholes	2.69	Noun
potted	2.69	Adjective
procure	2.69	Verb
prohibit	2.69	Verb
provence	2.69	Name
psi	2.69	Noun
pulsing	2.69	Verb
pursuits	2.69	Noun
quan	2.69	Name
quasi	2.69	Adjective
radishes	2.69	Noun
redesign	2.69	Verb
redid	2.69	Noun
reebok	2.69	Noun
reseda	2.69	Name
resents	2.69	Verb
respite	2.69	Noun
revenues	2.69	Noun
rewire	2.69	Verb
rialto	2.69	Name
ricochet	2.69	Noun
roamed	2.69	Verb
rotor	2.69	Noun
ruffled	2.69	Adjective
rusk	2.69	Noun
sampled	2.69	Verb
sans	2.69	Unclassified
savant	2.69	Noun
saws	2.69	Noun
scolding	2.69	Verb
scorch	2.69	Verb
seashore	2.69	Noun
serg	2.69	Noun
sexing	2.69	Verb
shat	2.69	Verb
shaver	2.69	Noun
shes	2.69	Noun
shish	2.69	Noun
shopped	2.69	Verb
shrill	2.69	Adjective
sired	2.69	Verb
skated	2.69	Verb
skeletal	2.69	Adjective
skier	2.69	Noun
sledge	2.69	Noun
sludge	2.69	Noun
slumped	2.69	Verb
slur	2.69	Noun
smooch	2.69	Verb
smudged	2.69	Verb
snatcher	2.69	Noun
soapbox	2.69	Noun
softness	2.69	Noun
sone	2.69	Name
sonics	2.69	Name
sonnets	2.69	Noun
sparing	2.69	Verb
spew	2.69	Verb
spokane	2.69	Name
stapled	2.69	Verb
striving	2.69	Verb
suds	2.69	Noun
sulfa	2.69	Noun
swank	2.69	Noun
swerved	2.69	Verb
synaptic	2.69	Adjective
taels	2.69	Noun
tantra	2.69	Name
tantrums	2.69	Noun
tartare	2.69	Noun
tattler	2.69	Noun
teaspoon	2.69	Noun
teensy	2.69	Adjective
tenfold	2.69	Adverb
tether	2.69	Verb
theyre	2.69	Noun
thicket	2.69	Noun
thongs	2.69	Noun
thrives	2.69	Verb
thrower	2.69	Noun
tinfoil	2.69	Noun
tinsel	2.69	Noun
titian	2.69	Name
topsy	2.69	Name
toxicity	2.69	Noun
trident	2.69	Noun
trifles	2.69	Noun
tucks	2.69	Noun
tussle	2.69	Noun
unduly	2.69	Adverb
unwell	2.69	Adjective
ushers	2.69	Verb
ventured	2.69	Verb
vexed	2.69	Verb
virginal	2.69	Adjective
virtuoso	2.69	Noun
volley	2.69	Noun
wagging	2.69	Verb
warmly	2.69	Adverb
westward	2.69	Adverb
wetback	2.69	Noun
wetter	2.69	Adjective
weymouth	2.69	Name
whelp	2.69	Noun
whimsy	2.69	Noun
whoppers	2.69	Noun
whupped	2.69	Verb
witless	2.69	Adjective
woolly	2.69	Adjective
yellows	2.69	Noun
yelps	2.69	Verb
yeo	2.69	Name
abrasive	2.672	Adjective
achy	2.672	Adjective
acrylic	2.672	Adjective
agility	2.672	Noun
ajar	2.672	Adjective
algeria	2.672	Name
analysed	2.672	Verb
assessed	2.672	Verb
asterisk	2.672	Noun
astonish	2.672	Verb
avenging	2.672	Adjective
awakens	2.672	Verb
aztecs	2.672	Noun
backups	2.672	Noun
balled	2.672	Verb
baptists	2.672	Noun
bareback	2.672	Adverb
barium	2.672	Noun
bataan	2.672	Name
beeswax	2.672	Noun
bellow	2.672	Verb
bereaved	2.672	Adjective
berk	2.672	Noun
beryl	2.672	Name
blende	2.672	Noun
blooded	2.672	Adjective
bluffs	2.672	Noun
boodle	2.672	Noun
boogaloo	2.672	Noun
boulders	2.672	Noun
bracing	2.672	Adjective
braking	2.672	Verb
breakups	2.672	Noun
broach	2.672	Noun
bromide	2.672	Noun
bullhorn	2.672	Noun
cackles	2.672	Verb
cams	2.672	Noun
cannabis	2.672	Noun
capsized	2.672	Verb
cartels	2.672	Noun
censored	2.672	Verb
centauri	2.672	Adjective
centres	2.672	Noun
cereals	2.672	Noun
changer	2.672	Noun
chanukah	2.672	Name
chinamen	2.672	Noun
chutney	2.672	Noun
citadel	2.672	Noun
claps	2.672	Verb
clings	2.672	Verb
coating	2.672	Noun
codeine	2.672	Noun
comets	2.672	Noun
comstock	2.672	Noun
conveyed	2.672	Verb
cooties	2.672	Noun
craves	2.672	Verb
creators	2.672	Noun
cringe	2.672	Verb
crumbled	2.672	Verb
cystic	2.672	Adjective
damme	2.672	Name
danker	2.672	Name
danton	2.672	Noun
debated	2.672	Verb
decedent	2.672	Noun
dirtier	2.672	Adjective
dismay	2.672	Noun
dogging	2.672	Verb
dueling	2.672	Verb
eaters	2.672	Noun
econ	2.672	Noun
eggshell	2.672	Noun
elitist	2.672	Adjective
ensuring	2.672	Verb
ern	2.672	Noun
euclid	2.672	Name
exacting	2.672	Adjective
fabled	2.672	Adjective
fatten	2.672	Verb
feign	2.672	Verb
feint	2.672	Noun
firsts	2.672	Noun
flailing	2.672	Verb
flyboy	2.672	Noun
fondling	2.672	Verb
frayed	2.672	Adjective
frazzled	2.672	Verb
fuchsia	2.672	Noun
gaggle	2.672	Noun
gaiety	2.672	Noun
garages	2.672	Noun
gazed	2.672	Verb
girlish	2.672	Adjective
gizzard	2.672	Noun
glitches	2.672	Noun
glories	2.672	Noun
gobbling	2.672	Verb
godiva	2.672	Name
gospels	2.672	Noun
grama	2.672	Name
grift	2.672	Noun
gritty	2.672	Adjective
grouse	2.672	Noun
grubs	2.672	Noun
gruel	2.672	Noun
hacksaw	2.672	Noun
hashish	2.672	Adjective
hatter	2.672	Noun
hauls	2.672	Verb
haute	2.672	Noun
hearted	2.672	Adjective
henchmen	2.672	Noun
hillman	2.672	Name
hoard	2.672	Noun
hoyle	2.672	Name
hurdles	2.672	Noun
hurtling	2.672	Verb
hydra	2.672	Name
idyllic	2.672	Adjective
inciting	2.672	Verb
ingest	2.672	Adjective
inhumane	2.672	Adjective
inlet	2.672	Noun
iota	2.672	Noun
istanbul	2.672	Name
jarhead	2.672	Noun
jocko	2.672	Name
junky	2.672	Adjective
jus	2.672	Noun
justices	2.672	Noun
keeled	2.672	Verb
kiosk	2.672	Noun
kismet	2.672	Noun
knockoff	2.672	Noun
laborer	2.672	Noun
lashing	2.672	Verb
leaded	2.672	Adjective
lilacs	2.672	Noun
loader	2.672	Noun
lombard	2.672	Name
loveless	2.672	Adjective
loy	2.672	Name
lures	2.672	Verb
malarkey	2.672	Noun
manna	2.672	Noun
mantis	2.672	Noun
mensch	2.672	Noun
merging	2.672	Verb
mew	2.672	Noun
mirrored	2.672	Verb
misplace	2.672	Verb
mitten	2.672	Noun
modestly	2.672	Adverb
moped	2.672	Adjective
moray	2.672	Noun
mosaic	2.672	Noun
motherly	2.672	Adjective
mover	2.672	Noun
mucking	2.672	Verb
muses	2.672	Noun
nestled	2.672	Verb
nests	2.672	Noun
nil	2.672	Pronoun
nookie	2.672	Noun
numbing	2.672	Verb
nunnery	2.672	Noun
oblique	2.672	Adjective
odour	2.672	Noun
oldie	2.672	Noun
oodles	2.672	Noun
orbed	2.672	Verb
outworld	2.672	Name
pall	2.672	Noun
patted	2.672	Verb
patties	2.672	Noun
peacocks	2.672	Noun
peepers	2.672	Noun
pees	2.672	Verb
peeved	2.672	Adjective
pinche	2.672	Noun
pivot	2.672	Verb
plunging	2.672	Verb
plywood	2.672	Noun
pollute	2.672	Verb
pondered	2.672	Verb
praising	2.672	Verb
probed	2.672	Verb
promotes	2.672	Verb
protege	2.672	Noun
ptt	2.672	Name
quiver	2.672	Noun
quizzes	2.672	Noun
rabbis	2.672	Noun
rangoon	2.672	Name
reavers	2.672	Noun
rednecks	2.672	Noun
redone	2.672	Noun
reeking	2.672	Verb
relayed	2.672	Verb
repaint	2.672	Verb
replaces	2.672	Verb
reproach	2.672	Noun
reread	2.672	Verb
restock	2.672	Verb
retires	2.672	Verb
rewrites	2.672	Verb
riveting	2.672	Adjective
rudely	2.672	Adverb
salinas	2.672	Name
sayer	2.672	Name
schmo	2.672	Noun
scolex	2.672	Name
scouring	2.672	Verb
scouted	2.672	Verb
scuff	2.672	Noun
seance	2.672	Noun
seawater	2.672	Noun
sedition	2.672	Noun
seething	2.672	Verb
semple	2.672	Name
sentient	2.672	Adjective
sep	2.672	Name
sexton	2.672	Name
shad	2.672	Name
shanty	2.672	Noun
sidearm	2.672	Noun
sill	2.672	Noun
sizing	2.672	Verb
skidded	2.672	Verb
slasher	2.672	Noun
slayers	2.672	Noun
sliver	2.672	Noun
slowest	2.672	Adjective
smackers	2.672	Noun
soared	2.672	Verb
soars	2.672	Verb
sodding	2.672	Adjective
softener	2.672	Noun
sou	2.672	Noun
sous	2.672	Unclassified
spheres	2.672	Noun
splashes	2.672	Verb
spores	2.672	Noun
spuds	2.672	Noun
squabble	2.672	Noun
stabs	2.672	Verb
stately	2.672	Adjective
stirrups	2.672	Noun
stumbles	2.672	Verb
suey	2.672	Noun
sundial	2.672	Noun
swanny	2.672	Name
swellest	2.672	Adjective
tabasco	2.672	Name
tailgate	2.672	Noun
tamer	2.672	Noun
tarry	2.672	Verb
teatime	2.672	Noun
teething	2.672	Noun
terminus	2.672	Noun
thataway	2.672	Noun
thistle	2.672	Noun
tiers	2.672	Noun
tinted	2.672	Verb
trawler	2.672	Noun
trod	2.672	Verb
trojans	2.672	Noun
truffle	2.672	Noun
tugboat	2.672	Noun
twosome	2.672	Noun
unfolds	2.672	Verb
unsound	2.672	Adjective
vaccines	2.672	Noun
veg	2.672	Noun
vomits	2.672	Verb
waddle	2.672	Verb
walled	2.672	Verb
waning	2.672	Adjective
warlords	2.672	Noun
wigged	2.672	Verb
willet	2.672	Name
woodsman	2.672	Noun
wormwood	2.672	Noun
yelping	2.672	Verb
yukon	2.672	Name
yuppies	2.672	Noun
zanzibar	2.672	Name
zigzag	2.672	Noun
zits	2.672	Noun
acclaim	2.654	Noun
acreage	2.654	Noun
admin	2.654	Noun
advisees	2.654	Noun
agitate	2.654	Verb
algae	2.654	Noun
amaretto	2.654	Noun
andes	2.654	Name
androids	2.654	Noun
angling	2.654	Verb
angola	2.654	Name
antennas	2.654	Noun
ascended	2.654	Verb
assisi	2.654	Name
astound	2.654	Verb
attest	2.654	Verb
azazel	2.654	Name
bache	2.654	Noun
bade	2.654	Verb
ballads	2.654	Noun
banked	2.654	Verb
batten	2.654	Verb
bauble	2.654	Noun
beaker	2.654	Noun
befriend	2.654	Verb
belated	2.654	Adjective
benes	2.654	Name
benzene	2.654	Noun
blam	2.654	Verb
blowjobs	2.654	Noun
bobbins	2.654	Name
bolivar	2.654	Name
bovine	2.654	Adjective
breadth	2.654	Noun
brewed	2.654	Verb
bumbling	2.654	Verb
bungo	2.654	Noun
burdon	2.654	Name
bursitis	2.654	Noun
butted	2.654	Verb
bylaws	2.654	Noun
calgary	2.654	Name
calluses	2.654	Noun
canes	2.654	Noun
cappella	2.654	Noun
cassius	2.654	Name
chargers	2.654	Noun
chariots	2.654	Noun
chats	2.654	Noun
chilean	2.654	Adjective
clack	2.654	Verb
cleanser	2.654	Noun
cleat	2.654	Noun
clement	2.654	Name
clenched	2.654	Verb
cloths	2.654	Noun
coercion	2.654	Noun
collin	2.654	Noun
comte	2.654	Name
concise	2.654	Adjective
consist	2.654	Verb
couches	2.654	Noun
cpl	2.654	Name
crackles	2.654	Noun
cranny	2.654	Noun
crimp	2.654	Noun
cripes	2.654	Interjection
crone	2.654	Noun
cuckold	2.654	Noun
curd	2.654	Noun
cyst	2.654	Noun
damning	2.654	Verb
deco	2.654	Noun
decoder	2.654	Noun
decoys	2.654	Noun
delude	2.654	Verb
demerits	2.654	Noun
departs	2.654	Verb
deviated	2.654	Verb
diggers	2.654	Noun
diluted	2.654	Verb
dismayed	2.654	Adjective
diss	2.654	Verb
dived	2.654	Verb
divvy	2.654	Noun
dodgy	2.654	Adjective
doughy	2.654	Name
downtime	2.654	Noun
draco	2.654	Name
drafting	2.654	Verb
dramas	2.654	Noun
drier	2.654	Adjective
drizzle	2.654	Noun
dunked	2.654	Verb
earful	2.654	Noun
embalmed	2.654	Verb
emu	2.654	Noun
entails	2.654	Verb
entitle	2.654	Verb
epitome	2.654	Noun
eton	2.654	Name
eventual	2.654	Adjective
eyeful	2.654	Noun
fatigues	2.654	Noun
fattest	2.654	Adjective
faze	2.654	Verb
feasting	2.654	Verb
fir	2.654	Noun
fissure	2.654	Noun
flooring	2.654	Noun
foray	2.654	Noun
forbade	2.654	Verb
fords	2.654	Name
formulas	2.654	Noun
fronted	2.654	Verb
fullback	2.654	Noun
gassy	2.654	Adjective
girth	2.654	Noun
glaring	2.654	Adjective
glisten	2.654	Verb
gnat	2.654	Noun
greets	2.654	Verb
guff	2.654	Noun
gulag	2.654	Noun
haggling	2.654	Verb
hails	2.654	Verb
hairpins	2.654	Noun
headsets	2.654	Noun
hellcats	2.654	Noun
hotshots	2.654	Noun
huffing	2.654	Verb
humdrum	2.654	Adjective
humps	2.654	Noun
ideally	2.654	Adverb
inane	2.654	Adjective
infamy	2.654	Noun
infidels	2.654	Noun
iran	2.654	Name
ireland	2.654	Name
isnt	2.654	Verb
jasmin	2.654	Noun
jemima	2.654	Name
joes	2.654	Name
joked	2.654	Verb
kenner	2.654	Name
kike	2.654	Noun
kinship	2.654	Noun
kooks	2.654	Noun
krispies	2.654	Noun
lacquer	2.654	Noun
lamest	2.654	Adjective
lancer	2.654	Noun
lanky	2.654	Adjective
lapels	2.654	Noun
lapsed	2.654	Verb
larboard	2.654	Noun
latimer	2.654	Name
lawless	2.654	Adjective
leipzig	2.654	Name
leniency	2.654	Noun
leveling	2.654	Verb
linguini	2.654	Noun
livid	2.654	Adjective
lobbyist	2.654	Noun
looped	2.654	Verb
lop	2.654	Verb
lopsided	2.654	Verb
lum	2.654	Noun
lunkhead	2.654	Noun
luring	2.654	Verb
maim	2.654	Verb
mainsail	2.654	Noun
malady	2.654	Noun
malo	2.654	Name
mangoes	2.654	Noun
manors	2.654	Name
mariner	2.654	Noun
masa	2.654	Name
medicate	2.654	Verb
melodies	2.654	Noun
menthol	2.654	Noun
merged	2.654	Verb
meteors	2.654	Noun
mics	2.654	Noun
mildew	2.654	Noun
mire	2.654	Noun
missis	2.654	Noun
moos	2.654	Noun
muddle	2.654	Verb
mulch	2.654	Noun
mutter	2.654	Verb
napier	2.654	Name
naturel	2.654	Adverb
newlywed	2.654	Noun
nobly	2.654	Adverb
notably	2.654	Adverb
nourish	2.654	Verb
obeys	2.654	Verb
offline	2.654	Adverb
offstage	2.654	Adverb
omicron	2.654	Noun
oncoming	2.654	Adjective
opiates	2.654	Noun
osi	2.654	Noun
outcomes	2.654	Noun
overview	2.654	Noun
oxen	2.654	Noun
packer	2.654	Noun
paperboy	2.654	Noun
paraffin	2.654	Noun
parkers	2.654	Name
paving	2.654	Verb
peeped	2.654	Verb
pelts	2.654	Noun
peptide	2.654	Noun
pieced	2.654	Verb
pinnacle	2.654	Noun
plating	2.654	Noun
playa	2.654	Noun
plebes	2.654	Noun
potluck	2.654	Noun
potters	2.654	Name
premiums	2.654	Noun
primping	2.654	Verb
proton	2.654	Noun
proximal	2.654	Adjective
pulley	2.654	Noun
pursuant	2.654	Preposition
quips	2.654	Noun
ramrod	2.654	Noun
ramson	2.654	Name
recoil	2.654	Noun
reduces	2.654	Verb
refine	2.654	Verb
reigns	2.654	Verb
riverbed	2.654	Noun
roadkill	2.654	Noun
roams	2.654	Verb
rockers	2.654	Noun
roughest	2.654	Adjective
royals	2.654	Noun
rustical	2.654	Adjective
safes	2.654	Noun
sai	2.654	Name
salons	2.654	Noun
salvaged	2.654	Verb
sardinia	2.654	Name
sari	2.654	Noun
satanism	2.654	Noun
scuffle	2.654	Noun
seesaw	2.654	Noun
sheng	2.654	Name
signaled	2.654	Verb
silliest	2.654	Adjective
slings	2.654	Noun
slobber	2.654	Noun
slurp	2.654	Noun
sobered	2.654	Verb
solarium	2.654	Noun
souffle	2.654	Noun
soulful	2.654	Adjective
stalwart	2.654	Adjective
stewed	2.654	Verb
stipend	2.654	Noun
strolled	2.654	Verb
subtly	2.654	Adverb
suffolk	2.654	Name
sumatra	2.654	Name
sunroof	2.654	Noun
sunways	2.654	Name
swarms	2.654	Noun
tallyho	2.654	Interjection
tantric	2.654	Adjective
tarmac	2.654	Noun
taro	2.654	Noun
tau	2.654	Noun
tearful	2.654	Adjective
thrashed	2.654	Verb
thrift	2.654	Noun
tingles	2.654	Noun
tiu	2.654	Name
toffee	2.654	Noun
tomahawk	2.654	Noun
totalled	2.654	Verb
toyed	2.654	Verb
trainees	2.654	Noun
tremors	2.654	Noun
triples	2.654	Noun
trisha	2.654	Name
trotter	2.654	Name
truest	2.654	Adjective
tuppence	2.654	Noun
turrets	2.654	Noun
tweeter	2.654	Name
unturned	2.654	Adjective
urchin	2.654	Noun
vaginas	2.654	Noun
velour	2.654	Noun
viceroy	2.654	Noun
vitally	2.654	Adverb
waltzes	2.654	Verb
waver	2.654	Verb
weekday	2.654	Noun
wenches	2.654	Noun
wheaties	2.654	Name
whizzing	2.654	Verb
willey	2.654	Name
winking	2.654	Verb
winos	2.654	Noun
wipers	2.654	Noun
woodshed	2.654	Noun
wuzzy	2.654	Name
yielding	2.654	Verb
yoke	2.654	Noun
yosemite	2.654	Name
yucky	2.654	Adjective
zenith	2.654	Noun
zipping	2.654	Verb
aardvark	2.634	Noun
ablaze	2.634	Adjective
abysmal	2.634	Adjective
aclu	2.634	Noun
agendas	2.634	Noun
agin	2.634	Noun
agrestic	2.634	Noun
algerian	2.634	Adjective
alhambra	2.634	Name
alight	2.634	Verb
alky	2.634	Adjective
alluring	2.634	Adjective
ands	2.634	Noun
angora	2.634	Noun
anklet	2.634	Noun
arcane	2.634	Adjective
arenas	2.634	Noun
argus	2.634	Name
armchair	2.634	Noun
asphyxia	2.634	Noun
atrophy	2.634	Noun
auctions	2.634	Noun
baggie	2.634	Noun
bandanna	2.634	Noun
baritone	2.634	Noun
barnard	2.634	Name
barns	2.634	Noun
batts	2.634	Noun
beached	2.634	Verb
bearskin	2.634	Noun
bebop	2.634	Noun
bello	2.634	Noun
benched	2.634	Verb
betters	2.634	Noun
blanca	2.634	Name
bleeping	2.634	Verb
bonne	2.634	Noun
bookings	2.634	Noun
bookmark	2.634	Noun
braceros	2.634	Noun
brander	2.634	Name
brash	2.634	Adjective
brigades	2.634	Noun
brokered	2.634	Verb
brrr	2.634	Unclassified
brunhild	2.634	Name
brutish	2.634	Adjective
bubonic	2.634	Adjective
buggies	2.634	Noun
bungled	2.634	Verb
burps	2.634	Verb
caca	2.634	Noun
cakewalk	2.634	Noun
cancers	2.634	Noun
canker	2.634	Noun
capulet	2.634	Noun
cased	2.634	Verb
cashews	2.634	Noun
catnip	2.634	Noun
cavemen	2.634	Noun
cawing	2.634	Verb
cellist	2.634	Noun
cervix	2.634	Noun
chiffre	2.634	Name
cholo	2.634	Noun
cleats	2.634	Noun
clicker	2.634	Noun
clod	2.634	Noun
clogs	2.634	Noun
codfish	2.634	Noun
coerce	2.634	Verb
coloreds	2.634	Noun
competed	2.634	Verb
computed	2.634	Verb
conjured	2.634	Verb
conk	2.634	Verb
consular	2.634	Adjective
consults	2.634	Verb
contessa	2.634	Noun
copter	2.634	Noun
cordoned	2.634	Verb
cowhand	2.634	Noun
crayon	2.634	Noun
credence	2.634	Noun
creeped	2.634	Verb
crevice	2.634	Noun
cuddy	2.634	Noun
culpa	2.634	Noun
culprits	2.634	Noun
dams	2.634	Noun
decently	2.634	Adverb
defected	2.634	Verb
defrost	2.634	Verb
dei	2.634	Name
depicted	2.634	Verb
depose	2.634	Verb
deric	2.634	Name
desi	2.634	Noun
diced	2.634	Verb
diddling	2.634	Verb
dike	2.634	Noun
dinero	2.634	Noun
dippy	2.634	Adjective
dipsy	2.634	Adjective
disown	2.634	Verb
displace	2.634	Verb
doberman	2.634	Noun
doer	2.634	Noun
downy	2.634	Adjective
dullard	2.634	Noun
dusky	2.634	Adjective
earthy	2.634	Adjective
edifice	2.634	Noun
elisha	2.634	Name
elude	2.634	Verb
enabling	2.634	Verb
engages	2.634	Verb
enriched	2.634	Verb
entreat	2.634	Verb
eras	2.634	Noun
euphoric	2.634	Adjective
farmed	2.634	Adjective
favoring	2.634	Verb
feeders	2.634	Noun
flatbed	2.634	Adjective
flue	2.634	Noun
fluently	2.634	Adverb
flutes	2.634	Noun
foregone	2.634	Adjective
forlorn	2.634	Adjective
foundry	2.634	Noun
foxholes	2.634	Noun
frowned	2.634	Verb
gaelic	2.634	Adjective
galilee	2.634	Name
gaudy	2.634	Adjective
gelding	2.634	Noun
glancing	2.634	Verb
gnawing	2.634	Verb
godlike	2.634	Adjective
goebbels	2.634	Name
grandest	2.634	Adjective
graphite	2.634	Noun
greaser	2.634	Noun
gribble	2.634	Name
grime	2.634	Noun
grooves	2.634	Noun
gunplay	2.634	Noun
handel	2.634	Name
hankie	2.634	Noun
harts	2.634	Name
haughty	2.634	Adjective
headband	2.634	Noun
hecate	2.634	Noun
heckling	2.634	Verb
helipad	2.634	Noun
heliport	2.634	Noun
heparin	2.634	Noun
herein	2.634	Adverb
hesitant	2.634	Adjective
hikers	2.634	Noun
hoisted	2.634	Verb
hollers	2.634	Verb
honkies	2.634	Noun
huerta	2.634	Name
hugger	2.634	Noun
humpback	2.634	Noun
husk	2.634	Noun
hyacinth	2.634	Noun
impeach	2.634	Verb
incite	2.634	Verb
indirect	2.634	Adjective
invoking	2.634	Verb
ipecac	2.634	Noun
ischemic	2.634	Adjective
jawbone	2.634	Noun
jerseys	2.634	Noun
jesters	2.634	Noun
jesuits	2.634	Noun
jewelers	2.634	Noun
jittery	2.634	Adjective
junta	2.634	Name
knotted	2.634	Verb
lapdog	2.634	Noun
lapping	2.634	Verb
leighton	2.634	Name
lep	2.634	Noun
lev	2.634	Name
levitate	2.634	Verb
lidia	2.634	Noun
lire	2.634	Noun
lisp	2.634	Noun
longboat	2.634	Noun
loom	2.634	Noun
lounging	2.634	Verb
lurk	2.634	Verb
mails	2.634	Noun
mares	2.634	Noun
marxist	2.634	Adjective
mauser	2.634	Name
meanie	2.634	Noun
meanies	2.634	Noun
medial	2.634	Adjective
melba	2.634	Noun
meows	2.634	Verb
meta	2.634	Name
migrate	2.634	Verb
misfire	2.634	Noun
mislaid	2.634	Verb
mitigate	2.634	Verb
montero	2.634	Name
mops	2.634	Noun
mordecai	2.634	Name
moulin	2.634	Unclassified
munster	2.634	Name
nave	2.634	Noun
noll	2.634	Name
nuance	2.634	Noun
obesity	2.634	Noun
ocular	2.634	Adjective
oedipal	2.634	Adjective
oft	2.634	Adverb
oneness	2.634	Noun
opted	2.634	Verb
orally	2.634	Adverb
orbs	2.634	Noun
orth	2.634	Name
ottawa	2.634	Name
outage	2.634	Noun
outbid	2.634	Verb
outgrow	2.634	Verb
overlord	2.634	Noun
overseer	2.634	Noun
pallet	2.634	Noun
palpable	2.634	Adjective
pantheon	2.634	Noun
parley	2.634	Noun
pasted	2.634	Verb
payout	2.634	Noun
penney	2.634	Name
periodic	2.634	Adjective
pertains	2.634	Verb
petri	2.634	Noun
phoebus	2.634	Name
pinata	2.634	Noun
pisces	2.634	Name
pizzeria	2.634	Noun
plucking	2.634	Verb
plummet	2.634	Verb
ponds	2.634	Noun
pothead	2.634	Noun
potomac	2.634	Name
prefix	2.634	Noun
pretence	2.634	Noun
prides	2.634	Verb
prunella	2.634	Name
purring	2.634	Verb
purslane	2.634	Noun
quandary	2.634	Noun
raffles	2.634	Noun
ramming	2.634	Verb
ramps	2.634	Noun
ravel	2.634	Name
reared	2.634	Verb
rehash	2.634	Verb
rescues	2.634	Verb
retrial	2.634	Noun
rhetoric	2.634	Noun
rickety	2.634	Adjective
roust	2.634	Verb
runneth	2.634	Verb
sawmill	2.634	Noun
scag	2.634	Noun
scallops	2.634	Noun
scoff	2.634	Verb
scorer	2.634	Noun
scullery	2.634	Noun
sediment	2.634	Noun
seekers	2.634	Noun
shavings	2.634	Noun
shear	2.634	Verb
sheds	2.634	Noun
sig	2.634	Verb
silken	2.634	Adjective
sips	2.634	Noun
sirius	2.634	Name
skewer	2.634	Noun
skivvies	2.634	Noun
smidgen	2.634	Noun
snoops	2.634	Noun
softy	2.634	Noun
solos	2.634	Noun
soony	2.634	Noun
sorrel	2.634	Noun
spares	2.634	Verb
spiel	2.634	Noun
spindle	2.634	Noun
spires	2.634	Noun
spittoon	2.634	Noun
sprints	2.634	Noun
steeple	2.634	Noun
stigmata	2.634	Noun
stoic	2.634	Adjective
stringy	2.634	Adjective
sublevel	2.634	Noun
summed	2.634	Verb
surfed	2.634	Verb
swabbed	2.634	Verb
swahili	2.634	Noun
swiping	2.634	Verb
taber	2.634	Name
tach	2.634	Noun
teaming	2.634	Verb
template	2.634	Noun
tempus	2.634	Noun
torrent	2.634	Noun
toting	2.634	Verb
tramell	2.634	Name
trapdoor	2.634	Noun
trembled	2.634	Verb
trib	2.634	Name
tubman	2.634	Name
tugging	2.634	Verb
turbines	2.634	Noun
unison	2.634	Noun
untidy	2.634	Adjective
uploaded	2.634	Verb
upstart	2.634	Noun
urd	2.634	Noun
varmints	2.634	Noun
varnish	2.634	Noun
veracity	2.634	Noun
vigor	2.634	Noun
voyeur	2.634	Noun
walla	2.634	Name
warners	2.634	Name
wellness	2.634	Noun
whittle	2.634	Verb
whoring	2.634	Verb
wienie	2.634	Noun
wile	2.634	Noun
wisp	2.634	Noun
wriggle	2.634	Verb
wringer	2.634	Noun
writhing	2.634	Verb
xenia	2.634	Name
yielded	2.634	Verb
yolk	2.634	Noun
zeta	2.634	Noun
zig	2.634	Verb
abductee	2.614	Noun
abject	2.614	Adjective
acquaint	2.614	Verb
adjuster	2.614	Noun
adonis	2.614	Noun
agile	2.614	Adjective
airbag	2.614	Noun
alters	2.614	Verb
amassed	2.614	Verb
anaheim	2.614	Name
angrily	2.614	Adverb
anon	2.614	Adverb
aptly	2.614	Adverb
argues	2.614	Verb
arsehole	2.614	Noun
avast	2.614	Verb
badder	2.614	Adjective
ballsy	2.614	Adjective
banshees	2.614	Noun
barfing	2.614	Verb
bedpans	2.614	Noun
begets	2.614	Verb
belches	2.614	Verb
bisque	2.614	Noun
blacken	2.614	Verb
blare	2.614	Verb
bobcat	2.614	Noun
bock	2.614	Name
botany	2.614	Noun
bray	2.614	Name
broncos	2.614	Noun
burmese	2.614	Adjective
buzzy	2.614	Name
byline	2.614	Noun
carbide	2.614	Noun
catched	2.614	Verb
ceil	2.614	Name
censors	2.614	Noun
chee	2.614	Unclassified
chol	2.614	Name
cinders	2.614	Noun
civics	2.614	Noun
clapper	2.614	Noun
clauses	2.614	Noun
clench	2.614	Verb
cobras	2.614	Noun
commons	2.614	Name
conch	2.614	Noun
conducts	2.614	Verb
contours	2.614	Noun
cordless	2.614	Adjective
cornball	2.614	Noun
corrie	2.614	Name
cort	2.614	Name
crapping	2.614	Verb
craters	2.614	Noun
cutdown	2.614	Noun
cutlets	2.614	Noun
cycling	2.614	Verb
darken	2.614	Verb
dawdling	2.614	Verb
deduced	2.614	Verb
deft	2.614	Adjective
deluge	2.614	Noun
demi	2.614	Name
demure	2.614	Adjective
deter	2.614	Verb
devoting	2.614	Verb
diagrams	2.614	Noun
diorama	2.614	Noun
distort	2.614	Verb
doggoned	2.614	Verb
doling	2.614	Verb
dort	2.614	Name
doze	2.614	Verb
dozing	2.614	Verb
drifters	2.614	Noun
dropper	2.614	Noun
duc	2.614	Noun
duce	2.614	Name
dumpty	2.614	Noun
dunking	2.614	Verb
duster	2.614	Noun
dux	2.614	Name
eclectic	2.614	Adjective
emit	2.614	Verb
energize	2.614	Verb
enoch	2.614	Name
entwined	2.614	Verb
ephesian	2.614	Noun
equate	2.614	Verb
erupt	2.614	Verb
eruption	2.614	Noun
estrada	2.614	Name
eunuchs	2.614	Noun
expo	2.614	Noun
expunged	2.614	Verb
fable	2.614	Noun
fajitas	2.614	Noun
fallacy	2.614	Noun
fanning	2.614	Verb
farmland	2.614	Noun
feelers	2.614	Noun
fibrosis	2.614	Noun
finality	2.614	Noun
fireside	2.614	Noun
fishman	2.614	Name
fittings	2.614	Noun
fixable	2.614	Adjective
flanking	2.614	Verb
flecks	2.614	Noun
flees	2.614	Verb
flocking	2.614	Verb
floored	2.614	Verb
fogged	2.614	Verb
fonder	2.614	Adjective
foresaw	2.614	Verb
forts	2.614	Noun
fueling	2.614	Verb
ganging	2.614	Verb
gauche	2.614	Adjective
gila	2.614	Name
ginseng	2.614	Noun
girder	2.614	Noun
glade	2.614	Noun
gnomes	2.614	Noun
goldy	2.614	Noun
gomer	2.614	Name
goss	2.614	Name
gov	2.614	Noun
grandad	2.614	Noun
grander	2.614	Adjective
grasped	2.614	Verb
grooms	2.614	Noun
groped	2.614	Verb
grouping	2.614	Noun
guano	2.614	Noun
guesser	2.614	Noun
gung	2.614	Adverb
gusher	2.614	Noun
hamsters	2.614	Noun
handguns	2.614	Noun
handheld	2.614	Adjective
hapless	2.614	Adjective
headlock	2.614	Noun
headlong	2.614	Adverb
heady	2.614	Adjective
helix	2.614	Noun
henhouse	2.614	Noun
henny	2.614	Name
herm	2.614	Verb
hetero	2.614	Noun
hiatus	2.614	Noun
hindus	2.614	Noun
holiest	2.614	Adjective
holistic	2.614	Adjective
hombres	2.614	Noun
hotdog	2.614	Noun
huffy	2.614	Adjective
huntress	2.614	Noun
idling	2.614	Verb
imprison	2.614	Verb
inhalers	2.614	Noun
innards	2.614	Noun
ion	2.614	Noun
jeering	2.614	Noun
joss	2.614	Name
juicer	2.614	Noun
kissy	2.614	Noun
klaxon	2.614	Noun
knick	2.614	Noun
ladybug	2.614	Noun
lasagne	2.614	Noun
lea	2.614	Name
leng	2.614	Name
leonid	2.614	Name
leotard	2.614	Noun
libyan	2.614	Adjective
lingers	2.614	Verb
liniment	2.614	Noun
linwood	2.614	Name
loafer	2.614	Noun
loathed	2.614	Verb
lodges	2.614	Noun
loofah	2.614	Noun
looms	2.614	Verb
loosens	2.614	Verb
looted	2.614	Verb
looters	2.614	Noun
lunchbox	2.614	Noun
lustful	2.614	Adjective
mandingo	2.614	Noun
marzipan	2.614	Noun
massaged	2.614	Verb
masseur	2.614	Noun
median	2.614	Noun
mermaids	2.614	Noun
mightier	2.614	Adjective
mobbed	2.614	Verb
moco	2.614	Name
modicum	2.614	Noun
modus	2.614	Noun
moll	2.614	Name
moneys	2.614	Noun
mopes	2.614	Name
mounds	2.614	Noun
muchacha	2.614	Noun
mucous	2.614	Noun
muskets	2.614	Noun
muted	2.614	Adjective
mynah	2.614	Noun
nestle	2.614	Name
nether	2.614	Adjective
newsman	2.614	Noun
newtons	2.614	Name
nipping	2.614	Verb
nohow	2.614	Noun
normalcy	2.614	Noun
nothings	2.614	Noun
omission	2.614	Noun
onwards	2.614	Adverb
openness	2.614	Noun
opiate	2.614	Noun
opposes	2.614	Verb
opt	2.614	Verb
oracles	2.614	Noun
orc	2.614	Noun
ores	2.614	Noun
organist	2.614	Noun
orphaned	2.614	Adjective
ouija	2.614	Noun
pacifier	2.614	Noun
pacify	2.614	Verb
paisan	2.614	Noun
pariah	2.614	Noun
pats	2.614	Verb
pave	2.614	Verb
pavlov	2.614	Name
perfecto	2.614	Noun
piggie	2.614	Name
pigskin	2.614	Noun
pithy	2.614	Adjective
pixies	2.614	Noun
pleas	2.614	Noun
plucky	2.614	Adjective
pokes	2.614	Verb
polling	2.614	Noun
pomp	2.614	Noun
poopsie	2.614	Noun
popper	2.614	Noun
powders	2.614	Noun
pre	2.614	Preposition
priam	2.614	Name
prig	2.614	Noun
primrose	2.614	Noun
prologue	2.614	Noun
pungent	2.614	Adjective
quirk	2.614	Noun
raj	2.614	Name
rajah	2.614	Name
rallied	2.614	Verb
ranging	2.614	Verb
raring	2.614	Verb
rarity	2.614	Noun
reaping	2.614	Verb
redding	2.614	Name
remedial	2.614	Adjective
renown	2.614	Noun
repartee	2.614	Noun
rhodesia	2.614	Name
rickets	2.614	Noun
rivets	2.614	Noun
roadie	2.614	Noun
roomy	2.614	Adjective
rpm	2.614	Noun
runes	2.614	Noun
salina	2.614	Name
sambo	2.614	Noun
sanskrit	2.614	Name
savour	2.614	Verb
sawbuck	2.614	Noun
scalding	2.614	Verb
scampi	2.614	Noun
sceptre	2.614	Noun
schist	2.614	Noun
scrying	2.614	Verb
seconded	2.614	Verb
seducer	2.614	Noun
segments	2.614	Noun
seneca	2.614	Name
sepsis	2.614	Noun
shallows	2.614	Noun
shirra	2.614	Name
showboat	2.614	Noun
showoff	2.614	Verb
shrivel	2.614	Verb
shrug	2.614	Verb
sickbay	2.614	Noun
sickos	2.614	Noun
skimmed	2.614	Verb
slats	2.614	Noun
slavin	2.614	Name
sledding	2.614	Verb
sleepers	2.614	Noun
slider	2.614	Noun
snowfall	2.614	Noun
snowplow	2.614	Noun
snub	2.614	Noun
solids	2.614	Noun
spalding	2.614	Name
speckled	2.614	Adjective
spiritus	2.614	Name
splice	2.614	Verb
spooning	2.614	Verb
sprays	2.614	Verb
squall	2.614	Noun
squaws	2.614	Noun
steppers	2.614	Noun
steroid	2.614	Adjective
stifled	2.614	Verb
stiller	2.614	Name
stilts	2.614	Noun
stopover	2.614	Noun
stormer	2.614	Name
stylings	2.614	Noun
submerge	2.614	Verb
subside	2.614	Verb
sui	2.614	Noun
sulfate	2.614	Noun
swarthy	2.614	Adjective
swum	2.614	Verb
taming	2.614	Verb
teak	2.614	Noun
telfer	2.614	Name
tethered	2.614	Verb
thar	2.614	Verb
thorax	2.614	Noun
tidying	2.614	Verb
tiller	2.614	Noun
timmer	2.614	Name
toller	2.614	Name
topnotch	2.614	Noun
touche	2.614	Name
trouser	2.614	Noun
tryst	2.614	Noun
tutorial	2.614	Noun
twitty	2.614	Name
unbroken	2.614	Adjective
uni	2.614	Noun
unsigned	2.614	Adjective
upheaval	2.614	Noun
upshot	2.614	Noun
urinary	2.614	Adjective
vac	2.614	Noun
valets	2.614	Noun
vise	2.614	Noun
vita	2.614	Noun
waggle	2.614	Verb
waken	2.614	Verb
watchful	2.614	Adjective
waxy	2.614	Adjective
weakens	2.614	Verb
weakly	2.614	Adverb
weighted	2.614	Verb
welk	2.614	Name
whaler	2.614	Noun
wiggles	2.614	Verb
windfall	2.614	Noun
wizardry	2.614	Noun
worsen	2.614	Verb
yearned	2.614	Verb
yuk	2.614	Interjection
zeroed	2.614	Verb
acorns	2.593	Noun
acrobats	2.593	Noun
aegean	2.593	Name
afore	2.593	Conjunction
agee	2.593	Name
agnostic	2.593	Noun
alberta	2.593	Name
aldrin	2.593	Name
alls	2.593	Verb
amended	2.593	Verb
amplify	2.593	Verb
ampule	2.593	Noun
angers	2.593	Verb
angler	2.593	Noun
antigen	2.593	Noun
aperitif	2.593	Noun
arguably	2.593	Adverb
arousal	2.593	Noun
atheists	2.593	Noun
attuned	2.593	Verb
atypical	2.593	Adjective
augment	2.593	Verb
automat	2.593	Noun
baffles	2.593	Verb
baht	2.593	Name
baller	2.593	Noun
barish	2.593	Name
bec	2.593	Noun
beckons	2.593	Verb
behest	2.593	Noun
behinds	2.593	Noun
betrayer	2.593	Noun
bicycles	2.593	Noun
blouses	2.593	Noun
blowhard	2.593	Noun
boarders	2.593	Noun
boff	2.593	Verb
boggle	2.593	Verb
boing	2.593	Verb
boof	2.593	Name
bots	2.593	Noun
bouncers	2.593	Noun
boyer	2.593	Name
boyo	2.593	Noun
breeches	2.593	Noun
bulimia	2.593	Noun
bumpkin	2.593	Noun
bypassed	2.593	Verb
cabled	2.593	Verb
canaan	2.593	Noun
canons	2.593	Noun
caryl	2.593	Name
caseload	2.593	Noun
catty	2.593	Adjective
caw	2.593	Interjection
cellars	2.593	Noun
celsius	2.593	Name
chapped	2.593	Verb
chatted	2.593	Verb
checkups	2.593	Noun
chemists	2.593	Noun
chiseled	2.593	Verb
choctaw	2.593	Verb
choirs	2.593	Noun
choosers	2.593	Noun
climbers	2.593	Noun
clogging	2.593	Verb
coated	2.593	Verb
cogs	2.593	Noun
comely	2.593	Adjective
comer	2.593	Noun
coopers	2.593	Name
cossack	2.593	Noun
crag	2.593	Noun
cremate	2.593	Verb
crips	2.593	Noun
culvert	2.593	Noun
cuticle	2.593	Noun
dabs	2.593	Noun
dagon	2.593	Noun
dallis	2.593	Name
daric	2.593	Name
dateless	2.593	Adjective
deary	2.593	Noun
defiled	2.593	Verb
defraud	2.593	Verb
dialled	2.593	Verb
differs	2.593	Verb
dilute	2.593	Verb
dimple	2.593	Noun
dividend	2.593	Noun
doctoral	2.593	Adjective
doli	2.593	Noun
dozer	2.593	Noun
draped	2.593	Verb
drummers	2.593	Noun
earshot	2.593	Noun
ebbets	2.593	Name
ecuador	2.593	Name
eggheads	2.593	Noun
elysian	2.593	Adjective
enchant	2.593	Verb
ennui	2.593	Noun
equinox	2.593	Noun
equips	2.593	Verb
eroding	2.593	Adjective
escalade	2.593	Name
esoteric	2.593	Adjective
ethereal	2.593	Adjective
ethyl	2.593	Noun
excelled	2.593	Verb
excusing	2.593	Verb
exorcise	2.593	Verb
fam	2.593	Noun
fatally	2.593	Adverb
favela	2.593	Noun
faxing	2.593	Verb
fennig	2.593	Name
feuding	2.593	Verb
flicking	2.593	Verb
flopped	2.593	Verb
flopping	2.593	Verb
fodder	2.593	Noun
foiled	2.593	Verb
footsie	2.593	Noun
freya	2.593	Name
frills	2.593	Noun
fuji	2.593	Name
funnies	2.593	Noun
furnaces	2.593	Noun
gaily	2.593	Adverb
gambit	2.593	Noun
gayest	2.593	Adjective
gecko	2.593	Noun
gimpy	2.593	Adjective
giulio	2.593	Name
giveth	2.593	Verb
glitters	2.593	Noun
glorify	2.593	Verb
gnaw	2.593	Verb
goblet	2.593	Noun
goodly	2.593	Adjective
grandmas	2.593	Noun
greenly	2.593	Name
grimoire	2.593	Noun
gripped	2.593	Verb
grout	2.593	Noun
gunners	2.593	Noun
hardens	2.593	Verb
hawker	2.593	Name
hazen	2.593	Name
hiked	2.593	Verb
hocus	2.593	Noun
homeys	2.593	Noun
horsy	2.593	Noun
hummus	2.593	Noun
humped	2.593	Verb
humph	2.593	Noun
hyperion	2.593	Noun
hypoxic	2.593	Adjective
icebergs	2.593	Noun
icicles	2.593	Noun
idolized	2.593	Verb
imprints	2.593	Noun
incline	2.593	Noun
inherits	2.593	Verb
isolde	2.593	Noun
italians	2.593	Noun
jaunt	2.593	Noun
jerkin	2.593	Noun
keenly	2.593	Adverb
kendo	2.593	Noun
kerchief	2.593	Noun
khakis	2.593	Noun
kiln	2.593	Noun
kippers	2.593	Noun
knave	2.593	Noun
knelt	2.593	Verb
kronos	2.593	Name
latched	2.593	Verb
leadin	2.593	Noun
ledgers	2.593	Noun
levers	2.593	Noun
levity	2.593	Noun
libra	2.593	Name
liquored	2.593	Verb
loaning	2.593	Verb
lodgings	2.593	Noun
lotions	2.593	Noun
loused	2.593	Verb
lute	2.593	Noun
macabre	2.593	Adjective
madwoman	2.593	Noun
mallard	2.593	Noun
marinate	2.593	Verb
marita	2.593	Name
matchbox	2.593	Noun
mated	2.593	Verb
melanoma	2.593	Noun
mendel	2.593	Name
meng	2.593	Name
merc	2.593	Noun
milkmaid	2.593	Noun
mites	2.593	Noun
mizzen	2.593	Adjective
molds	2.593	Noun
molting	2.593	Verb
monteith	2.593	Name
moonshee	2.593	Name
mopped	2.593	Verb
mora	2.593	Name
muntz	2.593	Name
mustered	2.593	Verb
mythic	2.593	Adjective
nags	2.593	Noun
neater	2.593	Adjective
newbie	2.593	Noun
nitrates	2.593	Noun
normans	2.593	Name
nozzle	2.593	Noun
nutrient	2.593	Noun
oaths	2.593	Noun
occupies	2.593	Verb
ogle	2.593	Verb
operandi	2.593	Noun
oslo	2.593	Name
outdid	2.593	Verb
outlast	2.593	Verb
overturn	2.593	Verb
oyez	2.593	Verb
paddies	2.593	Noun
panics	2.593	Verb
peng	2.593	Name
pensive	2.593	Adjective
phu	2.593	Name
pied	2.593	Adjective
pino	2.593	Noun
placate	2.593	Verb
platters	2.593	Noun
pledging	2.593	Verb
plethora	2.593	Noun
plows	2.593	Noun
poly	2.593	Noun
polygamy	2.593	Noun
portside	2.593	Noun
postmark	2.593	Noun
prat	2.593	Noun
prattle	2.593	Noun
pres	2.593	Noun
prim	2.593	Adjective
prowlers	2.593	Noun
quacks	2.593	Noun
quieted	2.593	Verb
quotas	2.593	Noun
racially	2.593	Adverb
raged	2.593	Verb
ragging	2.593	Noun
raked	2.593	Verb
ratcher	2.593	Name
rebelled	2.593	Verb
redcoats	2.593	Noun
reddy	2.593	Name
redeemer	2.593	Noun
ree	2.593	Noun
refunds	2.593	Noun
regains	2.593	Verb
relaying	2.593	Verb
repress	2.593	Verb
requiem	2.593	Noun
resumed	2.593	Verb
retching	2.593	Verb
retreats	2.593	Noun
rifling	2.593	Verb
ritzy	2.593	Adjective
riveted	2.593	Verb
robins	2.593	Noun
romping	2.593	Verb
roping	2.593	Verb
rotated	2.593	Verb
ruffin	2.593	Noun
rusting	2.593	Verb
sabes	2.593	Noun
sabina	2.593	Name
salutes	2.593	Verb
salvo	2.593	Noun
sandbag	2.593	Verb
scalded	2.593	Adjective
scorcher	2.593	Noun
scotches	2.593	Noun
sculpt	2.593	Verb
scut	2.593	Noun
seeping	2.593	Verb
seminal	2.593	Adjective
setter	2.593	Noun
shackled	2.593	Verb
shards	2.593	Noun
sharps	2.593	Name
shoji	2.593	Name
shrank	2.593	Verb
shuffled	2.593	Verb
sicken	2.593	Adjective
sinning	2.593	Verb
sizzler	2.593	Name
skee	2.593	Name
slated	2.593	Verb
slink	2.593	Verb
smirking	2.593	Verb
sobering	2.593	Adjective
sodomy	2.593	Noun
softest	2.593	Adjective
sorriest	2.593	Adjective
spans	2.593	Verb
spewing	2.593	Verb
splurge	2.593	Verb
spurt	2.593	Noun
squab	2.593	Noun
sta	2.593	Noun
stalkers	2.593	Noun
stasis	2.593	Noun
stresses	2.593	Noun
stretchy	2.593	Adjective
strewn	2.593	Verb
strom	2.593	Name
stucco	2.593	Noun
stupor	2.593	Noun
sturgeon	2.593	Noun
sty	2.593	Noun
succumb	2.593	Verb
surat	2.593	Name
surges	2.593	Noun
sutler	2.593	Name
swedes	2.593	Noun
swizzle	2.593	Noun
swooping	2.593	Verb
taffeta	2.593	Noun
tain	2.593	#N/A
tangent	2.593	Noun
tarnish	2.593	Verb
taters	2.593	Noun
tave	2.593	Verb
teats	2.593	Noun
telford	2.593	Name
temps	2.593	Noun
texans	2.593	Noun
thereto	2.593	Adverb
thinning	2.593	Verb
thins	2.593	Verb
thrush	2.593	Noun
ticktock	2.593	Verb
tidbits	2.593	Noun
tonkin	2.593	Name
tooling	2.593	Verb
tooting	2.593	Verb
toppings	2.593	Noun
trashcan	2.593	Noun
tripoli	2.593	Name
trudging	2.593	Verb
tsar	2.593	Noun
tutors	2.593	Noun
twits	2.593	Noun
twixt	2.593	Noun
unnerved	2.593	Verb
upheld	2.593	Verb
upstage	2.593	Verb
variance	2.593	Noun
veils	2.593	Noun
vesuvius	2.593	Name
walkway	2.593	Noun
waltzed	2.593	Verb
wampum	2.593	Noun
wendigo	2.593	Noun
whooped	2.593	Verb
wigging	2.593	Verb
willes	2.593	Name
wort	2.593	Noun
wren	2.593	Name
wrigley	2.593	Name
wussy	2.593	Adjective
yarmulke	2.593	Noun
yom	2.593	Unclassified
yule	2.593	Noun
ziggurat	2.593	Noun
zippy	2.593	Adjective
abductor	2.571	Noun
abound	2.571	Verb
abrasion	2.571	Noun
absentee	2.571	Noun
alerting	2.571	Verb
alkali	2.571	Noun
amply	2.571	Adverb
annuity	2.571	Noun
aprons	2.571	Noun
aquila	2.571	Name
arranges	2.571	Verb
arriba	2.571	Noun
aught	2.571	Pronoun
azaleas	2.571	Noun
bandy	2.571	Adjective
barbell	2.571	Noun
bared	2.571	Verb
barked	2.571	Verb
barrack	2.571	Noun
barret	2.571	Verb
barrows	2.571	Name
basking	2.571	Verb
bassinet	2.571	Noun
baste	2.571	Verb
bastion	2.571	Noun
bedded	2.571	Verb
beech	2.571	Noun
bidet	2.571	Noun
birdseed	2.571	Noun
bitters	2.571	Noun
blesses	2.571	Verb
blocker	2.571	Noun
bloomer	2.571	Noun
bluejay	2.571	Verb
blunts	2.571	Verb
booed	2.571	Verb
boorish	2.571	Adjective
boozer	2.571	Noun
boozing	2.571	Verb
botswana	2.571	Name
boughs	2.571	Noun
braided	2.571	Verb
breeders	2.571	Noun
brimming	2.571	Verb
buckling	2.571	Verb
buffing	2.571	Verb
bunking	2.571	Verb
buoyancy	2.571	Noun
caption	2.571	Noun
carat	2.571	Noun
carrion	2.571	Noun
caskets	2.571	Noun
chakra	2.571	Unclassified
charted	2.571	Verb
chasm	2.571	Noun
chiltern	2.571	Adjective
churned	2.571	Verb
cienega	2.571	Name
cissy	2.571	Name
clawed	2.571	Verb
clearest	2.571	Adjective
clocking	2.571	Verb
clunky	2.571	Adjective
coasts	2.571	Noun
cockney	2.571	Adjective
coddle	2.571	Verb
commuted	2.571	Verb
coolness	2.571	Noun
covertly	2.571	Adverb
crepes	2.571	Noun
croaker	2.571	Noun
croaks	2.571	Verb
culp	2.571	Name
cuteness	2.571	Noun
cutlery	2.571	Noun
cutlet	2.571	Noun
damocles	2.571	Name
debtors	2.571	Noun
decoding	2.571	Verb
demean	2.571	Verb
deputize	2.571	Verb
detects	2.571	Verb
dietary	2.571	Adjective
dinar	2.571	Noun
directs	2.571	Verb
doesnt	2.571	#N/A
domicile	2.571	Noun
doodling	2.571	Verb
dragnet	2.571	Noun
dribbles	2.571	Verb
droning	2.571	Verb
druggie	2.571	Noun
drugging	2.571	Verb
druids	2.571	Noun
durable	2.571	Adjective
earner	2.571	Noun
eases	2.571	Verb
ebb	2.571	Noun
effected	2.571	Verb
elation	2.571	Noun
elks	2.571	Name
embalmer	2.571	Noun
emits	2.571	Verb
escapade	2.571	Noun
eventful	2.571	Adjective
examines	2.571	Verb
exhumed	2.571	Verb
exposes	2.571	Verb
eyesore	2.571	Noun
facedown	2.571	Noun
facets	2.571	Noun
fen	2.571	Noun
fervent	2.571	Adjective
fidgety	2.571	Adjective
flamenco	2.571	Noun
flayed	2.571	Verb
fleets	2.571	Noun
flippant	2.571	Adjective
flocks	2.571	Noun
florin	2.571	Noun
footnote	2.571	Noun
foreskin	2.571	Noun
frailty	2.571	Noun
freer	2.571	Adjective
frigate	2.571	Noun
frizzy	2.571	Adjective
frowns	2.571	Noun
fuelled	2.571	Verb
gaius	2.571	Name
gams	2.571	Noun
gendarme	2.571	Noun
gipper	2.571	Noun
girlies	2.571	Noun
giron	2.571	Name
gladrags	2.571	Noun
glassy	2.571	Adjective
globes	2.571	Noun
gluttony	2.571	Noun
gnawed	2.571	Verb
goethe	2.571	Name
goings	2.571	Noun
gouging	2.571	Verb
goy	2.571	Noun
graced	2.571	Verb
gratis	2.571	Adverb
grecian	2.571	Adjective
griddle	2.571	Noun
griffins	2.571	Name
grille	2.571	Noun
grinds	2.571	Verb
grunge	2.571	Noun
gumshoe	2.571	Noun
guppy	2.571	Noun
hairpin	2.571	Noun
halted	2.571	Verb
hangings	2.571	Noun
harbored	2.571	Verb
hardtop	2.571	Noun
harmonia	2.571	Name
healers	2.571	Noun
heretics	2.571	Noun
herewith	2.571	Adverb
hissy	2.571	Adjective
hobble	2.571	Verb
hocked	2.571	Verb
honed	2.571	Verb
hoodoo	2.571	Noun
hosed	2.571	Verb
hovered	2.571	Verb
huck	2.571	Name
hunks	2.571	Noun
ibm	2.571	Name
immodest	2.571	Adjective
impacts	2.571	Noun
impunity	2.571	Noun
inedible	2.571	Adjective
inert	2.571	Adjective
infancy	2.571	Noun
infusion	2.571	Noun
inter	2.571	Adjective
irs	2.571	Noun
jacko	2.571	Name
jellies	2.571	Noun
jerries	2.571	Name
jibe	2.571	Verb
jollies	2.571	Verb
joshing	2.571	Verb
julep	2.571	Noun
kabuki	2.571	Noun
kennels	2.571	Noun
kerb	2.571	Noun
keystone	2.571	Noun
kiddy	2.571	Adjective
kinfolk	2.571	Noun
kitsch	2.571	Noun
labelled	2.571	Verb
labors	2.571	Noun
latinos	2.571	Noun
latrines	2.571	Noun
latvian	2.571	Adjective
leapfrog	2.571	Verb
liberia	2.571	Name
lifespan	2.571	Noun
lino	2.571	Noun
loca	2.571	Noun
locky	2.571	Name
loin	2.571	Noun
magma	2.571	Noun
manana	2.571	Noun
marksmen	2.571	Noun
masking	2.571	Noun
massing	2.571	Verb
meaty	2.571	Adjective
mediums	2.571	Noun
meridian	2.571	Noun
millard	2.571	Name
mimosa	2.571	Noun
minas	2.571	Name
mindset	2.571	Noun
moloch	2.571	Noun
morose	2.571	Adjective
mourned	2.571	Verb
muddled	2.571	Adjective
murals	2.571	Noun
nativity	2.571	Noun
naturals	2.571	Noun
neatness	2.571	Noun
negate	2.571	Verb
netting	2.571	Noun
nob	2.571	Name
numbness	2.571	Noun
oakwood	2.571	Name
oboe	2.571	Noun
och	2.571	Interjection
oki	2.571	Name
okie	2.571	Noun
olla	2.571	Name
omitted	2.571	Verb
outposts	2.571	Noun
ouzo	2.571	Noun
overheat	2.571	Verb
overshot	2.571	Verb
overwork	2.571	Verb
pacha	2.571	Noun
panning	2.571	Verb
pastels	2.571	Noun
pathogen	2.571	Noun
peerless	2.571	Adjective
peruse	2.571	Verb
pewter	2.571	Noun
phobias	2.571	Noun
phylon	2.571	Noun
pineal	2.571	Adjective
pirating	2.571	Verb
plumes	2.571	Noun
pocus	2.571	Noun
pointe	2.571	Name
poisoner	2.571	Noun
polarity	2.571	Noun
politic	2.571	Adjective
polonius	2.571	Name
poolroom	2.571	Noun
porpoise	2.571	Noun
prodding	2.571	Verb
profess	2.571	Verb
progeny	2.571	Noun
prolific	2.571	Adjective
protons	2.571	Noun
psalms	2.571	Noun
pubs	2.571	Noun
puget	2.571	Name
punishes	2.571	Verb
purebred	2.571	Adjective
pylons	2.571	Noun
raunchy	2.571	Noun
ravings	2.571	Noun
rector	2.571	Noun
redskins	2.571	Noun
reflux	2.571	Noun
remarked	2.571	Verb
resupply	2.571	Adverb
retains	2.571	Verb
ribbed	2.571	Adjective
riser	2.571	Noun
roadster	2.571	Noun
roche	2.571	Name
rout	2.571	Noun
rutabaga	2.571	Noun
sabra	2.571	Name
scabby	2.571	Adjective
scalpels	2.571	Noun
scissor	2.571	Verb
scoured	2.571	Verb
septum	2.571	Noun
shabbat	2.571	Noun
shapely	2.571	Adjective
sheared	2.571	Verb
shiatsu	2.571	Noun
shriver	2.571	Name
sickens	2.571	Noun
sikes	2.571	Name
simp	2.571	Noun
slimming	2.571	Verb
sloping	2.571	Adjective
slote	2.571	Name
slowpoke	2.571	Verb
slurs	2.571	Noun
snacking	2.571	Verb
snappish	2.571	Adjective
snipe	2.571	Noun
snorted	2.571	Verb
socko	2.571	Noun
sordo	2.571	Name
sparking	2.571	Verb
staunch	2.571	Adjective
steppe	2.571	Noun
stereos	2.571	Noun
stetson	2.571	Name
stewing	2.571	Verb
stogie	2.571	Noun
stubble	2.571	Noun
suckling	2.571	Verb
suez	2.571	Name
sulfuric	2.571	Adjective
sunbeam	2.571	Noun
surmise	2.571	Verb
surpass	2.571	Verb
swarmed	2.571	Verb
swatch	2.571	Noun
syntax	2.571	Noun
tactile	2.571	Adjective
taketh	2.571	Verb
talky	2.571	Adjective
tandem	2.571	Noun
telecast	2.571	Noun
telltale	2.571	Noun
tendons	2.571	Noun
teng	2.571	Name
tilden	2.571	Noun
tobe	2.571	Name
toned	2.571	Verb
tonga	2.571	Name
tonsil	2.571	Noun
totals	2.571	Noun
tou	2.571	Noun
truant	2.571	Adjective
tuan	2.571	Name
tulle	2.571	Noun
tumbler	2.571	Noun
udders	2.571	Noun
ulna	2.571	Noun
ump	2.571	Verb
unbuckle	2.571	Verb
unearth	2.571	Verb
unleaded	2.571	Adjective
unloved	2.571	Adjective
untoward	2.571	Adjective
unwashed	2.571	Adjective
uproot	2.571	Verb
upwind	2.571	Noun
uterine	2.571	Adjective
vaporize	2.571	Verb
vapors	2.571	Noun
venner	2.571	Name
visita	2.571	Name
voiced	2.571	Verb
waivers	2.571	Noun
waked	2.571	Verb
wands	2.571	Noun
weeding	2.571	Verb
weirdly	2.571	Adverb
wets	2.571	Verb
whirs	2.571	Verb
whitest	2.571	Adjective
whither	2.571	Adverb
winded	2.571	Verb
wiry	2.571	Adjective
wolfman	2.571	Noun
woodman	2.571	Name
woodrow	2.571	Name
wounding	2.571	Verb
wrangle	2.571	Verb
yemen	2.571	Name
yoghurt	2.571	Noun
zant	2.571	Name
zimbabwe	2.571	Name
zoned	2.571	Verb
zowie	2.571	Noun
aberdeen	2.547	Name
adonai	2.547	Noun
affirm	2.547	Verb
aflame	2.547	Adjective
ageing	2.547	Adjective
airmail	2.547	Noun
alamos	2.547	Name
alarmist	2.547	Noun
allay	2.547	Verb
ankh	2.547	Noun
apropos	2.547	Adverb
aqueduct	2.547	Noun
aright	2.547	Adverb
artsy	2.547	Adjective
avis	2.547	Name
awakes	2.547	Verb
backlog	2.547	Noun
bailiffs	2.547	Noun
baited	2.547	Verb
bally	2.547	Adverb
barbary	2.547	Adjective
barbies	2.547	Noun
baseless	2.547	Adjective
benders	2.547	Noun
benn	2.547	Name
billet	2.547	Noun
bish	2.547	Noun
bison	2.547	Noun
blazed	2.547	Verb
blighter	2.547	Noun
blower	2.547	Noun
bonk	2.547	Verb
booklets	2.547	Noun
boonies	2.547	Noun
boosting	2.547	Verb
bovver	2.547	Name
brags	2.547	Verb
bromo	2.547	Noun
bronzed	2.547	Adjective
bugles	2.547	Noun
bungling	2.547	Adjective
burbs	2.547	Noun
burly	2.547	Adjective
busters	2.547	Noun
buttery	2.547	Noun
buttock	2.547	Noun
bytes	2.547	Noun
cai	2.547	Name
calypso	2.547	Noun
cantor	2.547	Name
caressed	2.547	Verb
carlino	2.547	Name
carload	2.547	Noun
causeway	2.547	Noun
cav	2.547	Noun
caveat	2.547	Noun
celeb	2.547	Noun
chalked	2.547	Verb
chanted	2.547	Verb
charting	2.547	Verb
cheerios	2.547	Noun
clatters	2.547	Verb
clincher	2.547	Noun
cline	2.547	Name
clotted	2.547	Verb
codex	2.547	Noun
coldness	2.547	Noun
collard	2.547	Noun
coombe	2.547	Name
corsets	2.547	Noun
craw	2.547	Noun
crier	2.547	Noun
cronies	2.547	Noun
cruelest	2.547	Adjective
crumpet	2.547	Noun
cryonics	2.547	Noun
curlers	2.547	Noun
cutback	2.547	Noun
cypher	2.547	Noun
dateline	2.547	Name
dauphine	2.547	Name
debonair	2.547	Adjective
decrees	2.547	Noun
decrypt	2.547	Verb
defaced	2.547	Verb
defile	2.547	Verb
defunct	2.547	Adjective
derriere	2.547	Noun
dialects	2.547	Noun
diddly	2.547	Adverb
didst	2.547	Verb
dil	2.547	Name
dilly	2.547	Adverb
dimmer	2.547	Noun
disarray	2.547	Noun
discern	2.547	Verb
discrete	2.547	Adjective
dons	2.547	Noun
droop	2.547	Verb
druid	2.547	Noun
drumlin	2.547	Name
drummed	2.547	Verb
dullest	2.547	Adjective
dwells	2.547	Verb
dyslexic	2.547	Adjective
earlobe	2.547	Noun
earmuffs	2.547	Noun
earthman	2.547	Noun
edgewise	2.547	Adjective
effendi	2.547	Verb
electro	2.547	Adjective
enamored	2.547	Verb
enclose	2.547	Verb
epaulets	2.547	Noun
epsilon	2.547	Noun
equip	2.547	Verb
erasers	2.547	Noun
erases	2.547	Verb
eris	2.547	Name
eyelid	2.547	Noun
fafnir	2.547	Noun
faggy	2.547	Adjective
faints	2.547	Verb
familia	2.547	Noun
fanned	2.547	Verb
feminism	2.547	Noun
filament	2.547	Noun
flasher	2.547	Noun
flinging	2.547	Verb
flowered	2.547	Adjective
focuses	2.547	Verb
fostered	2.547	Verb
foy	2.547	Name
fresco	2.547	Noun
frittata	2.547	Noun
fruition	2.547	Noun
furies	2.547	Noun
gaffer	2.547	Noun
gaslight	2.547	Noun
gazelles	2.547	Noun
geared	2.547	Verb
gefilte	2.547	Noun
geir	2.547	Noun
ghana	2.547	Name
gib	2.547	Name
gigolos	2.547	Noun
glam	2.547	Adjective
gliders	2.547	Noun
glimpses	2.547	Noun
gored	2.547	Verb
grafts	2.547	Noun
gratin	2.547	Noun
grimace	2.547	Noun
grump	2.547	Noun
grundy	2.547	Noun
harken	2.547	Name
hassles	2.547	Noun
hedging	2.547	Verb
hemp	2.547	Noun
henchman	2.547	Noun
herding	2.547	Verb
het	2.547	Verb
hickeys	2.547	Noun
highbrow	2.547	Adjective
hikes	2.547	Noun
hoedown	2.547	Noun
holla	2.547	Noun
honing	2.547	Verb
horning	2.547	Name
houseman	2.547	Name
humoring	2.547	Verb
hunker	2.547	Noun
imam	2.547	Noun
impale	2.547	Verb
implode	2.547	Verb
induces	2.547	Verb
ingrown	2.547	Adjective
inhibit	2.547	Verb
invades	2.547	Verb
jangle	2.547	Noun
jeweller	2.547	Noun
jobless	2.547	Adjective
jogs	2.547	Verb
johnnies	2.547	Name
joiner	2.547	Noun
justly	2.547	Adverb
kana	2.547	Name
kath	2.547	Name
khmer	2.547	Name
kidnaps	2.547	Verb
kippur	2.547	Unclassified
knocker	2.547	Noun
koran	2.547	Noun
ladyfish	2.547	Noun
lazar	2.547	Name
letdown	2.547	Noun
limeys	2.547	Noun
lind	2.547	Name
lingered	2.547	Verb
lioness	2.547	Noun
literate	2.547	Adjective
lobbying	2.547	Verb
locus	2.547	Noun
logos	2.547	Noun
loons	2.547	Noun
looping	2.547	Verb
lorel	2.547	Noun
lyn	2.547	Name
malay	2.547	Adjective
mamba	2.547	Name
martyred	2.547	Verb
matinees	2.547	Noun
maximus	2.547	Noun
mayans	2.547	Noun
mellowed	2.547	Verb
memorise	2.547	Verb
meowing	2.547	Verb
mettle	2.547	Noun
mickeys	2.547	Name
migrated	2.547	Verb
mir	2.547	Name
mixers	2.547	Noun
mobsters	2.547	Noun
mong	2.547	Name
monotony	2.547	Noun
munger	2.547	Name
niblick	2.547	Noun
nods	2.547	Noun
nom	2.547	Noun
nordic	2.547	Adjective
obliging	2.547	Adjective
oda	2.547	Name
odors	2.547	Noun
oeuvre	2.547	Noun
offbeat	2.547	Adjective
oilers	2.547	Name
okeydoke	2.547	Verb
onyx	2.547	Noun
outgrew	2.547	Verb
outlying	2.547	Adjective
ovarian	2.547	Adjective
overbite	2.547	Noun
paddock	2.547	Noun
palooka	2.547	Noun
pangs	2.547	Noun
panned	2.547	Verb
peele	2.547	Name
peering	2.547	Verb
perils	2.547	Noun
persians	2.547	Noun
pests	2.547	Noun
piers	2.547	Noun
pinches	2.547	Verb
planchet	2.547	Verb
plexus	2.547	Noun
poach	2.547	Verb
poi	2.547	Noun
pompeii	2.547	Name
pon	2.547	Noun
poops	2.547	Verb
poppet	2.547	Noun
poppies	2.547	Noun
poser	2.547	Noun
posers	2.547	Noun
preed	2.547	Verb
preside	2.547	Verb
pried	2.547	Verb
pringle	2.547	Name
procured	2.547	Verb
profited	2.547	Verb
proverbs	2.547	Noun
pullings	2.547	Name
pulsars	2.547	Noun
pumper	2.547	Noun
pushcart	2.547	Noun
quell	2.547	Verb
quills	2.547	Noun
quotient	2.547	Noun
racists	2.547	Noun
racquet	2.547	Noun
rainfall	2.547	Noun
rales	2.547	Noun
rane	2.547	Name
rapido	2.547	Noun
rathole	2.547	Noun
rationed	2.547	Verb
rattrap	2.547	Noun
rea	2.547	Noun
reappear	2.547	Verb
rears	2.547	Verb
reattach	2.547	Verb
recesses	2.547	Noun
recited	2.547	Verb
remotes	2.547	Noun
revels	2.547	Verb
reverses	2.547	Verb
rewiring	2.547	Verb
rile	2.547	Verb
rivet	2.547	Verb
roared	2.547	Verb
rogues	2.547	Noun
roofer	2.547	Noun
rounder	2.547	Adjective
rumoured	2.547	Verb
runways	2.547	Noun
saddens	2.547	Verb
saintly	2.547	Adjective
savagely	2.547	Adverb
scaled	2.547	Verb
scammed	2.547	Verb
schmooze	2.547	Verb
schnook	2.547	Noun
scow	2.547	Noun
scripted	2.547	Verb
searcher	2.547	Noun
seduces	2.547	Verb
seepage	2.547	Noun
seidel	2.547	Name
sennett	2.547	Name
shipmate	2.547	Noun
shiv	2.547	Noun
shoplift	2.547	Verb
shorties	2.547	Noun
shorting	2.547	Verb
showman	2.547	Noun
shredder	2.547	Noun
shrike	2.547	Name
shrouded	2.547	Verb
sierras	2.547	Name
signage	2.547	Noun
silt	2.547	Noun
skinning	2.547	Verb
slanted	2.547	Verb
slattery	2.547	Name
slaw	2.547	Noun
smidge	2.547	Noun
snarls	2.547	Noun
sniffer	2.547	Noun
snubbed	2.547	Verb
soups	2.547	Noun
sown	2.547	Verb
specter	2.547	Noun
speller	2.547	Noun
stalag	2.547	Name
stave	2.547	Verb
stifling	2.547	Verb
stiletto	2.547	Noun
stosh	2.547	Name
strobe	2.547	Noun
strolls	2.547	Verb
struts	2.547	Noun
subvert	2.547	Verb
summat	2.547	Pronoun
surging	2.547	Verb
svengali	2.547	Noun
swirls	2.547	Noun
tailors	2.547	Noun
tangy	2.547	Adjective
tanny	2.547	Name
tasked	2.547	Verb
tay	2.547	Name
tec	2.547	Name
tenuous	2.547	Adjective
tester	2.547	Noun
theorem	2.547	Noun
thespian	2.547	Noun
thirdly	2.547	Adverb
thwart	2.547	Verb
tidbit	2.547	Noun
toddle	2.547	Verb
tootsies	2.547	Noun
tories	2.547	Noun
towkay	2.547	Verb
townie	2.547	Noun
trollop	2.547	Noun
trove	2.547	Noun
truancy	2.547	Noun
truss	2.547	Noun
tudor	2.547	Name
tutored	2.547	Verb
twitches	2.547	Noun
unix	2.547	Noun
unlocks	2.547	Verb
unsteady	2.547	Adjective
veered	2.547	Verb
verbatim	2.547	Adverb
verger	2.547	Name
vite	2.547	Noun
voyages	2.547	Noun
waif	2.547	Noun
wankers	2.547	Noun
wannabes	2.547	Noun
wares	2.547	Noun
warns	2.547	Verb
washers	2.547	Noun
webbed	2.547	Adjective
wedges	2.547	Noun
whacker	2.547	Noun
winery	2.547	Noun
wooded	2.547	Adjective
workable	2.547	Adjective
wracked	2.547	Verb
wreaths	2.547	Noun
wringing	2.547	Verb
wrinkly	2.547	Adjective
yachting	2.547	Noun
yean	2.547	Noun
yeshiva	2.547	Noun
yourn	2.547	Noun
zips	2.547	Verb
zoology	2.547	Noun
abuser	2.522	Noun
ached	2.522	Verb
achieves	2.522	Verb
adrenal	2.522	Adjective
airsick	2.522	Adjective
airy	2.522	Adjective
alfa	2.522	Name
alkaline	2.522	Adjective
alleging	2.522	Verb
amoeba	2.522	Noun
animala	2.522	Name
antacid	2.522	Noun
antiwar	2.522	Noun
araby	2.522	Noun
arid	2.522	Adjective
arising	2.522	Verb
arses	2.522	Noun
ascent	2.522	Noun
ashanti	2.522	Name
assists	2.522	Verb
asta	2.522	Name
atalanta	2.522	Noun
awash	2.522	Adjective
banque	2.522	Unclassified
barneys	2.522	Name
baroque	2.522	Noun
basher	2.522	Noun
bassoon	2.522	Noun
bathtubs	2.522	Noun
batons	2.522	Noun
beamer	2.522	Noun
bedpost	2.522	Noun
bedrock	2.522	Noun
beefed	2.522	Verb
beefy	2.522	Adjective
beery	2.522	Name
begat	2.522	Verb
beget	2.522	Verb
belching	2.522	Verb
bicep	2.522	Noun
biotech	2.522	Noun
blackest	2.522	Adjective
blacktop	2.522	Noun
blarney	2.522	Noun
blockers	2.522	Noun
boasts	2.522	Verb
bolster	2.522	Verb
boneyard	2.522	Noun
bongos	2.522	Noun
bordello	2.522	Noun
bors	2.522	Noun
botch	2.522	Verb
breakout	2.522	Noun
brine	2.522	Noun
briseis	2.522	Name
bristles	2.522	Noun
bucked	2.522	Verb
bumpers	2.522	Noun
bundled	2.522	Verb
burped	2.522	Verb
cafes	2.522	Noun
calico	2.522	Noun
campion	2.522	Name
capes	2.522	Noun
caramba	2.522	Noun
carfare	2.522	Noun
carvings	2.522	Noun
caspian	2.522	Name
cava	2.522	Noun
cerulean	2.522	Adjective
ceylon	2.522	Name
cheapen	2.522	Verb
chevron	2.522	Noun
chippewa	2.522	Name
choule	2.522	Name
circuses	2.522	Noun
clank	2.522	Noun
clich	2.522	Noun
clucky	2.522	Name
coasting	2.522	Verb
coatroom	2.522	Noun
cockles	2.522	Noun
coddled	2.522	Verb
coe	2.522	Name
coeds	2.522	Noun
collate	2.522	Verb
comas	2.522	Noun
combes	2.522	Noun
commas	2.522	Noun
comps	2.522	Noun
cornea	2.522	Noun
corpsmen	2.522	Noun
cortina	2.522	Name
cotter	2.522	Noun
coulter	2.522	Name
couture	2.522	Noun
cower	2.522	Verb
craved	2.522	Verb
crawler	2.522	Noun
creases	2.522	Noun
cubits	2.522	Noun
cumin	2.522	Noun
dampen	2.522	Verb
darndest	2.522	Adjective
daunting	2.522	Adjective
debtor	2.522	Noun
decibels	2.522	Noun
deducted	2.522	Verb
deign	2.522	Verb
demos	2.522	Noun
demotion	2.522	Noun
dingus	2.522	Noun
doh	2.522	Name
dollface	2.522	Name
dossiers	2.522	Noun
doused	2.522	Verb
drooled	2.522	Verb
drumroll	2.522	Verb
drywall	2.522	Noun
edict	2.522	Noun
effusion	2.522	Noun
embody	2.522	Verb
empower	2.522	Verb
enmity	2.522	Noun
enquire	2.522	Verb
ensued	2.522	Verb
ensured	2.522	Verb
entre	2.522	Unclassified
ewe	2.522	Noun
exxon	2.522	Name
factored	2.522	Verb
falcons	2.522	Noun
falter	2.522	Verb
farrel	2.522	Name
faucets	2.522	Noun
felling	2.522	Verb
fenced	2.522	Verb
fete	2.522	Noun
filings	2.522	Noun
fission	2.522	Noun
flagon	2.522	Noun
flanked	2.522	Verb
flared	2.522	Verb
flaring	2.522	Verb
flatware	2.522	Noun
flexing	2.522	Verb
folies	2.522	Name
fondled	2.522	Verb
forage	2.522	Verb
foretell	2.522	Verb
formica	2.522	Noun
fps	2.522	Name
freezers	2.522	Noun
frenzied	2.522	Adjective
freon	2.522	Noun
freshest	2.522	Adjective
fretting	2.522	Verb
frilly	2.522	Adjective
frisked	2.522	Verb
fumbles	2.522	Verb
furtive	2.522	Adjective
gait	2.522	Noun
galleon	2.522	Noun
gambles	2.522	Verb
gammy	2.522	Adjective
garb	2.522	Noun
gawain	2.522	Noun
gawk	2.522	Verb
gio	2.522	Name
gladness	2.522	Noun
glint	2.522	Noun
gluck	2.522	Name
gobbler	2.522	Noun
gofer	2.522	Noun
goosey	2.522	Name
graf	2.522	Name
graphs	2.522	Noun
grating	2.522	Adjective
gratuity	2.522	Noun
gravest	2.522	Adjective
grazer	2.522	Noun
grooving	2.522	Verb
gusting	2.522	Verb
guzzling	2.522	Verb
gyro	2.522	Noun
haff	2.522	Name
harlock	2.522	Name
hassel	2.522	Name
hayseed	2.522	Noun
headgear	2.522	Noun
heckle	2.522	Verb
hellcat	2.522	Noun
hidalgo	2.522	Noun
hindi	2.522	Name
hocks	2.522	Noun
honked	2.522	Verb
hotbed	2.522	Noun
hothouse	2.522	Noun
hungover	2.522	Adjective
hydrated	2.522	Verb
hyped	2.522	Verb
hypo	2.522	Noun
icarus	2.522	Name
inbounds	2.522	Noun
indigo	2.522	Adjective
inducing	2.522	Verb
inertial	2.522	Adjective
ingrates	2.522	Noun
injector	2.522	Noun
inserts	2.522	Noun
instep	2.522	Noun
interned	2.522	Verb
jammy	2.522	Name
jarry	2.522	Noun
jowls	2.522	Noun
jujitsu	2.522	Noun
jumble	2.522	Noun
karst	2.522	Verb
kayo	2.522	Name
kinsman	2.522	Noun
knish	2.522	Noun
ladles	2.522	Noun
lashed	2.522	Verb
latchkey	2.522	Noun
lathe	2.522	Noun
leaguer	2.522	Noun
likin	2.522	Noun
liners	2.522	Noun
liquors	2.522	Noun
litch	2.522	Name
littler	2.522	Adjective
loaner	2.522	Noun
locale	2.522	Noun
lockbox	2.522	Noun
lockout	2.522	Noun
loma	2.522	Name
loners	2.522	Noun
longhorn	2.522	Noun
loveable	2.522	Adjective
lovelorn	2.522	Adjective
luster	2.522	Noun
macao	2.522	Name
mackinaw	2.522	Name
madcap	2.522	Verb
mahatma	2.522	Name
mapache	2.522	Noun
marron	2.522	Name
massager	2.522	Noun
mattocks	2.522	Noun
maul	2.522	Verb
medulla	2.522	Noun
mellon	2.522	Name
micks	2.522	Noun
millet	2.522	Noun
mimes	2.522	Noun
mimics	2.522	Verb
minnows	2.522	Noun
misused	2.522	Verb
modes	2.522	Noun
molars	2.522	Noun
moniker	2.522	Noun
monos	2.522	Noun
motoring	2.522	Noun
mouthed	2.522	Verb
moze	2.522	Verb
muffet	2.522	Name
mulling	2.522	Verb
mussed	2.522	Verb
nagged	2.522	Verb
narco	2.522	Noun
nav	2.522	Noun
nipped	2.522	Verb
nomine	2.522	Noun
nong	2.522	Name
nori	2.522	Name
norland	2.522	Name
norms	2.522	Noun
nullify	2.522	Verb
offing	2.522	Noun
omelets	2.522	Noun
ottoman	2.522	Noun
outbound	2.522	Noun
outset	2.522	Noun
pagans	2.522	Noun
pandas	2.522	Noun
paretta	2.522	Name
parma	2.522	Name
pauses	2.522	Noun
pausing	2.522	Verb
pecked	2.522	Verb
pedantic	2.522	Adjective
pelias	2.522	Name
petulant	2.522	Adjective
pickers	2.522	Noun
pigpen	2.522	Noun
ply	2.522	Verb
podunk	2.522	Name
pompoms	2.522	Noun
pontius	2.522	Name
populace	2.522	Noun
portico	2.522	Noun
pos	2.522	Noun
preamble	2.522	Noun
prodded	2.522	Verb
promos	2.522	Noun
propped	2.522	Verb
provokes	2.522	Verb
pukes	2.522	Noun
puncher	2.522	Noun
purer	2.522	Adjective
puritan	2.522	Noun
puritans	2.522	Noun
purview	2.522	Noun
pyro	2.522	Noun
quakers	2.522	Noun
quilts	2.522	Noun
raucous	2.522	Adjective
rayon	2.522	Noun
rebate	2.522	Noun
recast	2.522	Verb
recessed	2.522	Verb
reeds	2.522	Noun
reenact	2.522	Verb
reforms	2.522	Noun
reigned	2.522	Verb
relieves	2.522	Verb
remix	2.522	Noun
rend	2.522	Verb
repaying	2.522	Verb
resonate	2.522	Verb
reviving	2.522	Verb
ridding	2.522	Verb
ridgeway	2.522	Name
riga	2.522	Name
rippers	2.522	Noun
roemer	2.522	Name
roosters	2.522	Noun
rosewood	2.522	Name
rubles	2.522	Noun
ruffians	2.522	Noun
safeway	2.522	Name
sagging	2.522	Verb
sampler	2.522	Noun
scabs	2.522	Noun
scalping	2.522	Verb
scaly	2.522	Adjective
scarab	2.522	Noun
scents	2.522	Noun
schizo	2.522	Noun
scot	2.522	Noun
sculpted	2.522	Verb
scythe	2.522	Noun
seamless	2.522	Adjective
searing	2.522	Adjective
seashell	2.522	Noun
sendoff	2.522	Noun
senility	2.522	Noun
serb	2.522	Name
serfs	2.522	Noun
sews	2.522	Verb
shackle	2.522	Noun
shading	2.522	Noun
shampoos	2.522	Noun
shoppe	2.522	Name
shrubs	2.522	Noun
signpost	2.522	Noun
sillier	2.522	Adjective
silos	2.522	Noun
sinkhole	2.522	Noun
sizeable	2.522	Adjective
skelter	2.522	Noun
skyway	2.522	Name
slackers	2.522	Noun
slung	2.522	Verb
slurring	2.522	Verb
smoot	2.522	Name
sniffy	2.522	Noun
snifter	2.522	Noun
sniggers	2.522	Verb
snobbish	2.522	Adjective
snuggled	2.522	Verb
sofas	2.522	Noun
softie	2.522	Noun
sok	2.522	Name
solstice	2.522	Noun
somalia	2.522	Name
somber	2.522	Adjective
souse	2.522	Noun
spellers	2.522	Noun
spines	2.522	Noun
spliced	2.522	Verb
squibs	2.522	Noun
squiggly	2.522	Adjective
stebbins	2.522	Name
stewards	2.522	Noun
storeys	2.522	Noun
strikers	2.522	Noun
stubbed	2.522	Verb
talkie	2.522	Noun
taos	2.522	Name
tartan	2.522	Adjective
teat	2.522	Noun
texting	2.522	Verb
textures	2.522	Noun
thicke	2.522	Name
thrifty	2.522	Adjective
throng	2.522	Noun
tippet	2.522	Noun
titrate	2.522	Verb
tivoli	2.522	Name
torments	2.522	Noun
tortilla	2.522	Noun
tought	2.522	Verb
trekker	2.522	Noun
trickle	2.522	Noun
trotting	2.522	Verb
tums	2.522	Noun
tusks	2.522	Noun
untapped	2.522	Adjective
uruguay	2.522	Name
ussr	2.522	Name
utilized	2.522	Verb
vacated	2.522	Verb
vacuous	2.522	Adjective
vane	2.522	Noun
venous	2.522	Adjective
verboten	2.522	Verb
vespers	2.522	Noun
victrola	2.522	Noun
waders	2.522	Noun
wafers	2.522	Noun
waltzer	2.522	Name
waring	2.522	Name
warrens	2.522	Name
warthog	2.522	Noun
waxman	2.522	Name
weaves	2.522	Verb
wedgies	2.522	Noun
weekdays	2.522	Noun
weevils	2.522	Noun
weve	2.522	Noun
whupping	2.522	Verb
whys	2.522	Noun
wigwam	2.522	Noun
wilds	2.522	Noun
wiretaps	2.522	Noun
wooed	2.522	Verb
wooster	2.522	Noun
wrenched	2.522	Verb
yar	2.522	Name
yokel	2.522	Noun
zac	2.522	Name
aback	2.496	Adverb
aberrant	2.496	Adjective
absolved	2.496	Verb
absurdly	2.496	Adverb
accuser	2.496	Noun
acronym	2.496	Noun
addendum	2.496	Noun
ade	2.496	Name
advocacy	2.496	Noun
affluent	2.496	Adjective
ageless	2.496	Adjective
ahi	2.496	Noun
aloe	2.496	Noun
ampoules	2.496	Noun
amulets	2.496	Noun
antler	2.496	Noun
ashram	2.496	Noun
aspic	2.496	Noun
ast	2.496	Noun
atter	2.496	Verb
averse	2.496	Adjective
axed	2.496	Verb
azimuth	2.496	Noun
azure	2.496	Noun
backless	2.496	Adjective
baffling	2.496	Adjective
bagpipe	2.496	Noun
baklava	2.496	Noun
bal	2.496	Name
ballots	2.496	Noun
basal	2.496	Adjective
basta	2.496	Noun
beany	2.496	Name
bedbug	2.496	Noun
beholder	2.496	Noun
behoove	2.496	Verb
belling	2.496	Name
beowulf	2.496	Name
bereft	2.496	Adjective
besmirch	2.496	Verb
bigamist	2.496	Noun
bim	2.496	Name
blobs	2.496	Noun
blowback	2.496	Noun
blowup	2.496	Noun
bluesman	2.496	Noun
boilers	2.496	Noun
boneless	2.496	Adjective
bossa	2.496	Noun
bough	2.496	Noun
bowline	2.496	Noun
brachial	2.496	Adjective
bridger	2.496	Name
bridle	2.496	Noun
broil	2.496	Verb
brut	2.496	Noun
buckler	2.496	Name
buffed	2.496	Verb
bung	2.496	Noun
butane	2.496	Noun
buzzers	2.496	Noun
cackle	2.496	Noun
cadence	2.496	Noun
calderon	2.496	Name
candour	2.496	Noun
capita	2.496	Adverb
captor	2.496	Noun
carbine	2.496	Noun
carfax	2.496	Name
caribou	2.496	Noun
carny	2.496	Adjective
caroling	2.496	Verb
cassock	2.496	Noun
caucus	2.496	Noun
centavos	2.496	Noun
chaise	2.496	Noun
chakras	2.496	Noun
chapeau	2.496	Noun
chattel	2.496	Noun
chenille	2.496	Noun
cherubs	2.496	Noun
cheshire	2.496	Name
chicanos	2.496	Noun
chives	2.496	Noun
choker	2.496	Noun
chucking	2.496	Verb
chugging	2.496	Verb
claret	2.496	Noun
clarion	2.496	Noun
clayman	2.496	Name
clerking	2.496	Verb
closings	2.496	Noun
clumpy	2.496	Adjective
commode	2.496	Noun
coms	2.496	Noun
consarn	2.496	Verb
construe	2.496	Verb
coquette	2.496	Noun
courtin	2.496	Noun
coveting	2.496	Verb
creased	2.496	Verb
cred	2.496	Verb
crispin	2.496	Name
cropper	2.496	Noun
croupier	2.496	Noun
crowing	2.496	Verb
cruddy	2.496	Adjective
crux	2.496	Noun
cumulus	2.496	Noun
cursory	2.496	Adjective
cutout	2.496	Noun
daimyo	2.496	Noun
dal	2.496	Noun
damnable	2.496	Adjective
dander	2.496	Noun
darkies	2.496	Noun
dec	2.496	Name
defecate	2.496	Verb
delphine	2.496	Name
denials	2.496	Noun
dens	2.496	Noun
diggings	2.496	Noun
dirtied	2.496	Verb
diskette	2.496	Noun
disowned	2.496	Verb
doily	2.496	Adverb
donnas	2.496	Noun
dosed	2.496	Verb
dotes	2.496	Verb
dowager	2.496	Noun
dredging	2.496	Noun
dripped	2.496	Verb
droves	2.496	Noun
dutiful	2.496	Adjective
dwellers	2.496	Noun
earache	2.496	Noun
eardrum	2.496	Noun
earlobes	2.496	Noun
ecology	2.496	Noun
edging	2.496	Verb
efficacy	2.496	Noun
ejector	2.496	Noun
emergent	2.496	Adjective
emphatic	2.496	Adjective
enfold	2.496	Verb
engorged	2.496	Verb
engrave	2.496	Verb
enhances	2.496	Verb
entrez	2.496	Verb
escargot	2.496	Verb
ethanol	2.496	Noun
evoke	2.496	Verb
excesses	2.496	Noun
exertion	2.496	Noun
failings	2.496	Noun
fain	2.496	Adverb
falsetto	2.496	Noun
fervor	2.496	Noun
filial	2.496	Adjective
filii	2.496	Name
firmer	2.496	Adjective
flavours	2.496	Noun
flog	2.496	Verb
floozies	2.496	Noun
flyte	2.496	Name
forgo	2.496	Verb
fritter	2.496	Verb
fulham	2.496	Name
fumbling	2.496	Verb
fungal	2.496	Adjective
galls	2.496	Verb
galoot	2.496	Noun
gantry	2.496	Noun
gard	2.496	Noun
gassing	2.496	Verb
gayer	2.496	Adjective
genus	2.496	Noun
gerbils	2.496	Noun
glowed	2.496	Verb
glug	2.496	Interjection
godly	2.496	Adjective
goran	2.496	Name
gouged	2.496	Verb
governs	2.496	Verb
grifters	2.496	Noun
guilders	2.496	Noun
gumby	2.496	Name
gunsmith	2.496	Noun
gutting	2.496	Verb
hangnail	2.496	Noun
harridan	2.496	Name
haves	2.496	Noun
haye	2.496	Noun
headman	2.496	Noun
heckler	2.496	Noun
hedgehog	2.496	Noun
heinies	2.496	Noun
hemmed	2.496	Verb
herded	2.496	Verb
hia	2.496	Name
hooded	2.496	Adjective
howitzer	2.496	Noun
hubbub	2.496	Noun
humanely	2.496	Adverb
icicle	2.496	Noun
ident	2.496	Noun
igloo	2.496	Noun
igneous	2.496	Adjective
iguanas	2.496	Noun
implicit	2.496	Adjective
infirm	2.496	Adjective
ingenue	2.496	Noun
inns	2.496	Noun
intruded	2.496	Verb
jabbing	2.496	Verb
jackers	2.496	Name
jai	2.496	Noun
jays	2.496	Noun
jeweled	2.496	Adjective
jotted	2.496	Verb
joystick	2.496	Noun
junco	2.496	Noun
kabobs	2.496	Noun
keyholes	2.496	Noun
kibosh	2.496	Noun
kickback	2.496	Noun
kojima	2.496	Name
kondo	2.496	Name
kowtow	2.496	Verb
laboring	2.496	Verb
lackeys	2.496	Noun
laddies	2.496	Noun
leashes	2.496	Noun
leek	2.496	Noun
leto	2.496	Name
linkage	2.496	Noun
logbook	2.496	Noun
lustrous	2.496	Adjective
lysol	2.496	Name
mage	2.496	Noun
magics	2.496	Noun
malaga	2.496	Name
malee	2.496	Noun
manta	2.496	Noun
mantua	2.496	Name
mariana	2.496	Name
mauling	2.496	Verb
maxi	2.496	Adjective
meddled	2.496	Verb
meddler	2.496	Noun
mediator	2.496	Noun
mensa	2.496	Name
merch	2.496	Noun
milling	2.496	Noun
mimosas	2.496	Noun
minuet	2.496	Noun
miseries	2.496	Noun
mistreat	2.496	Verb
mists	2.496	Noun
mitzvahs	2.496	Noun
modelled	2.496	Verb
molehill	2.496	Noun
mos	2.496	Name
mourns	2.496	Verb
movable	2.496	Adjective
mums	2.496	Noun
muumuu	2.496	Noun
nadir	2.496	Name
neatest	2.496	Adjective
neckline	2.496	Noun
newsmen	2.496	Noun
nielsen	2.496	Name
nomadic	2.496	Adjective
novocain	2.496	Noun
nudging	2.496	Verb
objector	2.496	Noun
octonal	2.496	Name
omni	2.496	Noun
optimal	2.496	Adjective
osiris	2.496	Name
osmosis	2.496	Noun
overrule	2.496	Verb
palatial	2.496	Adjective
pampers	2.496	Verb
paragon	2.496	Noun
pardo	2.496	Name
parlance	2.496	Noun
parte	2.496	Adverb
payrolls	2.496	Noun
peaking	2.496	Verb
peddlers	2.496	Noun
peeler	2.496	Noun
persists	2.496	Verb
phallic	2.496	Adjective
photons	2.496	Noun
phrased	2.496	Verb
pigment	2.496	Noun
pinewood	2.496	Name
pisa	2.496	Name
planters	2.496	Noun
pleural	2.496	Adjective
plink	2.496	Verb
polecat	2.496	Noun
popes	2.496	Noun
porous	2.496	Adjective
posies	2.496	Noun
postwar	2.496	Adjective
poultice	2.496	Noun
preclude	2.496	Verb
presided	2.496	Verb
preyed	2.496	Verb
primeval	2.496	Adjective
proms	2.496	Noun
prong	2.496	Noun
pseudo	2.496	Adjective
puffer	2.496	Noun
punky	2.496	Adjective
pyre	2.496	Noun
qualms	2.496	Noun
quasar	2.496	Noun
quatre	2.496	Noun
rafts	2.496	Noun
railings	2.496	Noun
rallying	2.496	Verb
ratting	2.496	Verb
ravish	2.496	Verb
rebuke	2.496	Verb
recuse	2.496	Verb
redbeard	2.496	Name
redefine	2.496	Verb
regress	2.496	Verb
rehired	2.496	Verb
residing	2.496	Verb
retch	2.496	Name
retinas	2.496	Noun
rhymed	2.496	Verb
richness	2.496	Noun
ricin	2.496	Noun
rigatoni	2.496	Noun
rioters	2.496	Noun
roc	2.496	Name
router	2.496	Noun
sae	2.496	Noun
saith	2.496	Noun
schnoz	2.496	Noun
scooters	2.496	Noun
scry	2.496	Noun
scylla	2.496	Name
sed	2.496	Name
sei	2.496	Unclassified
serbian	2.496	Adjective
shabbos	2.496	Name
sherpa	2.496	Noun
shetland	2.496	Name
shied	2.496	Verb
shifter	2.496	Noun
shinbone	2.496	Noun
shippen	2.496	Name
showy	2.496	Adjective
sil	2.496	Name
skewers	2.496	Noun
skinhead	2.496	Noun
skol	2.496	Name
skulk	2.496	Verb
slabs	2.496	Noun
slayed	2.496	Verb
slits	2.496	Noun
slowdown	2.496	Noun
sneezy	2.496	Name
snicker	2.496	Noun
soused	2.496	Verb
spann	2.496	Name
spigot	2.496	Noun
spindly	2.496	Adjective
sprocket	2.496	Noun
spurred	2.496	Verb
squalid	2.496	Adjective
squalor	2.496	Noun
squirted	2.496	Verb
stealthy	2.496	Adjective
steeped	2.496	Verb
stifle	2.496	Verb
stingray	2.496	Name
stoneman	2.496	Name
stringer	2.496	Noun
stunted	2.496	Adjective
stutters	2.496	Verb
sudanese	2.496	Adjective
sugary	2.496	Adjective
sullied	2.496	Verb
surest	2.496	Adjective
surveyed	2.496	Verb
sustains	2.496	Verb
tackles	2.496	Verb
tammany	2.496	Name
tarred	2.496	Verb
tasker	2.496	Noun
taxation	2.496	Noun
taxing	2.496	Verb
tenner	2.496	Noun
tenured	2.496	Verb
thermals	2.496	Noun
thither	2.496	Adverb
tics	2.496	Noun
tightest	2.496	Adjective
tint	2.496	Noun
toggle	2.496	Noun
toi	2.496	Noun
tomboy	2.496	Noun
tonics	2.496	Noun
trackers	2.496	Noun
trappers	2.496	Noun
treatise	2.496	Noun
trilling	2.496	Name
trimmer	2.496	Noun
trumped	2.496	Verb
tubal	2.496	Name
tunis	2.496	Name
tunisia	2.496	Name
tuts	2.496	Verb
tweaker	2.496	Noun
twiddle	2.496	Verb
unbiased	2.496	Adjective
unfolded	2.496	Verb
uniting	2.496	Verb
untangle	2.496	Verb
untill	2.496	Verb
utopian	2.496	Adjective
valour	2.496	Noun
vandal	2.496	Noun
venal	2.496	Adjective
vermeil	2.496	Name
vestige	2.496	Noun
vetted	2.496	Verb
vibrates	2.496	Verb
villainy	2.496	Noun
volga	2.496	Name
volition	2.496	Noun
wafer	2.496	Noun
wagered	2.496	Verb
warring	2.496	Adjective
wasabi	2.496	Noun
wavering	2.496	Verb
weedy	2.496	Adjective
wheres	2.496	Name
withal	2.496	Adverb
wombat	2.496	Noun
wonton	2.496	Noun
woodwind	2.496	Noun
worrier	2.496	Noun
wrenches	2.496	Noun
wretches	2.496	Noun
yearns	2.496	Verb
zealous	2.496	Adjective
abandons	2.468	Verb
absences	2.468	Noun
acuity	2.468	Noun
acutely	2.468	Adverb
aerosol	2.468	Noun
aesop	2.468	Name
affords	2.468	Verb
aimless	2.468	Adjective
airlift	2.468	Noun
akin	2.468	Adjective
alcalde	2.468	Noun
alerts	2.468	Noun
allotted	2.468	Verb
alluded	2.468	Verb
amargosa	2.468	Name
amis	2.468	Noun
amniotic	2.468	Adjective
aperture	2.468	Noun
apricots	2.468	Noun
aries	2.468	Name
armband	2.468	Noun
aromatic	2.468	Adjective
arouses	2.468	Verb
askew	2.468	Adjective
assuring	2.468	Verb
auditing	2.468	Verb
auguste	2.468	Name
avatar	2.468	Noun
avengers	2.468	Noun
aweigh	2.468	Verb
backwash	2.468	Noun
baguette	2.468	Noun
banal	2.468	Adjective
bangles	2.468	Noun
barfed	2.468	Verb
barstool	2.468	Noun
basilar	2.468	Adjective
batches	2.468	Noun
beet	2.468	Noun
bejesus	2.468	Noun
bengal	2.468	Adjective
benthic	2.468	Adjective
beset	2.468	Verb
besiege	2.468	Verb
bilious	2.468	Adjective
blather	2.468	Noun
blends	2.468	Verb
boasted	2.468	Verb
bogota	2.468	Name
borealis	2.468	Noun
boroughs	2.468	Noun
bosh	2.468	Name
boswell	2.468	Name
botanist	2.468	Noun
braced	2.468	Verb
brothels	2.468	Noun
buggered	2.468	Verb
bulldoze	2.468	Verb
bunyan	2.468	Name
busing	2.468	Verb
bustling	2.468	Adjective
calden	2.468	Name
calliope	2.468	Noun
cancan	2.468	Noun
candied	2.468	Verb
careys	2.468	Name
caritas	2.468	Name
cassino	2.468	Name
catlike	2.468	Adjective
caverns	2.468	Noun
caxton	2.468	Name
chesty	2.468	Adjective
chit	2.468	Noun
chomping	2.468	Verb
civvies	2.468	Noun
clacking	2.468	Verb
claptrap	2.468	Noun
classier	2.468	Adjective
cleverer	2.468	Adjective
clutched	2.468	Verb
cohorts	2.468	Noun
concoct	2.468	Verb
condense	2.468	Verb
connex	2.468	Name
contour	2.468	Noun
cooly	2.468	Name
cossacks	2.468	Noun
couscous	2.468	Adjective
cowering	2.468	Verb
crasher	2.468	Noun
cricoid	2.468	Adjective
crip	2.468	Noun
crooner	2.468	Noun
croup	2.468	Noun
cubicles	2.468	Noun
cuidado	2.468	Noun
cush	2.468	Noun
cusp	2.468	Noun
cutesy	2.468	Adjective
dabbling	2.468	Verb
dais	2.468	Noun
danged	2.468	Verb
dangler	2.468	Noun
deafness	2.468	Noun
debs	2.468	Name
delve	2.468	Verb
depots	2.468	Noun
derives	2.468	Verb
dervish	2.468	Noun
devising	2.468	Verb
diatribe	2.468	Noun
diazepam	2.468	Noun
dilantin	2.468	Noun
dispel	2.468	Verb
disrobe	2.468	Verb
divot	2.468	Name
dreidel	2.468	Noun
duality	2.468	Noun
duels	2.468	Noun
duffle	2.468	Noun
duller	2.468	Adjective
dumpy	2.468	Adjective
duodenum	2.468	Noun
dur	2.468	Verb
easel	2.468	Noun
eff	2.468	Verb
effigy	2.468	Noun
effing	2.468	Adjective
elated	2.468	Adjective
elvish	2.468	Adjective
embers	2.468	Noun
emigrate	2.468	Verb
engulfed	2.468	Verb
enrage	2.468	Verb
enrich	2.468	Verb
enthused	2.468	Verb
entombed	2.468	Verb
esprit	2.468	Noun
estonia	2.468	Name
esu	2.468	Name
excepted	2.468	Verb
excludes	2.468	Verb
exes	2.468	Noun
expended	2.468	Verb
extubate	2.468	Verb
fared	2.468	Verb
ferns	2.468	Noun
figurine	2.468	Noun
finery	2.468	Noun
fixating	2.468	Verb
fixings	2.468	Noun
flaked	2.468	Verb
flattop	2.468	Noun
flypaper	2.468	Noun
foal	2.468	Noun
foamy	2.468	Noun
fob	2.468	Noun
foggiest	2.468	Adjective
footpath	2.468	Noun
foraging	2.468	Verb
forked	2.468	Adjective
fringes	2.468	Noun
frocks	2.468	Noun
frogger	2.468	Noun
fug	2.468	Verb
gangly	2.468	Adjective
ganja	2.468	Noun
garnett	2.468	Name
gats	2.468	Noun
gawky	2.468	Adjective
genies	2.468	Noun
giblets	2.468	Noun
glimpsed	2.468	Verb
gnats	2.468	Noun
gobi	2.468	Noun
goldmine	2.468	Noun
golem	2.468	Noun
goodrich	2.468	Name
goonies	2.468	Noun
gouda	2.468	Name
grates	2.468	Noun
gridlock	2.468	Noun
grubbing	2.468	Verb
guilder	2.468	Noun
gulliver	2.468	Name
hacky	2.468	Adjective
hags	2.468	Noun
hallows	2.468	Name
haps	2.468	Noun
harms	2.468	Verb
harpoons	2.468	Noun
hassled	2.468	Verb
headcase	2.468	Noun
hearties	2.468	Noun
heigh	2.468	Noun
hernias	2.468	Noun
heron	2.468	Noun
highline	2.468	Name
hiker	2.468	Noun
hindered	2.468	Verb
hollowed	2.468	Verb
hom	2.468	Noun
honeydew	2.468	Noun
hosing	2.468	Verb
hubris	2.468	Noun
humerus	2.468	Noun
hunh	2.468	Noun
icons	2.468	Noun
ilk	2.468	Noun
imitated	2.468	Verb
immerse	2.468	Verb
imp	2.468	Noun
impasse	2.468	Noun
incised	2.468	Adjective
infest	2.468	Verb
instill	2.468	Verb
insulate	2.468	Verb
inverse	2.468	Adjective
ire	2.468	Noun
ishmael	2.468	Name
isotopes	2.468	Noun
jaguars	2.468	Noun
jailbait	2.468	Noun
jaundice	2.468	Noun
jibber	2.468	Noun
jinks	2.468	Noun
joules	2.468	Noun
kant	2.468	Name
kikes	2.468	Noun
kipper	2.468	Noun
knell	2.468	Noun
kuan	2.468	Name
labia	2.468	Noun
lampwick	2.468	Name
laptops	2.468	Noun
larks	2.468	Noun
laurels	2.468	Noun
legate	2.468	Noun
leotards	2.468	Noun
levelled	2.468	Verb
lighters	2.468	Noun
livable	2.468	Adjective
lob	2.468	Verb
lockjaw	2.468	Noun
lonelier	2.468	Adjective
loosing	2.468	Verb
lothario	2.468	Noun
lucidity	2.468	Noun
lummox	2.468	Noun
lymph	2.468	Noun
malted	2.468	Adjective
mammon	2.468	Noun
manchu	2.468	Name
mangle	2.468	Verb
mannish	2.468	Verb
mastodon	2.468	Noun
matte	2.468	Noun
maypole	2.468	Noun
mediate	2.468	Verb
melee	2.468	Noun
messrs	2.468	Noun
metre	2.468	Noun
mickle	2.468	Name
midfield	2.468	Noun
mils	2.468	Noun
mincing	2.468	Verb
minie	2.468	Noun
minnow	2.468	Noun
misprint	2.468	Noun
moaned	2.468	Verb
monogram	2.468	Noun
moocher	2.468	Noun
mortally	2.468	Adverb
munching	2.468	Verb
mus	2.468	Noun
mussel	2.468	Noun
mutating	2.468	Verb
nary	2.468	Noun
nastier	2.468	Adjective
negatory	2.468	Adjective
neutrons	2.468	Noun
newsboy	2.468	Noun
nieves	2.468	Name
nighty	2.468	Noun
nuances	2.468	Noun
nuked	2.468	Verb
octave	2.468	Noun
odorless	2.468	Adjective
ogling	2.468	Verb
omit	2.468	Verb
oomiak	2.468	Name
opa	2.468	Noun
operatic	2.468	Adjective
ors	2.468	Noun
outflank	2.468	Verb
outthink	2.468	Verb
ova	2.468	Noun
overland	2.468	Noun
overstep	2.468	Verb
overt	2.468	Adjective
oxymoron	2.468	Noun
paced	2.468	Verb
paella	2.468	Noun
palaver	2.468	Noun
parr	2.468	Name
passable	2.468	Adjective
passe	2.468	Adjective
pastel	2.468	Adjective
patria	2.468	Name
peckish	2.468	Verb
pecks	2.468	Noun
pegs	2.468	Noun
peptides	2.468	Noun
pertain	2.468	Verb
petunias	2.468	Noun
piecing	2.468	Verb
piffle	2.468	Verb
pinks	2.468	Noun
pitfalls	2.468	Noun
pities	2.468	Verb
pontoon	2.468	Noun
pooled	2.468	Verb
praetor	2.468	Noun
praline	2.468	Noun
prancer	2.468	Name
prawns	2.468	Noun
precede	2.468	Verb
preset	2.468	Adjective
previews	2.468	Noun
pricing	2.468	Noun
priss	2.468	Noun
prius	2.468	Name
prods	2.468	Noun
prompts	2.468	Verb
pronouns	2.468	Noun
prosaic	2.468	Adjective
psyching	2.468	Verb
puerile	2.468	Adjective
punisher	2.468	Noun
pupa	2.468	Noun
pvt	2.468	Name
quacking	2.468	Verb
quaking	2.468	Verb
quicken	2.468	Verb
quinton	2.468	Name
quivers	2.468	Verb
rafting	2.468	Noun
ransack	2.468	Verb
rathe	2.468	Name
ratified	2.468	Verb
ratios	2.468	Noun
realign	2.468	Verb
realtors	2.468	Noun
reapply	2.468	Adverb
rebounds	2.468	Noun
redd	2.468	Name
regimes	2.468	Noun
reliance	2.468	Noun
repeater	2.468	Noun
rescuer	2.468	Noun
revising	2.468	Verb
rie	2.468	Name
rind	2.468	Noun
ripen	2.468	Verb
rotator	2.468	Noun
rotgut	2.468	Noun
roubles	2.468	Noun
rowed	2.468	Verb
sabe	2.468	Noun
sadists	2.468	Noun
saltines	2.468	Noun
saluted	2.468	Verb
sanded	2.468	Verb
sandrock	2.468	Name
savagery	2.468	Noun
savile	2.468	Name
scala	2.468	Name
scald	2.468	Verb
scalper	2.468	Noun
scapula	2.468	Noun
schmaltz	2.468	Noun
seconal	2.468	Adjective
sequined	2.468	Adjective
shaming	2.468	Verb
shamrock	2.468	Noun
shanked	2.468	Verb
sharif	2.468	Name
shazam	2.468	Verb
shee	2.468	Noun
shill	2.468	Noun
shitheel	2.468	Noun
shrub	2.468	Noun
sickened	2.468	Verb
sinewy	2.468	Adjective
siphon	2.468	Verb
skied	2.468	Verb
skinnier	2.468	Adjective
skye	2.468	Name
skylark	2.468	Name
slaver	2.468	Noun
sluice	2.468	Noun
slurred	2.468	Verb
smallish	2.468	Adjective
snit	2.468	Noun
snooker	2.468	Noun
snookums	2.468	Noun
snoozing	2.468	Verb
snuggles	2.468	Noun
sobers	2.468	Verb
solver	2.468	Noun
sombrero	2.468	Noun
sonogram	2.468	Noun
sook	2.468	Verb
sop	2.468	Noun
soph	2.468	Name
sopranos	2.468	Noun
sorbet	2.468	Noun
soybeans	2.468	Noun
specks	2.468	Noun
spiced	2.468	Adjective
splints	2.468	Noun
sporadic	2.468	Adjective
sprucing	2.468	Verb
spyglass	2.468	Noun
squeaker	2.468	Noun
squeegee	2.468	Noun
staffing	2.468	Noun
staggers	2.468	Noun
stagnant	2.468	Adjective
staining	2.468	Verb
stammer	2.468	Verb
starched	2.468	Verb
startup	2.468	Noun
steely	2.468	Adjective
stinko	2.468	Noun
strainer	2.468	Noun
striding	2.468	Verb
stroked	2.468	Verb
stymied	2.468	Verb
subsided	2.468	Verb
sultry	2.468	Adjective
sump	2.468	Noun
swales	2.468	Name
sweepers	2.468	Noun
swirly	2.468	Adverb
synopsis	2.468	Noun
tacoma	2.468	Name
tactless	2.468	Adjective
tahitian	2.468	Adjective
tallis	2.468	Name
tamales	2.468	Noun
tarragon	2.468	Noun
tatoo	2.468	Noun
teardrop	2.468	Noun
teaser	2.468	Noun
temping	2.468	Verb
templar	2.468	Noun
tenacity	2.468	Noun
terre	2.468	Name
thence	2.468	Adverb
thievery	2.468	Noun
thimble	2.468	Noun
thinly	2.468	Adverb
thrall	2.468	Noun
ticky	2.468	Name
tigress	2.468	Noun
tiptop	2.468	Noun
traipse	2.468	Verb
treetops	2.468	Noun
trellis	2.468	Noun
trembles	2.468	Verb
trowel	2.468	Noun
trussed	2.468	Verb
tsetse	2.468	Verb
tubular	2.468	Adjective
tugs	2.468	Verb
tumours	2.468	Noun
tundra	2.468	Noun
turco	2.468	Name
twerps	2.468	Noun
tykes	2.468	Noun
umber	2.468	Noun
uncaring	2.468	Adjective
unify	2.468	Verb
unmask	2.468	Verb
unstrap	2.468	Verb
unusable	2.468	Adjective
unveiled	2.468	Verb
upping	2.468	Verb
uprooted	2.468	Adjective
urbana	2.468	Name
urinated	2.468	Verb
vaguest	2.468	Adjective
valois	2.468	Name
vapid	2.468	Adjective
varicose	2.468	Adjective
vestal	2.468	Adjective
vocalist	2.468	Noun
vying	2.468	Verb
waging	2.468	Verb
wap	2.468	Verb
wardroom	2.468	Noun
warlike	2.468	Adjective
wheezy	2.468	Adjective
whiner	2.468	Noun
whiney	2.468	Noun
wickiup	2.468	Noun
widened	2.468	Verb
widening	2.468	Verb
wielding	2.468	Verb
wingding	2.468	Noun
wipeout	2.468	Noun
wiseguy	2.468	Noun
witching	2.468	Adjective
woohoo	2.468	Noun
worded	2.468	Verb
wording	2.468	Noun
wrung	2.468	Verb
yech	2.468	Verb
yeti	2.468	Noun
yoyo	2.468	Name
yucca	2.468	Noun
zaire	2.468	Name
zydeco	2.468	Noun
aborting	2.438	Verb
accrued	2.438	Verb
advert	2.438	Noun
advisee	2.438	Noun
advisers	2.438	Noun
afresh	2.438	Adverb
aint	2.438	#N/A
airtime	2.438	Noun
akasha	2.438	Noun
amicable	2.438	Adjective
anemone	2.438	Noun
anorexia	2.438	Noun
antibody	2.438	Noun
arachnid	2.438	Adjective
argosy	2.438	Adjective
armenia	2.438	Name
asserts	2.438	Verb
athenian	2.438	Adjective
aussie	2.438	Noun
aviators	2.438	Noun
avionics	2.438	Noun
avocados	2.438	Noun
bac	2.438	Name
backache	2.438	Noun
backhoe	2.438	Noun
baggies	2.438	Noun
balian	2.438	Adjective
ballets	2.438	Noun
banco	2.438	Name
basset	2.438	Noun
bast	2.438	Noun
bathmat	2.438	Noun
baying	2.438	Verb
bazookas	2.438	Noun
beaks	2.438	Noun
bearers	2.438	Noun
becks	2.438	Name
bedouin	2.438	Noun
beeman	2.438	Name
beguine	2.438	Noun
belfry	2.438	Noun
bellboys	2.438	Noun
beltway	2.438	Noun
berate	2.438	Verb
besieged	2.438	Verb
bibs	2.438	Noun
blanch	2.438	Verb
blanked	2.438	Verb
blatch	2.438	Name
blighty	2.438	Name
blithely	2.438	Adverb
blotted	2.438	Verb
blunders	2.438	Noun
blurb	2.438	Noun
blushes	2.438	Noun
boatyard	2.438	Noun
bolivian	2.438	Adjective
bower	2.438	Noun
bowles	2.438	Name
braggart	2.438	Noun
brandies	2.438	Noun
braved	2.438	Verb
broached	2.438	Verb
broiled	2.438	Verb
bullring	2.438	Noun
butchery	2.438	Noun
bygone	2.438	Adjective
cabal	2.438	Noun
cabarets	2.438	Noun
callow	2.438	Adjective
canc	2.438	Noun
canines	2.438	Noun
cannery	2.438	Noun
caracas	2.438	Name
cardin	2.438	Name
carting	2.438	Verb
carvel	2.438	Name
catgut	2.438	Noun
caulk	2.438	Verb
chafe	2.438	Verb
chawk	2.438	Verb
chekhov	2.438	Name
chomp	2.438	Verb
choppy	2.438	Adjective
chub	2.438	Noun
clubbed	2.438	Verb
codpiece	2.438	Noun
colonize	2.438	Verb
comings	2.438	Noun
complied	2.438	Verb
consoled	2.438	Verb
copulate	2.438	Verb
corked	2.438	Verb
corroded	2.438	Verb
cosign	2.438	Verb
costar	2.438	Noun
coucher	2.438	Noun
crafting	2.438	Verb
crawfish	2.438	Noun
cribbage	2.438	Noun
crisps	2.438	Noun
cropped	2.438	Verb
crouton	2.438	Noun
crowed	2.438	Verb
cud	2.438	Noun
cumming	2.438	Verb
curable	2.438	Adjective
curran	2.438	Name
cymbal	2.438	Adjective
daemon	2.438	Name
darya	2.438	Name
deadlier	2.438	Adjective
dearer	2.438	Adjective
debussy	2.438	Noun
declines	2.438	Verb
deepen	2.438	Verb
deflate	2.438	Verb
dem	2.438	Unclassified
devours	2.438	Verb
dices	2.438	Noun
dimmed	2.438	Verb
dimming	2.438	Verb
dishing	2.438	Verb
dislodge	2.438	Verb
disrupts	2.438	Verb
distaste	2.438	Noun
dogma	2.438	Noun
donates	2.438	Verb
doorstop	2.438	Noun
doting	2.438	Adjective
downbeat	2.438	Noun
dreck	2.438	Noun
dun	2.438	Noun
dusters	2.438	Noun
dustpan	2.438	Noun
dyslexia	2.438	Noun
echoed	2.438	Verb
ejecting	2.438	Verb
eldorado	2.438	Name
eluding	2.438	Verb
embodies	2.438	Verb
emitting	2.438	Verb
enormity	2.438	Noun
eon	2.438	Noun
erupting	2.438	Verb
erupts	2.438	Verb
etruscan	2.438	Adjective
evokes	2.438	Verb
execs	2.438	Noun
facet	2.438	Noun
faiths	2.438	Noun
familial	2.438	Adjective
farthing	2.438	Noun
fatale	2.438	Noun
fatted	2.438	Adjective
favoured	2.438	Verb
fawning	2.438	Verb
fedora	2.438	Noun
fibrous	2.438	Adjective
filippo	2.438	Name
finches	2.438	Noun
flapjack	2.438	Noun
flexed	2.438	Verb
flied	2.438	Verb
flings	2.438	Verb
flitting	2.438	Verb
floaters	2.438	Noun
florins	2.438	Noun
flotsam	2.438	Noun
flunkies	2.438	Noun
foder	2.438	Verb
fondest	2.438	Adjective
footstep	2.438	Noun
fora	2.438	Noun
foulest	2.438	Adjective
fouling	2.438	Verb
frag	2.438	Verb
frothing	2.438	Verb
funks	2.438	Noun
funnily	2.438	Adverb
furrier	2.438	Adjective
gamut	2.438	Noun
garcon	2.438	Noun
gated	2.438	Adjective
gauss	2.438	Noun
geezers	2.438	Noun
geist	2.438	Noun
gena	2.438	Noun
georgian	2.438	Adjective
glazer	2.438	Name
goalpost	2.438	Noun
goodyear	2.438	Noun
gorlois	2.438	Name
gossips	2.438	Noun
goto	2.438	Noun
grasses	2.438	Noun
greasers	2.438	Name
grins	2.438	Noun
gripes	2.438	Noun
grunion	2.438	Name
guava	2.438	Noun
gulps	2.438	Verb
gypsum	2.438	Noun
halcyon	2.438	Name
halifax	2.438	Name
handset	2.438	Noun
hangars	2.438	Noun
hardness	2.438	Noun
harvests	2.438	Noun
hau	2.438	Name
havent	2.438	Verb
havers	2.438	Name
haydn	2.438	Name
heaped	2.438	Verb
hellos	2.438	Noun
heredity	2.438	Noun
hereford	2.438	Name
hissed	2.438	Verb
hoc	2.438	Adjective
honeybun	2.438	Verb
horner	2.438	Name
hotdogs	2.438	Noun
howled	2.438	Verb
hrs	2.438	Noun
humbling	2.438	Adjective
hunched	2.438	Verb
hungrier	2.438	Adjective
hurly	2.438	Name
hydro	2.438	Noun
ignites	2.438	Verb
importer	2.438	Noun
inflame	2.438	Verb
influx	2.438	Noun
infused	2.438	Verb
injuring	2.438	Verb
inkwell	2.438	Noun
inlay	2.438	Noun
insofar	2.438	Conjunction
invalids	2.438	Noun
irises	2.438	Noun
ironies	2.438	Noun
ism	2.438	Unclassified
jad	2.438	Name
jee	2.438	Name
jetty	2.438	Noun
joists	2.438	Noun
juiced	2.438	Verb
jurist	2.438	Noun
kaffir	2.438	Noun
kala	2.438	Name
kebabs	2.438	Noun
kidded	2.438	Verb
killick	2.438	Verb
labeling	2.438	Verb
lagging	2.438	Verb
lapses	2.438	Noun
larva	2.438	Noun
lawgiver	2.438	Noun
leaflets	2.438	Noun
lefties	2.438	Noun
leggings	2.438	Noun
licences	2.438	Noun
linguine	2.438	Noun
litmus	2.438	Noun
livelong	2.438	Noun
lodger	2.438	Noun
loiter	2.438	Noun
loring	2.438	Name
lovelies	2.438	Noun
luge	2.438	Noun
lugs	2.438	Noun
lux	2.438	Name
magnesia	2.438	Noun
maire	2.438	Name
majorly	2.438	Adverb
mandated	2.438	Verb
maser	2.438	Noun
masons	2.438	Noun
masse	2.438	Adverb
matzah	2.438	Noun
meany	2.438	Noun
menthe	2.438	Noun
mesozoic	2.438	Adjective
mezuzah	2.438	Noun
migrant	2.438	Noun
mino	2.438	Noun
minted	2.438	Verb
mired	2.438	Verb
misjudge	2.438	Verb
misspoke	2.438	Verb
modred	2.438	Adjective
mongols	2.438	Noun
mooned	2.438	Verb
mooring	2.438	Adjective
morgen	2.438	Unclassified
mortem	2.438	Adjective
mounties	2.438	Noun
mucosa	2.438	Noun
mulatto	2.438	Noun
myelin	2.438	Noun
myopic	2.438	Adjective
myrrh	2.438	Noun
narcs	2.438	Noun
narrowly	2.438	Adverb
newbies	2.438	Noun
newborns	2.438	Noun
newness	2.438	Noun
nikon	2.438	Noun
nitwits	2.438	Noun
noh	2.438	Noun
nomads	2.438	Noun
noons	2.438	Noun
norther	2.438	Name
noting	2.438	Verb
nouns	2.438	Noun
nozzles	2.438	Noun
obi	2.438	Noun
obtuse	2.438	Adjective
oleic	2.438	Adjective
orgasmic	2.438	Adjective
overhand	2.438	Adjective
overman	2.438	Name
pacer	2.438	Noun
pagers	2.438	Noun
pained	2.438	Adjective
paler	2.438	Adjective
parkin	2.438	Noun
paupers	2.438	Noun
paused	2.438	Verb
pavlova	2.438	Name
peat	2.438	Noun
penang	2.438	Name
pesetas	2.438	Noun
peso	2.438	Noun
petto	2.438	Name
phrasing	2.438	Noun
physic	2.438	Noun
piccata	2.438	Noun
pimped	2.438	Verb
pincer	2.438	Noun
pinecone	2.438	Noun
pinkies	2.438	Noun
piped	2.438	Verb
pique	2.438	Noun
pittance	2.438	Noun
planks	2.438	Noun
pleats	2.438	Noun
plying	2.438	Verb
polled	2.438	Verb
polyp	2.438	Noun
poplar	2.438	Noun
postings	2.438	Noun
preaches	2.438	Verb
preempt	2.438	Verb
prepaid	2.438	Adjective
presidio	2.438	Name
preys	2.438	Noun
prided	2.438	Verb
prob	2.438	Noun
profiled	2.438	Verb
prongs	2.438	Noun
prophesy	2.438	Verb
pubis	2.438	Noun
pueblo	2.438	Noun
pulleys	2.438	Noun
pullover	2.438	Noun
pummel	2.438	Verb
pythons	2.438	Noun
quads	2.438	Noun
quantify	2.438	Verb
quinto	2.438	Name
railways	2.438	Noun
rapped	2.438	Verb
readjust	2.438	Verb
realises	2.438	Verb
reals	2.438	Noun
reassess	2.438	Verb
recites	2.438	Verb
redder	2.438	Adjective
redial	2.438	Adjective
redskin	2.438	Noun
reeve	2.438	Name
refining	2.438	Verb
refocus	2.438	Noun
regents	2.438	Name
reinvent	2.438	Verb
relent	2.438	Adjective
remus	2.438	Name
renovate	2.438	Verb
renter	2.438	Noun
reprisal	2.438	Noun
repulse	2.438	Verb
retort	2.438	Noun
rhinos	2.438	Noun
ricotta	2.438	Noun
rincon	2.438	Name
roan	2.438	Noun
roasts	2.438	Noun
roofing	2.438	Noun
ropers	2.438	Name
rosebuds	2.438	Noun
roughage	2.438	Noun
rubes	2.438	Noun
sabres	2.438	Noun
sacker	2.438	Noun
salient	2.438	Adjective
sampan	2.438	Noun
sau	2.438	Name
savoring	2.438	Verb
scamper	2.438	Verb
sciatica	2.438	Noun
scoped	2.438	Verb
scribe	2.438	Noun
scrubber	2.438	Noun
scuttled	2.438	Verb
sects	2.438	Noun
secures	2.438	Verb
seers	2.438	Noun
selects	2.438	Verb
sexless	2.438	Adjective
shagged	2.438	Verb
shirk	2.438	Verb
shoehorn	2.438	Noun
shorn	2.438	Verb
shuck	2.438	Verb
siena	2.438	Name
simile	2.438	Noun
singe	2.438	Verb
sisi	2.438	Name
sisterly	2.438	Adjective
sitar	2.438	Noun
skewed	2.438	Verb
skimp	2.438	Verb
slashes	2.438	Verb
slitting	2.438	Verb
smartie	2.438	Noun
smote	2.438	Verb
sniffle	2.438	Noun
sniping	2.438	Verb
sodomite	2.438	Noun
sofer	2.438	Noun
soiling	2.438	Verb
sojourn	2.438	Noun
solidly	2.438	Adverb
sot	2.438	Noun
spake	2.438	Verb
spatulas	2.438	Noun
spelt	2.438	Verb
spenders	2.438	Noun
spitball	2.438	Noun
sprouted	2.438	Verb
sputum	2.438	Noun
stadiums	2.438	Noun
stallman	2.438	Name
stammers	2.438	Verb
steno	2.438	Noun
stipes	2.438	Name
storey	2.438	Noun
stressor	2.438	Noun
stylists	2.438	Noun
subbing	2.438	Verb
suitably	2.438	Adverb
sundry	2.438	Adjective
sunspot	2.438	Noun
supermen	2.438	Noun
surefire	2.438	Noun
surveil	2.438	Verb
surveyor	2.438	Noun
suz	2.438	Name
swanky	2.438	Adjective
swatted	2.438	Verb
taboos	2.438	Noun
takedown	2.438	Noun
tanka	2.438	Name
tats	2.438	Noun
tedium	2.438	Noun
tentacle	2.438	Noun
texaco	2.438	Name
thuggee	2.438	Noun
thwaite	2.438	Name
tien	2.438	Name
tightens	2.438	Verb
toasters	2.438	Noun
tonnage	2.438	Noun
toppling	2.438	Verb
torching	2.438	Verb
torturer	2.438	Noun
tosser	2.438	Noun
tra	2.438	Noun
tracheal	2.438	Adjective
treetop	2.438	Noun
triceps	2.438	Noun
trifled	2.438	Verb
tubed	2.438	Verb
turncoat	2.438	Noun
tuscan	2.438	Adjective
tusk	2.438	Noun
twill	2.438	Noun
twisters	2.438	Noun
unawares	2.438	Adverb
undid	2.438	Verb
unknowns	2.438	Noun
unmade	2.438	Adjective
unsung	2.438	Adjective
unzipped	2.438	Verb
uplift	2.438	Noun
ursa	2.438	Name
vacuums	2.438	Noun
vexing	2.438	Verb
vill	2.438	Verb
viscous	2.438	Adjective
vizier	2.438	Noun
volta	2.438	Name
vox	2.438	Name
wags	2.438	Noun
wakened	2.438	Verb
wane	2.438	Verb
waylaid	2.438	Verb
wayside	2.438	Noun
wean	2.438	Verb
welts	2.438	Noun
whinny	2.438	Noun
whisker	2.438	Noun
witchy	2.438	Adjective
wolfbane	2.438	Noun
woodsy	2.438	Adjective
workday	2.438	Noun
wormer	2.438	Name
worsens	2.438	Verb
xmas	2.438	Noun
yawp	2.438	Verb
yodeling	2.438	Verb
yore	2.438	Noun
ziti	2.438	Noun
zonked	2.438	Verb
abacus	2.406	Noun
abhor	2.406	Verb
academia	2.406	Noun
achiever	2.406	Verb
acton	2.406	Name
adagio	2.406	Noun
ageism	2.406	Noun
agonies	2.406	Noun
agonized	2.406	Verb
ahchoo	2.406	Noun
airfare	2.406	Noun
ald	2.406	Noun
alia	2.406	Noun
allegory	2.406	Noun
alleles	2.406	Noun
alt	2.406	Name
amounted	2.406	Verb
anagrams	2.406	Noun
analog	2.406	Noun
anemones	2.406	Noun
angled	2.406	Verb
aphids	2.406	Noun
applauds	2.406	Verb
arcades	2.406	Noun
archway	2.406	Noun
arent	2.406	#N/A
armful	2.406	Noun
aryans	2.406	Noun
auckland	2.406	Name
audubon	2.406	Noun
aux	2.406	Unclassified
awoken	2.406	Verb
baas	2.406	Noun
babel	2.406	Name
badlands	2.406	Noun
badmouth	2.406	Noun
bae	2.406	Name
bairn	2.406	Noun
baldness	2.406	Noun
bandana	2.406	Noun
bandidos	2.406	Noun
banyan	2.406	Adjective
barbas	2.406	Name
barbers	2.406	Noun
barbs	2.406	Noun
barr	2.406	Name
baster	2.406	Noun
bathes	2.406	Verb
bawled	2.406	Verb
beacons	2.406	Noun
beaner	2.406	Noun
beaters	2.406	Noun
beepers	2.406	Noun
bended	2.406	Adjective
betwixt	2.406	Preposition
biddy	2.406	Noun
biggies	2.406	Noun
billfold	2.406	Adjective
binh	2.406	Name
birdsong	2.406	Noun
birthed	2.406	Verb
bitched	2.406	Verb
blabbed	2.406	Verb
bleating	2.406	Verb
blinker	2.406	Noun
blinkers	2.406	Noun
bloating	2.406	Verb
blooper	2.406	Noun
blotting	2.406	Verb
bludgeon	2.406	Verb
blurted	2.406	Verb
boars	2.406	Noun
bobs	2.406	Noun
bogs	2.406	Noun
bombard	2.406	Noun
bookends	2.406	Noun
bopping	2.406	Verb
brack	2.406	Name
brickle	2.406	Name
bringer	2.406	Noun
briskly	2.406	Adverb
brownish	2.406	Adjective
brows	2.406	Noun
brulee	2.406	Noun
bumble	2.406	Noun
bunkie	2.406	Noun
burnout	2.406	Noun
busses	2.406	Noun
busty	2.406	Adjective
caber	2.406	Noun
cadre	2.406	Noun
calorie	2.406	Noun
calvary	2.406	Name
cesarean	2.406	Noun
chanced	2.406	Verb
choruses	2.406	Noun
chucks	2.406	Verb
cig	2.406	Noun
clangs	2.406	Verb
clanks	2.406	Verb
clued	2.406	Verb
clutters	2.406	Noun
coble	2.406	Name
cocoons	2.406	Noun
coddling	2.406	Verb
coiled	2.406	Verb
coitus	2.406	Noun
colossus	2.406	Noun
comers	2.406	Noun
condemns	2.406	Verb
conduits	2.406	Noun
cooch	2.406	Noun
cornmeal	2.406	Noun
courant	2.406	Noun
creaky	2.406	Adjective
croon	2.406	Verb
crouched	2.406	Verb
crs	2.406	Name
crunches	2.406	Verb
cuddled	2.406	Verb
cuties	2.406	Noun
cutty	2.406	Noun
cynics	2.406	Noun
dabbled	2.406	Verb
dao	2.406	Name
deferred	2.406	Verb
degrades	2.406	Verb
delicti	2.406	Noun
deplore	2.406	Verb
desirous	2.406	Adjective
deterred	2.406	Verb
detours	2.406	Noun
deviants	2.406	Noun
dewy	2.406	Adjective
dextrose	2.406	Noun
dicing	2.406	Verb
diffused	2.406	Verb
digress	2.406	Verb
dilate	2.406	Verb
dimly	2.406	Adverb
dingle	2.406	Noun
disarms	2.406	Verb
discus	2.406	Noun
disputed	2.406	Verb
dockers	2.406	Noun
domes	2.406	Noun
dowdy	2.406	Adjective
durst	2.406	Verb
duvet	2.406	Noun
earls	2.406	Noun
emailed	2.406	Verb
emanate	2.406	Verb
enemas	2.406	Noun
ensures	2.406	Verb
envying	2.406	Verb
eroded	2.406	Verb
eulogies	2.406	Noun
evaded	2.406	Verb
evicting	2.406	Verb
failsafe	2.406	Noun
fallible	2.406	Adjective
falsify	2.406	Verb
fancier	2.406	Adjective
femmes	2.406	Noun
fenner	2.406	Name
fiercest	2.406	Adjective
filthier	2.406	Adjective
firebug	2.406	Noun
firmness	2.406	Noun
flange	2.406	Noun
flathead	2.406	Noun
fleeced	2.406	Verb
fluoride	2.406	Noun
fogging	2.406	Verb
foghorn	2.406	Noun
follicle	2.406	Noun
fortify	2.406	Verb
frothy	2.406	Adjective
fume	2.406	Noun
gaskets	2.406	Noun
gasped	2.406	Verb
gemma	2.406	Name
gentles	2.406	Noun
ghoulish	2.406	Adjective
gibbon	2.406	Name
gingko	2.406	Unclassified
gismo	2.406	Noun
glaucus	2.406	Noun
globs	2.406	Noun
gol	2.406	Verb
goonie	2.406	Noun
gou	2.406	Name
grabber	2.406	Noun
grapple	2.406	Verb
grata	2.406	Noun
grinned	2.406	Verb
groaned	2.406	Verb
grosse	2.406	Name
grosses	2.406	Verb
growers	2.406	Noun
grungy	2.406	Adjective
guppies	2.406	Noun
gurgle	2.406	Verb
guvnor	2.406	Noun
guzzle	2.406	Verb
gyn	2.406	Name
hadden	2.406	Name
haired	2.406	Adjective
hairnet	2.406	Noun
halyard	2.406	Noun
handoff	2.406	Noun
hardtack	2.406	Verb
harlots	2.406	Noun
harps	2.406	Noun
havens	2.406	Noun
hayloft	2.406	Noun
hayrides	2.406	Noun
hebe	2.406	Noun
heifers	2.406	Noun
hemming	2.406	Verb
hipster	2.406	Noun
hobbling	2.406	Verb
holier	2.406	Adjective
homme	2.406	Noun
hongs	2.406	Name
hoofer	2.406	Noun
hoofs	2.406	Noun
hopi	2.406	Adjective
hurries	2.406	Verb
hurted	2.406	Verb
idiom	2.406	Noun
impeding	2.406	Verb
inchworm	2.406	Noun
inducted	2.406	Verb
infanta	2.406	Name
iridium	2.406	Noun
itemized	2.406	Adjective
jah	2.406	Interjection
janes	2.406	Name
jeanne	2.406	Name
jeon	2.406	Noun
jiving	2.406	Verb
jointly	2.406	Adverb
juneau	2.406	Noun
jute	2.406	Noun
kazi	2.406	Adjective
kendal	2.406	Name
kep	2.406	Verb
khalsa	2.406	Name
kibbutz	2.406	Noun
kibitz	2.406	Verb
kielbasa	2.406	Noun
knaves	2.406	Noun
kneed	2.406	Verb
kneels	2.406	Verb
kookie	2.406	Name
lacs	2.406	Noun
lading	2.406	Noun
lateness	2.406	Noun
lauder	2.406	Name
leathers	2.406	Noun
leche	2.406	Noun
lemmings	2.406	Noun
lengthen	2.406	Verb
liaisons	2.406	Noun
lifter	2.406	Noun
lilt	2.406	Noun
lir	2.406	Name
lister	2.406	Name
litres	2.406	Noun
lobbies	2.406	Noun
lod	2.406	Noun
loosed	2.406	Verb
lopped	2.406	Verb
loup	2.406	Name
lulls	2.406	Verb
macaw	2.406	Noun
madras	2.406	Name
mages	2.406	Noun
magnate	2.406	Noun
mains	2.406	Noun
maison	2.406	Noun
mako	2.406	Noun
manet	2.406	Name
mani	2.406	Noun
marconi	2.406	Name
marsala	2.406	Noun
masher	2.406	Noun
mashing	2.406	Verb
mateys	2.406	Noun
maw	2.406	Noun
megatons	2.406	Noun
meld	2.406	Noun
menage	2.406	Noun
mesquite	2.406	Noun
methanol	2.406	Noun
microbe	2.406	Noun
millers	2.406	Noun
milner	2.406	Name
mishaps	2.406	Noun
misters	2.406	Name
modules	2.406	Noun
mohair	2.406	Noun
mooing	2.406	Verb
moonie	2.406	Adjective
moorings	2.406	Noun
mor	2.406	Noun
morgues	2.406	Noun
mote	2.406	Noun
mousey	2.406	Name
mumsy	2.406	Name
muttered	2.406	Verb
nape	2.406	Noun
narrate	2.406	Verb
natty	2.406	Noun
neg	2.406	Noun
neigh	2.406	Verb
netted	2.406	Verb
neutrino	2.406	Noun
nibbles	2.406	Noun
niceness	2.406	Noun
niceties	2.406	Noun
nicolo	2.406	Name
nippon	2.406	Name
nitric	2.406	Adjective
notation	2.406	Noun
novices	2.406	Noun
nowheres	2.406	Noun
oad	2.406	Verb
obits	2.406	Noun
odysseus	2.406	Name
olivet	2.406	Name
operable	2.406	Adjective
orifices	2.406	Noun
orlean	2.406	Name
outcry	2.406	Noun
outed	2.406	Verb
outfield	2.406	Noun
outranks	2.406	Verb
overtly	2.406	Adverb
oxidized	2.406	Adjective
pah	2.406	Interjection
palazzo	2.406	Noun
panzers	2.406	Noun
papayas	2.406	Noun
parfait	2.406	Noun
patella	2.406	Noun
patently	2.406	Adverb
pathos	2.406	Noun
penalize	2.406	Verb
perryman	2.406	Name
petted	2.406	Verb
phased	2.406	Verb
phonetic	2.406	Adjective
pikes	2.406	Noun
pimply	2.406	Adjective
pingo	2.406	Noun
pings	2.406	Noun
pinhole	2.406	Noun
pippen	2.406	Name
piqued	2.406	Verb
pitting	2.406	Verb
planners	2.406	Noun
plasmids	2.406	Noun
pled	2.406	Verb
plopped	2.406	Verb
plunges	2.406	Verb
poolside	2.406	Noun
poot	2.406	Name
populate	2.406	Verb
potheads	2.406	Noun
pounder	2.406	Noun
poxy	2.406	Adjective
pretrial	2.406	Adjective
priming	2.406	Verb
pronoun	2.406	Noun
prosit	2.406	Verb
protegee	2.406	Noun
prussian	2.406	Adjective
puce	2.406	Noun
puckered	2.406	Verb
purrs	2.406	Verb
pushup	2.406	Noun
quiets	2.406	Verb
rabat	2.406	Name
radiance	2.406	Noun
raindrop	2.406	Noun
raiser	2.406	Noun
raja	2.406	Noun
ranching	2.406	Noun
rapier	2.406	Noun
rapt	2.406	Adjective
rattlers	2.406	Noun
readying	2.406	Verb
reagent	2.406	Noun
reaped	2.406	Verb
recoup	2.406	Verb
redeploy	2.406	Verb
redfoot	2.406	Name
refit	2.406	Verb
relaxant	2.406	Noun
remnant	2.406	Noun
repelled	2.406	Verb
resale	2.406	Noun
reshoot	2.406	Verb
resorted	2.406	Verb
reticent	2.406	Adjective
revved	2.406	Verb
rigors	2.406	Noun
rockaway	2.406	Name
rolando	2.406	Name
romanced	2.406	Verb
rooker	2.406	Name
roomed	2.406	Verb
rosier	2.406	Adjective
rotors	2.406	Noun
sabers	2.406	Noun
sabir	2.406	Noun
sacs	2.406	Noun
sages	2.406	Noun
sanding	2.406	Verb
sanest	2.406	Adjective
santee	2.406	Name
sarin	2.406	Noun
sassing	2.406	Verb
scads	2.406	Noun
scant	2.406	Adjective
schwarz	2.406	Name
sci	2.406	Noun
scion	2.406	Noun
scooper	2.406	Noun
scorns	2.406	Noun
scrawl	2.406	Noun
screener	2.406	Noun
scruff	2.406	Noun
scummy	2.406	Adjective
sealant	2.406	Noun
secreted	2.406	Verb
seizes	2.406	Verb
sensibly	2.406	Adverb
serrated	2.406	Adjective
setups	2.406	Noun
shallots	2.406	Noun
sharky	2.406	Name
shelving	2.406	Noun
shoals	2.406	Noun
shrines	2.406	Noun
shutout	2.406	Noun
sitcoms	2.406	Noun
sixer	2.406	Noun
sketched	2.406	Verb
skiers	2.406	Noun
slappy	2.406	Name
smears	2.406	Verb
snags	2.406	Noun
snaked	2.406	Verb
snarky	2.406	Adjective
snobby	2.406	Adjective
snored	2.406	Verb
solan	2.406	Name
soma	2.406	Name
songbird	2.406	Noun
soupy	2.406	Adjective
spangled	2.406	Adjective
spitter	2.406	Noun
spittle	2.406	Noun
splicing	2.406	Verb
sponging	2.406	Verb
spongy	2.406	Adjective
spoof	2.406	Verb
spooking	2.406	Verb
sprat	2.406	Name
sprawled	2.406	Verb
sprig	2.406	Noun
squats	2.406	Verb
squatter	2.406	Noun
squelch	2.406	Verb
staffer	2.406	Noun
staffers	2.406	Noun
stealer	2.406	Noun
stemming	2.406	Verb
stencils	2.406	Noun
stickles	2.406	Name
stifles	2.406	Verb
stirrup	2.406	Noun
stoners	2.406	Noun
stoppage	2.406	Noun
stoves	2.406	Noun
strum	2.406	Verb
stylized	2.406	Adjective
subsides	2.406	Verb
subzero	2.406	Noun
succinct	2.406	Adjective
sufficed	2.406	Verb
suffices	2.406	Verb
sumerian	2.406	Adjective
suppers	2.406	Noun
surer	2.406	Adjective
swabbing	2.406	Verb
swagger	2.406	Noun
swain	2.406	Name
sweeties	2.406	Noun
swimmy	2.406	Adjective
swishing	2.406	Verb
swoosh	2.406	Verb
symbiont	2.406	Noun
synapses	2.406	Noun
talc	2.406	Noun
tali	2.406	Noun
tamale	2.406	Noun
tannins	2.406	Noun
tanzania	2.406	Name
taster	2.406	Noun
tattered	2.406	Adjective
taunted	2.406	Verb
teamster	2.406	Noun
teases	2.406	Verb
teflon	2.406	Noun
tellus	2.406	Noun
tempura	2.406	Noun
tendered	2.406	Verb
tenets	2.406	Noun
tenths	2.406	Number
tepid	2.406	Adjective
terek	2.406	Name
tertiary	2.406	Adjective
textiles	2.406	Noun
thawing	2.406	Verb
throb	2.406	Verb
thrusts	2.406	Noun
thumbing	2.406	Verb
tidied	2.406	Verb
tightwad	2.406	Noun
tilts	2.406	Verb
toddies	2.406	Noun
toddling	2.406	Verb
togs	2.406	Noun
topcoat	2.406	Noun
toppled	2.406	Verb
tosh	2.406	Name
towline	2.406	Noun
towser	2.406	Noun
tracers	2.406	Noun
trickier	2.406	Adjective
trudge	2.406	Verb
trundle	2.406	Verb
tuareg	2.406	Noun
tumbled	2.406	Verb
tumblers	2.406	Noun
tupelo	2.406	Name
tutus	2.406	Noun
twelves	2.406	Number
twink	2.406	Name
twisty	2.406	Adjective
umbrage	2.406	Noun
unbound	2.406	Verb
uncork	2.406	Verb
unfunny	2.406	Adjective
unhinged	2.406	Verb
unis	2.406	Noun
unkempt	2.406	Adjective
unmasked	2.406	Verb
untried	2.406	Adjective
urethra	2.406	Noun
urology	2.406	Noun
utensil	2.406	Noun
varices	2.406	Noun
vastness	2.406	Noun
vee	2.406	Name
vena	2.406	Noun
ventana	2.406	Name
verbiage	2.406	Noun
veritas	2.406	Noun
verve	2.406	Noun
vibrato	2.406	Noun
vicomte	2.406	Name
villas	2.406	Noun
vivre	2.406	Noun
wac	2.406	Noun
wagers	2.406	Noun
wahine	2.406	Name
wahoo	2.406	Noun
wakan	2.406	Name
wakanda	2.406	Name
wanking	2.406	Verb
warhorse	2.406	Noun
weaned	2.406	Verb
weaselly	2.406	Adverb
weighty	2.406	Adjective
whiskeys	2.406	Noun
whitely	2.406	Name
wields	2.406	Verb
wight	2.406	Name
wildness	2.406	Noun
wildwood	2.406	Name
wilful	2.406	Adjective
wilted	2.406	Verb
wince	2.406	Verb
winnipeg	2.406	Name
woodside	2.406	Name
workouts	2.406	Noun
wove	2.406	Verb
wyke	2.406	Name
xeroxed	2.406	Verb
yahoos	2.406	Noun
yangs	2.406	Name
yashiro	2.406	Name
yawl	2.406	Noun
yearling	2.406	Noun
yodels	2.406	Noun
zirconia	2.406	Noun
abt	2.371	Noun
abusers	2.371	Noun
acidic	2.371	Adjective
acrimony	2.371	Noun
adapter	2.371	Noun
adaptive	2.371	Adjective
additive	2.371	Adjective
addled	2.371	Adjective
adenoids	2.371	Noun
adopts	2.371	Verb
afeard	2.371	Noun
afoul	2.371	Noun
agata	2.371	Name
agitator	2.371	Noun
ail	2.371	Verb
airplay	2.371	Noun
akela	2.371	Name
albus	2.371	Name
alchemy	2.371	Noun
allege	2.371	Verb
alloys	2.371	Noun
altruism	2.371	Noun
amin	2.371	Name
amyl	2.371	Noun
analyzes	2.371	Verb
antares	2.371	Noun
anteater	2.371	Noun
aplenty	2.371	Noun
apposed	2.371	Verb
arisen	2.371	Verb
aroon	2.371	Name
arranger	2.371	Noun
artefact	2.371	Noun
asexual	2.371	Adjective
asmodeus	2.371	Name
assessor	2.371	Noun
assigns	2.371	Verb
attired	2.371	Verb
auger	2.371	Noun
auras	2.371	Noun
austere	2.371	Adjective
babbled	2.371	Verb
backstop	2.371	Noun
bails	2.371	Verb
bandied	2.371	Verb
baptised	2.371	Verb
bardo	2.371	Name
barger	2.371	Name
barges	2.371	Noun
baring	2.371	Verb
baronet	2.371	Noun
basalt	2.371	Noun
basest	2.371	Adjective
bays	2.371	Noun
beaded	2.371	Adjective
beano	2.371	Name
beaus	2.371	Noun
bedsores	2.371	Noun
beeves	2.371	Noun
befalls	2.371	Verb
begonias	2.371	Noun
begotten	2.371	Adjective
belcher	2.371	Name
belive	2.371	Verb
bendy	2.371	Adjective
bering	2.371	Name
bick	2.371	Name
biding	2.371	Verb
bindle	2.371	Noun
bingy	2.371	Name
blimps	2.371	Noun
blintzes	2.371	Noun
blithe	2.371	Adjective
blustery	2.371	Adjective
boastful	2.371	Adjective
bodice	2.371	Noun
boggles	2.371	Verb
bogies	2.371	Noun
bohemia	2.371	Name
boldness	2.371	Noun
bonito	2.371	Name
booms	2.371	Noun
boosts	2.371	Verb
boppers	2.371	Noun
boule	2.371	Noun
brackets	2.371	Noun
braised	2.371	Adjective
breaded	2.371	Adjective
breakage	2.371	Noun
brevity	2.371	Noun
bridging	2.371	Verb
bristle	2.371	Noun
brouhaha	2.371	Noun
brr	2.371	Name
buffets	2.371	Noun
buffoons	2.371	Noun
bughouse	2.371	Noun
bugling	2.371	Verb
bulbous	2.371	Adjective
bulgaria	2.371	Name
bullocks	2.371	Noun
bullwhip	2.371	Noun
bunkmate	2.371	Noun
bunting	2.371	Noun
burgled	2.371	Verb
burlap	2.371	Noun
buyout	2.371	Noun
cade	2.371	Name
calla	2.371	Noun
callus	2.371	Noun
cameroon	2.371	Name
camshaft	2.371	Noun
cannula	2.371	Noun
canny	2.371	Adjective
canter	2.371	Name
capper	2.371	Noun
capsize	2.371	Verb
carded	2.371	Verb
carina	2.371	Name
carob	2.371	Noun
cashes	2.371	Verb
cashew	2.371	Noun
castalia	2.371	Name
caudillo	2.371	Name
cecum	2.371	Noun
cemented	2.371	Verb
chaff	2.371	Noun
chagrin	2.371	Noun
chamois	2.371	Noun
chancing	2.371	Name
chapels	2.371	Noun
charas	2.371	Name
charon	2.371	Name
chiefly	2.371	Adverb
chintz	2.371	Noun
chippers	2.371	Noun
chippie	2.371	Noun
chlorate	2.371	Noun
choirboy	2.371	Noun
choral	2.371	Adjective
cistern	2.371	Noun
clashed	2.371	Verb
cleanses	2.371	Verb
clinches	2.371	Noun
clinker	2.371	Noun
cliques	2.371	Noun
cogent	2.371	Adjective
coked	2.371	Verb
colas	2.371	Noun
concho	2.371	Name
conforms	2.371	Verb
conjures	2.371	Verb
contrite	2.371	Adjective
convoys	2.371	Noun
corby	2.371	Name
corks	2.371	Noun
corncob	2.371	Noun
cornet	2.371	Name
couldnt	2.371	Verb
covets	2.371	Verb
cowhands	2.371	Noun
cranks	2.371	Noun
creepers	2.371	Noun
crimean	2.371	Adjective
crocked	2.371	Verb
cruised	2.371	Verb
cts	2.371	Noun
culebra	2.371	Name
curative	2.371	Adjective
cyborgs	2.371	Noun
cyrillic	2.371	Adjective
damndest	2.371	Adjective
damsels	2.371	Noun
darting	2.371	Verb
databank	2.371	Noun
ddt	2.371	Name
decanter	2.371	Noun
decayed	2.371	Verb
dejected	2.371	Adjective
denizens	2.371	Noun
despot	2.371	Noun
detainee	2.371	Noun
deus	2.371	Unclassified
devotes	2.371	Verb
dewar	2.371	Name
diesels	2.371	Noun
differed	2.371	Verb
dikes	2.371	Noun
dildos	2.371	Noun
dimmy	2.371	Noun
dished	2.371	Verb
distorts	2.371	Verb
dit	2.371	Noun
doilies	2.371	Noun
dominus	2.371	Name
dona	2.371	Noun
dote	2.371	Verb
doughty	2.371	Name
downlink	2.371	Verb
drang	2.371	Unclassified
dreads	2.371	Noun
drench	2.371	Verb
dryers	2.371	Noun
dulled	2.371	Verb
dummkopf	2.371	Noun
dyeing	2.371	Verb
earths	2.371	Noun
egads	2.371	Noun
egged	2.371	Verb
egging	2.371	Verb
ember	2.371	Noun
embodied	2.371	Verb
empathic	2.371	Adjective
encoder	2.371	Noun
encrypt	2.371	Verb
endow	2.371	Verb
enfants	2.371	Noun
entropy	2.371	Noun
enviable	2.371	Adjective
eppes	2.371	Name
escapee	2.371	Noun
escudero	2.371	Name
etching	2.371	Noun
eteocles	2.371	Name
exiles	2.371	Noun
expanse	2.371	Noun
expertly	2.371	Adverb
explores	2.371	Verb
exude	2.371	Verb
facials	2.371	Noun
falsies	2.371	Noun
feasts	2.371	Noun
feedings	2.371	Noun
felled	2.371	Verb
fending	2.371	Verb
ferment	2.371	Verb
fevers	2.371	Noun
fille	2.371	Noun
fishery	2.371	Noun
fishnet	2.371	Noun
fizzy	2.371	Adjective
flaking	2.371	Verb
flappy	2.371	Adjective
floe	2.371	Noun
flossie	2.371	Name
fop	2.371	Noun
forestry	2.371	Noun
freck	2.371	Name
furlongs	2.371	Noun
galleria	2.371	Name
ganges	2.371	Name
gardenia	2.371	Noun
gardy	2.371	Name
gare	2.371	Name
garish	2.371	Adjective
garlands	2.371	Noun
gatling	2.371	Adjective
gazpacho	2.371	Noun
germain	2.371	Verb
geyser	2.371	Noun
ghettos	2.371	Noun
giggled	2.371	Verb
giggly	2.371	Adverb
givens	2.371	Name
gizmos	2.371	Noun
globally	2.371	Adverb
gluing	2.371	Verb
gobs	2.371	Noun
gonad	2.371	Noun
goners	2.371	Noun
grabby	2.371	Adjective
gracing	2.371	Verb
grahams	2.371	Name
gramp	2.371	Name
grampa	2.371	Name
granma	2.371	Name
gremlin	2.371	Noun
gris	2.371	Noun
griselda	2.371	Name
gristle	2.371	Noun
guerre	2.371	Noun
guiltier	2.371	Adjective
gumdrops	2.371	Noun
gunsel	2.371	Noun
gunships	2.371	Noun
gurdy	2.371	Noun
gurgles	2.371	Verb
gusts	2.371	Noun
habitats	2.371	Noun
haddock	2.371	Noun
hague	2.371	Name
hairier	2.371	Adjective
haitians	2.371	Noun
hangouts	2.371	Noun
hanker	2.371	Noun
hardhead	2.371	Noun
harmonic	2.371	Adjective
hasidic	2.371	Adjective
havelock	2.371	Name
heists	2.371	Noun
henna	2.371	Noun
hiney	2.371	Noun
hippos	2.371	Noun
hipsters	2.371	Noun
hittite	2.371	Adjective
hobnob	2.371	Verb
hobos	2.371	Noun
hogans	2.371	Name
hollows	2.371	Noun
holm	2.371	Name
hoosegow	2.371	Noun
hotfoot	2.371	Adverb
hotheads	2.371	Noun
hyphen	2.371	Noun
ileum	2.371	Noun
ilia	2.371	Noun
imploded	2.371	Verb
incomes	2.371	Noun
ingles	2.371	Noun
inky	2.371	Adjective
ions	2.371	Noun
ipso	2.371	Adverb
jangling	2.371	Verb
jarred	2.371	Verb
jarret	2.371	Name
jaybird	2.371	Noun
jiggers	2.371	Noun
jigs	2.371	Noun
jimmied	2.371	Verb
jovial	2.371	Adjective
jujubes	2.371	Noun
kludge	2.371	Noun
kob	2.371	#N/A
kuru	2.371	Noun
lait	2.371	Noun
landau	2.371	Name
lanier	2.371	Name
lasses	2.371	Noun
lawmen	2.371	Noun
layered	2.371	Adjective
layoff	2.371	Noun
legality	2.371	Noun
legalize	2.371	Verb
legible	2.371	Adjective
lentil	2.371	Noun
lentils	2.371	Noun
lightest	2.371	Adjective
lineups	2.371	Noun
linings	2.371	Noun
lohan	2.371	Name
lolly	2.371	Noun
lotuses	2.371	Noun
lounges	2.371	Noun
lulled	2.371	Verb
lumbago	2.371	Noun
lumped	2.371	Verb
lunger	2.371	Noun
lungfish	2.371	Name
lusts	2.371	Noun
madeira	2.371	Name
mange	2.371	Noun
manitous	2.371	Name
mannitol	2.371	Noun
margaux	2.371	Noun
marvels	2.371	Noun
mayors	2.371	Noun
mazurka	2.371	Noun
meerkat	2.371	Noun
meiji	2.371	Adjective
ment	2.371	Noun
mentors	2.371	Noun
meted	2.371	Verb
microns	2.371	Noun
midlands	2.371	Name
mightily	2.371	Adverb
milieu	2.371	Noun
minette	2.371	Noun
mirth	2.371	Noun
misfiled	2.371	Verb
misfired	2.371	Verb
mismatch	2.371	Noun
modems	2.371	Noun
moldings	2.371	Noun
monocle	2.371	Noun
mooching	2.371	Verb
moorish	2.371	Adjective
mowers	2.371	Noun
muffle	2.371	Verb
mung	2.371	Adjective
musher	2.371	Noun
musing	2.371	Verb
nable	2.371	Name
namesake	2.371	Noun
narrower	2.371	Adjective
nebs	2.371	Noun
neoprene	2.371	Noun
nitch	2.371	Name
noblemen	2.371	Noun
nog	2.371	Noun
noo	2.371	Noun
nougat	2.371	Noun
nought	2.371	Pronoun
noxious	2.371	Adjective
nuttier	2.371	Adjective
nuzzling	2.371	Verb
observes	2.371	Verb
octagon	2.371	Noun
odometer	2.371	Noun
offside	2.371	Adverb
olympian	2.371	Adjective
onshore	2.371	Adjective
oppress	2.371	Verb
orwell	2.371	Name
outings	2.371	Noun
oversees	2.371	Verb
pachinko	2.371	Noun
pacified	2.371	Verb
padres	2.371	Noun
padrino	2.371	Noun
paleface	2.371	Noun
pales	2.371	Verb
palmed	2.371	Verb
palmyra	2.371	Name
papoose	2.371	Noun
paraded	2.371	Verb
passbook	2.371	Noun
passel	2.371	Noun
pasties	2.371	Noun
pasting	2.371	Verb
pasts	2.371	Noun
payed	2.371	Verb
pectoral	2.371	Noun
pedaling	2.371	Verb
peered	2.371	Verb
pennants	2.371	Noun
peon	2.371	Noun
perspire	2.371	Verb
phasing	2.371	Verb
pickax	2.371	Noun
pics	2.371	Noun
piloted	2.371	Verb
pincher	2.371	Name
pirated	2.371	Verb
pish	2.371	Verb
pitted	2.371	Verb
playgirl	2.371	Noun
pluses	2.371	Noun
polkas	2.371	Noun
pollutes	2.371	Verb
pompoon	2.371	Noun
popgun	2.371	Noun
posses	2.371	Noun
pram	2.371	Noun
praxis	2.371	Name
pricking	2.371	Noun
prithee	2.371	Noun
propel	2.371	Verb
propels	2.371	Verb
proxies	2.371	Noun
puns	2.371	Noun
punters	2.371	Noun
purist	2.371	Noun
purty	2.371	Adjective
qua	2.371	Unclassified
quash	2.371	Verb
quilting	2.371	Verb
radioman	2.371	Noun
rager	2.371	Noun
ramadan	2.371	Noun
rataplan	2.371	Noun
ravished	2.371	Verb
ream	2.371	Verb
recitals	2.371	Noun
redfield	2.371	Name
redouble	2.371	Verb
redress	2.371	Verb
reformer	2.371	Noun
refunded	2.371	Verb
reisner	2.371	Noun
rejoiced	2.371	Verb
reloaded	2.371	Verb
reman	2.371	Noun
remotest	2.371	Adjective
rename	2.371	Verb
renege	2.371	Verb
repute	2.371	Noun
reshape	2.371	Verb
reshoots	2.371	Noun
restorer	2.371	Noun
retest	2.371	Noun
reve	2.371	Name
reveling	2.371	Verb
reverent	2.371	Adjective
riche	2.371	Noun
righting	2.371	Verb
rigidity	2.371	Noun
roadway	2.371	Noun
rodeos	2.371	Noun
romaine	2.371	Noun
rool	2.371	Verb
roshi	2.371	Name
roused	2.371	Verb
rousting	2.371	Verb
routers	2.371	Noun
ruck	2.371	Noun
sabine	2.371	Adjective
sala	2.371	Noun
sandal	2.371	Noun
sandbags	2.371	Noun
sandlot	2.371	Noun
sant	2.371	Noun
saracens	2.371	Noun
sashes	2.371	Noun
satanist	2.371	Noun
savers	2.371	Noun
saviors	2.371	Noun
savory	2.371	Adjective
sawtooth	2.371	Noun
scabbard	2.371	Noun
scarpa	2.371	Noun
schemed	2.371	Verb
sciatic	2.371	Adjective
scimitar	2.371	Noun
scoffed	2.371	Verb
scrunch	2.371	Verb
scuffed	2.371	Verb
seagoing	2.371	Adjective
seaplane	2.371	Noun
sear	2.371	Verb
seared	2.371	Verb
secrete	2.371	Verb
secunda	2.371	Name
serials	2.371	Noun
shavers	2.371	Noun
shem	2.371	Name
shortie	2.371	Name
shoveled	2.371	Verb
shrouds	2.371	Noun
sickout	2.371	Noun
signet	2.371	Noun
sikh	2.371	Adjective
singling	2.371	Verb
siphoned	2.371	Verb
sirrah	2.371	Noun
skewered	2.371	Verb
skinless	2.371	Adjective
skippers	2.371	Noun
skoal	2.371	Adjective
skydive	2.371	Verb
slavic	2.371	Adjective
slays	2.371	Verb
slimmer	2.371	Adjective
slinger	2.371	Noun
slither	2.371	Verb
slivers	2.371	Noun
smearing	2.371	Verb
smutty	2.371	Adjective
smyth	2.371	Name
snatches	2.371	Verb
sneered	2.371	Verb
snipes	2.371	Name
sobbed	2.371	Verb
soc	2.371	Noun
soonest	2.371	Adverb
sooth	2.371	Noun
sopping	2.371	Adjective
soured	2.371	Verb
sparse	2.371	Adjective
specious	2.371	Adjective
spector	2.371	Name
spewed	2.371	Verb
spiky	2.371	Adjective
spinners	2.371	Noun
splenic	2.371	Adjective
spoiler	2.371	Noun
spurn	2.371	Verb
spurned	2.371	Verb
spurting	2.371	Verb
starchy	2.371	Adjective
steelers	2.371	Name
stell	2.371	Name
stiffer	2.371	Adjective
stomper	2.371	Noun
stooped	2.371	Verb
strata	2.371	Noun
subhuman	2.371	Noun
suet	2.371	Noun
sunshiny	2.371	Adjective
superbly	2.371	Adverb
suss	2.371	Verb
swath	2.371	Noun
swatter	2.371	Noun
swerving	2.371	Verb
swooned	2.371	Verb
systemic	2.371	Adjective
tabes	2.371	Noun
tacked	2.371	Verb
tailspin	2.371	Noun
talkies	2.371	Noun
tammie	2.371	Name
tangier	2.371	Name
taoist	2.371	Noun
tapered	2.371	Verb
teacups	2.371	Noun
tedesco	2.371	Name
teleport	2.371	Verb
temerity	2.371	Noun
templars	2.371	Noun
tendrils	2.371	Noun
termed	2.371	Verb
thresher	2.371	Noun
throbs	2.371	Verb
tiaras	2.371	Noun
tibetans	2.371	Noun
tickler	2.371	Noun
tiddly	2.371	Adverb
tiptoes	2.371	Noun
toady	2.371	Noun
toddlers	2.371	Noun
toiling	2.371	Verb
totems	2.371	Noun
tramping	2.371	Verb
transact	2.371	Verb
treed	2.371	Verb
tringle	2.371	Name
tummies	2.371	Noun
tunny	2.371	Noun
turkle	2.371	Name
twanky	2.371	Name
tween	2.371	Adjective
tye	2.371	Name
typhoons	2.371	Noun
udder	2.371	Noun
ull	2.371	Noun
unburden	2.371	Noun
unicycle	2.371	Noun
unproven	2.371	Adjective
unstuck	2.371	Adjective
unum	2.371	Noun
urchins	2.371	Noun
urinals	2.371	Noun
uta	2.371	Name
vanities	2.371	Noun
vapour	2.371	Noun
vaulting	2.371	Verb
veau	2.371	Noun
veers	2.371	Verb
venues	2.371	Noun
verdicts	2.371	Noun
viaduct	2.371	Noun
virulent	2.371	Adjective
vistas	2.371	Noun
voicing	2.371	Verb
votive	2.371	Adjective
waded	2.371	Verb
wagering	2.371	Verb
waiving	2.371	Verb
walkies	2.371	Noun
waxer	2.371	Noun
webcam	2.371	Noun
weiner	2.371	Name
whammo	2.371	Noun
wheelie	2.371	Noun
wheezer	2.371	Noun
wheezes	2.371	Noun
whist	2.371	Noun
whizz	2.371	Noun
widdle	2.371	Noun
wieners	2.371	Noun
windup	2.371	Noun
wintry	2.371	Adjective
wir	2.371	Unclassified
wised	2.371	Verb
wobbling	2.371	Verb
woodpile	2.371	Noun
workroom	2.371	Noun
wormed	2.371	Verb
wormy	2.371	Adjective
yaw	2.371	Noun
youngers	2.371	Name
zat	2.371	Noun
zinger	2.371	Noun
abaddon	2.333	Noun
abed	2.333	Adverb
abounds	2.333	Verb
acidity	2.333	Noun
addis	2.333	Name
adverb	2.333	Noun
afghans	2.333	Noun
allude	2.333	Verb
alpaca	2.333	Noun
ambach	2.333	Name
amicably	2.333	Adverb
ammer	2.333	Name
amoral	2.333	Adjective
amputee	2.333	Noun
anc	2.333	Name
anima	2.333	Name
anoint	2.333	Verb
antacids	2.333	Noun
appraise	2.333	Verb
apps	2.333	Noun
ara	2.333	Name
arabians	2.333	Noun
arbiter	2.333	Noun
argos	2.333	Name
arusha	2.333	Noun
aspirate	2.333	Verb
aster	2.333	Noun
auditors	2.333	Noun
averaged	2.333	Verb
bacchus	2.333	Name
badgered	2.333	Verb
banality	2.333	Noun
basileus	2.333	Name
basilisk	2.333	Noun
basted	2.333	Verb
beanpole	2.333	Noun
beckon	2.333	Verb
beckoned	2.333	Verb
beguile	2.333	Verb
behemoth	2.333	Noun
bequest	2.333	Noun
bettors	2.333	Noun
bevy	2.333	Noun
bigoted	2.333	Adjective
bigots	2.333	Noun
bigwig	2.333	Noun
bindings	2.333	Noun
biped	2.333	Adjective
birdbath	2.333	Noun
bivouac	2.333	Noun
blain	2.333	Noun
blitzed	2.333	Verb
bloomed	2.333	Verb
blotch	2.333	Noun
blotto	2.333	Noun
blowers	2.333	Noun
bluster	2.333	Noun
bobcats	2.333	Noun
bocce	2.333	Noun
bodes	2.333	Verb
bodywork	2.333	Noun
boko	2.333	Noun
bombo	2.333	Noun
bonfires	2.333	Noun
bose	2.333	Name
bouchon	2.333	Noun
bounding	2.333	Adjective
bouvier	2.333	Name
bracero	2.333	Noun
brahma	2.333	Noun
brawler	2.333	Noun
bren	2.333	Name
brite	2.333	Noun
broiler	2.333	Noun
buffers	2.333	Noun
bulger	2.333	Noun
bumpity	2.333	Noun
bunched	2.333	Verb
bunco	2.333	Noun
buoys	2.333	Noun
burials	2.333	Noun
bussing	2.333	Verb
calamine	2.333	Noun
calfskin	2.333	Noun
canning	2.333	Noun
caravans	2.333	Noun
cardamom	2.333	Verb
carefull	2.333	Noun
carolers	2.333	Noun
carpeted	2.333	Verb
cashiers	2.333	Noun
catchers	2.333	Noun
catfight	2.333	Verb
causal	2.333	Adjective
cdr	2.333	Name
celadon	2.333	Noun
censured	2.333	Verb
chairing	2.333	Verb
chancy	2.333	Adjective
chappie	2.333	Noun
charing	2.333	Name
chasuble	2.333	Name
chaw	2.333	Noun
cherchez	2.333	Unclassified
cheval	2.333	Name
chickies	2.333	Noun
chocks	2.333	Noun
chon	2.333	Noun
choppin	2.333	Noun
chowing	2.333	Verb
cinnabar	2.333	Name
clad	2.333	Verb
clary	2.333	Name
cleave	2.333	Verb
clift	2.333	Name
climes	2.333	Noun
clunker	2.333	Noun
cobweb	2.333	Noun
codebook	2.333	Noun
codger	2.333	Noun
cohort	2.333	Noun
consents	2.333	Noun
consign	2.333	Verb
contends	2.333	Verb
convents	2.333	Noun
corneal	2.333	Adjective
corneas	2.333	Noun
corse	2.333	Noun
cortical	2.333	Adjective
cowbell	2.333	Noun
cradles	2.333	Noun
crawlers	2.333	Noun
crimea	2.333	Name
cringing	2.333	Verb
crinkle	2.333	Verb
croaking	2.333	Verb
croatian	2.333	Adjective
cruller	2.333	Noun
crunched	2.333	Verb
crusted	2.333	Verb
cuca	2.333	Name
cuckoos	2.333	Noun
cuesta	2.333	Name
culpable	2.333	Adjective
cunny	2.333	Noun
curare	2.333	Noun
curvy	2.333	Adjective
daffodil	2.333	Noun
dali	2.333	Name
dammed	2.333	Verb
dangled	2.333	Verb
dashes	2.333	Noun
dau	2.333	Noun
deadhead	2.333	Noun
debased	2.333	Verb
debug	2.333	Verb
decibel	2.333	Noun
deems	2.333	Verb
defacing	2.333	Verb
defiling	2.333	Verb
deities	2.333	Noun
delft	2.333	Noun
deluding	2.333	Verb
demerit	2.333	Noun
denture	2.333	Noun
desiring	2.333	Verb
detested	2.333	Verb
dimpled	2.333	Adjective
dinge	2.333	Name
dinks	2.333	Noun
diverged	2.333	Verb
dogmatic	2.333	Adjective
dogwood	2.333	Noun
dollies	2.333	Noun
dollop	2.333	Noun
dopers	2.333	Noun
dorcas	2.333	Noun
dotcom	2.333	Name
draftees	2.333	Noun
dram	2.333	Noun
drippy	2.333	Adjective
dulls	2.333	Verb
dunces	2.333	Noun
dunning	2.333	Name
dutra	2.333	Name
eam	2.333	Noun
eatery	2.333	Noun
ecch	2.333	Verb
eclair	2.333	Noun
edged	2.333	Verb
edits	2.333	Verb
eek	2.333	Verb
een	2.333	Adjective
eerily	2.333	Adverb
egress	2.333	Noun
elects	2.333	Verb
elt	2.333	Noun
eludes	2.333	Verb
embossed	2.333	Adjective
emeril	2.333	Name
engraver	2.333	Noun
ensue	2.333	Verb
ensuing	2.333	Adjective
entendre	2.333	Noun
envies	2.333	Verb
environs	2.333	Noun
envoys	2.333	Noun
equaled	2.333	Verb
equalize	2.333	Verb
erucic	2.333	Adjective
espanol	2.333	Noun
etch	2.333	Verb
etchings	2.333	Noun
ethylene	2.333	Noun
exalt	2.333	Verb
excavate	2.333	Verb
excels	2.333	Verb
excerpts	2.333	Noun
exerted	2.333	Verb
extorted	2.333	Verb
fables	2.333	Noun
fainter	2.333	Adjective
fakers	2.333	Noun
fantail	2.333	Noun
farmyard	2.333	Noun
feathery	2.333	Adjective
febrile	2.333	Adjective
feedbag	2.333	Noun
feelgood	2.333	Name
feh	2.333	Noun
ferocity	2.333	Noun
fetishes	2.333	Noun
feudal	2.333	Adjective
fibula	2.333	Noun
fiddled	2.333	Verb
finagle	2.333	Verb
finicky	2.333	Adjective
fireplug	2.333	Noun
firma	2.333	Noun
fizzle	2.333	Verb
flapper	2.333	Noun
flaunted	2.333	Verb
flickers	2.333	Noun
floaty	2.333	Adjective
flout	2.333	Verb
fluffer	2.333	Noun
flurries	2.333	Noun
flytrap	2.333	Noun
footmen	2.333	Noun
fosters	2.333	Verb
fracas	2.333	Noun
frack	2.333	Verb
frazer	2.333	Name
frets	2.333	Verb
frontage	2.333	Noun
froth	2.333	Noun
frug	2.333	Noun
fuckwit	2.333	Verb
fulcrum	2.333	Noun
fum	2.333	Noun
gabi	2.333	Noun
gamy	2.333	Noun
gan	2.333	Name
garrote	2.333	Noun
gaseous	2.333	Adjective
gault	2.333	Name
genial	2.333	Adjective
gibby	2.333	Name
gid	2.333	Noun
girdles	2.333	Noun
goa	2.333	Name
gobbled	2.333	Verb
goiter	2.333	Noun
goths	2.333	Noun
grafted	2.333	Verb
grainy	2.333	Adjective
grays	2.333	Noun
greening	2.333	Name
grindle	2.333	Name
grossest	2.333	Adjective
grossing	2.333	Verb
grouper	2.333	Noun
grower	2.333	Noun
guan	2.333	Name
gunboats	2.333	Noun
gunship	2.333	Noun
gurus	2.333	Noun
gymnasts	2.333	Noun
hab	2.333	Noun
hagar	2.333	Name
haji	2.333	Name
halas	2.333	Name
halloo	2.333	Noun
hamate	2.333	Adjective
handbill	2.333	Noun
handfuls	2.333	Noun
heaved	2.333	Verb
heavyset	2.333	Noun
heft	2.333	Noun
helpings	2.333	Noun
hemline	2.333	Noun
hepatic	2.333	Adjective
herrings	2.333	Noun
hessian	2.333	Noun
hewn	2.333	Adjective
hili	2.333	Noun
holdout	2.333	Noun
holdups	2.333	Noun
holies	2.333	Noun
homespun	2.333	Noun
honeybee	2.333	Noun
hoodie	2.333	Noun
hows	2.333	Verb
iambic	2.333	Adjective
iconic	2.333	Adjective
idolised	2.333	Verb
igniting	2.333	Verb
imparted	2.333	Verb
inboard	2.333	Adjective
incensed	2.333	Verb
incise	2.333	Verb
intently	2.333	Adverb
isis	2.333	Name
isles	2.333	Noun
israeli	2.333	Adjective
itsy	2.333	Adjective
ivories	2.333	Noun
jarring	2.333	Noun
jigger	2.333	Noun
jillion	2.333	Noun
joneses	2.333	Noun
journo	2.333	Noun
jungian	2.333	Adjective
juno	2.333	Name
kaaba	2.333	Name
kercher	2.333	Name
kerrie	2.333	Name
kettles	2.333	Noun
klick	2.333	Noun
kolinsky	2.333	Name
kreese	2.333	Name
ladybugs	2.333	Noun
lah	2.333	Interjection
lamas	2.333	Noun
lamented	2.333	Verb
laminate	2.333	Verb
landline	2.333	Noun
languid	2.333	Adjective
languor	2.333	Noun
lapp	2.333	Name
laughers	2.333	Noun
layoffs	2.333	Noun
leander	2.333	Verb
leavings	2.333	Noun
legalese	2.333	Noun
legato	2.333	Adverb
leggy	2.333	Adjective
letch	2.333	Noun
lewdness	2.333	Noun
liane	2.333	Noun
libidos	2.333	Noun
lifers	2.333	Noun
lifters	2.333	Noun
lineman	2.333	Noun
linkup	2.333	Noun
linseed	2.333	Noun
liquefy	2.333	Verb
littles	2.333	Name
livre	2.333	Noun
llamas	2.333	Noun
loathes	2.333	Verb
locos	2.333	Noun
looter	2.333	Noun
lousiest	2.333	Adjective
loyally	2.333	Adverb
lunged	2.333	Verb
maced	2.333	Verb
mailmen	2.333	Noun
mainline	2.333	Noun
malign	2.333	Verb
maltese	2.333	Adjective
manatee	2.333	Noun
manga	2.333	Noun
mangles	2.333	Noun
maples	2.333	Noun
marcato	2.333	Name
maslin	2.333	Noun
masonic	2.333	Adjective
massed	2.333	Verb
maturing	2.333	Verb
melodic	2.333	Adjective
menaces	2.333	Noun
menfolk	2.333	Noun
methyl	2.333	Noun
midsize	2.333	Adjective
migrants	2.333	Noun
minbar	2.333	Name
miny	2.333	Noun
misdeeds	2.333	Noun
misspent	2.333	Adjective
misstep	2.333	Noun
montes	2.333	Name
moolah	2.333	Noun
morphing	2.333	Verb
mosaics	2.333	Noun
moulds	2.333	Noun
mows	2.333	Verb
msg	2.333	Name
mudhole	2.333	Noun
muggings	2.333	Noun
muscling	2.333	Verb
neediest	2.333	Adjective
needling	2.333	Verb
negrito	2.333	Noun
nervosa	2.333	Name
nickey	2.333	Name
nils	2.333	Noun
nooks	2.333	Noun
nuncio	2.333	Name
nutsy	2.333	Name
offences	2.333	Noun
ont	2.333	Noun
oozes	2.333	Verb
orison	2.333	Name
ornate	2.333	Adjective
otitis	2.333	Noun
ough	2.333	Verb
overran	2.333	Verb
oxy	2.333	Noun
padlocks	2.333	Noun
pageboy	2.333	Noun
palates	2.333	Noun
panache	2.333	Noun
panto	2.333	Noun
paps	2.333	Noun
papua	2.333	Name
parapet	2.333	Noun
pater	2.333	Noun
patsies	2.333	Noun
pawed	2.333	Verb
pecans	2.333	Noun
pelted	2.333	Verb
pent	2.333	Noun
peons	2.333	Noun
pereira	2.333	Name
pickets	2.333	Noun
pierces	2.333	Verb
piker	2.333	Noun
pilaf	2.333	Noun
pillaged	2.333	Verb
pinging	2.333	Verb
pinking	2.333	Verb
pinta	2.333	Noun
piquant	2.333	Adjective
pith	2.333	Noun
pitying	2.333	Verb
pixels	2.333	Noun
platoons	2.333	Noun
plimsoll	2.333	Name
ploughed	2.333	Verb
plu	2.333	Name
plucks	2.333	Verb
poetess	2.333	Noun
polaris	2.333	Name
pommel	2.333	Noun
popinjay	2.333	Noun
potpie	2.333	Noun
potting	2.333	Verb
praecox	2.333	Unclassified
pricked	2.333	Verb
proofing	2.333	Noun
protease	2.333	Noun
proviso	2.333	Noun
purifier	2.333	Noun
purveyor	2.333	Noun
quin	2.333	Noun
quitted	2.333	Verb
racoon	2.333	Noun
rakes	2.333	Verb
rambler	2.333	Noun
rants	2.333	Noun
rarer	2.333	Adjective
ravages	2.333	Noun
readouts	2.333	Noun
reams	2.333	Noun
rearing	2.333	Verb
rebbe	2.333	Name
recut	2.333	Verb
recycles	2.333	Verb
reddish	2.333	Adjective
redeye	2.333	Noun
redness	2.333	Noun
reenlist	2.333	Noun
refried	2.333	Adjective
regale	2.333	Verb
reheat	2.333	Verb
rehire	2.333	Verb
relished	2.333	Verb
remade	2.333	Verb
renamed	2.333	Verb
reneged	2.333	Verb
renn	2.333	Name
renters	2.333	Noun
restores	2.333	Verb
reverted	2.333	Verb
revoking	2.333	Verb
revolted	2.333	Verb
reworked	2.333	Verb
ribbing	2.333	Verb
ricks	2.333	Name
riffs	2.333	Noun
riflemen	2.333	Noun
risers	2.333	Noun
ritus	2.333	Name
riv	2.333	Name
roadwork	2.333	Noun
rooked	2.333	Verb
rosella	2.333	Noun
rosin	2.333	Noun
rotates	2.333	Verb
rousted	2.333	Verb
rugrats	2.333	Noun
runnings	2.333	Noun
runoff	2.333	Noun
runts	2.333	Noun
rupees	2.333	Noun
ruptures	2.333	Verb
russe	2.333	Noun
safeties	2.333	Noun
saltine	2.333	Noun
salting	2.333	Verb
sambuca	2.333	Noun
saner	2.333	Adjective
sashay	2.333	Verb
saturate	2.333	Verb
scaling	2.333	Verb
scavenge	2.333	Verb
scrapper	2.333	Noun
sealer	2.333	Noun
seedless	2.333	Adjective
semis	2.333	Noun
senegal	2.333	Name
serbia	2.333	Name
severing	2.333	Verb
shafted	2.333	Verb
shaven	2.333	Adjective
shearing	2.333	Verb
sheeny	2.333	Noun
shelve	2.333	Verb
shoal	2.333	Noun
shoeing	2.333	Verb
shoop	2.333	Verb
shuttles	2.333	Noun
sided	2.333	Verb
signa	2.333	Name
signings	2.333	Noun
silica	2.333	Noun
sitters	2.333	Noun
siva	2.333	Name
skidding	2.333	Verb
skilful	2.333	Adjective
skunked	2.333	Verb
slagging	2.333	Verb
sleds	2.333	Noun
sleuth	2.333	Noun
slighted	2.333	Verb
sloop	2.333	Noun
sloshing	2.333	Verb
sloths	2.333	Noun
smothers	2.333	Verb
sneller	2.333	Name
snobbery	2.333	Noun
snoot	2.333	Noun
soaks	2.333	Verb
solidify	2.333	Verb
soloist	2.333	Noun
someones	2.333	Noun
sowing	2.333	Verb
spangles	2.333	Noun
spanning	2.333	Verb
spas	2.333	Noun
spate	2.333	Noun
spectra	2.333	Noun
spillway	2.333	Noun
spinny	2.333	Adjective
sponged	2.333	Verb
spruced	2.333	Verb
squaring	2.333	Verb
squeaked	2.333	Verb
stashing	2.333	Verb
stiffen	2.333	Verb
stiffens	2.333	Verb
stirling	2.333	Name
stith	2.333	Noun
stooping	2.333	Verb
strafing	2.333	Verb
striper	2.333	Noun
strives	2.333	Verb
strout	2.333	Noun
stuffer	2.333	Noun
succor	2.333	Noun
succour	2.333	Verb
sulky	2.333	Adjective
sunbathe	2.333	Verb
sunspots	2.333	Noun
surmised	2.333	Verb
swampy	2.333	Adjective
tabor	2.333	Name
talkers	2.333	Noun
tannery	2.333	Noun
tansy	2.333	Noun
tas	2.333	Noun
taverns	2.333	Noun
taxed	2.333	Verb
teague	2.333	Name
tectonic	2.333	Adjective
teeniest	2.333	Adjective
tenders	2.333	Noun
tenors	2.333	Noun
tensed	2.333	Verb
tented	2.333	Verb
thanatos	2.333	Noun
thave	2.333	Noun
theorize	2.333	Verb
thinned	2.333	Verb
thorium	2.333	Noun
threaded	2.333	Verb
thunders	2.333	Noun
thyme	2.333	Noun
ticketed	2.333	Verb
tinge	2.333	Noun
tippers	2.333	Noun
tipsters	2.333	Noun
tirade	2.333	Noun
titular	2.333	Adjective
togo	2.333	Name
tonka	2.333	Noun
topsoil	2.333	Noun
tora	2.333	Name
tosca	2.333	Name
totaling	2.333	Verb
toughie	2.333	Noun
trammel	2.333	Name
trav	2.333	Name
treasons	2.333	Noun
tri	2.333	Name
tromping	2.333	Verb
trots	2.333	Verb
trotters	2.333	Noun
tugged	2.333	Verb
tutelage	2.333	Noun
twistle	2.333	Name
tycoons	2.333	Noun
unequal	2.333	Adjective
unfurled	2.333	Verb
unhooked	2.333	Verb
upstaged	2.333	Verb
uriel	2.333	Name
vagrants	2.333	Noun
varlet	2.333	Noun
verifies	2.333	Verb
vert	2.333	Noun
vesta	2.333	Name
vetoed	2.333	Verb
vex	2.333	Verb
vigour	2.333	Noun
villager	2.333	Noun
visage	2.333	Noun
vivant	2.333	Noun
waggoner	2.333	Noun
wantonly	2.333	Adverb
warble	2.333	Verb
wasnt	2.333	Verb
weirdoes	2.333	Noun
wellman	2.333	Name
wheelman	2.333	Noun
whereof	2.333	Adverb
whisked	2.333	Verb
whop	2.333	Verb
wickedly	2.333	Adverb
widget	2.333	Noun
wifely	2.333	Adjective
wiggled	2.333	Verb
wilk	2.333	Name
windage	2.333	Verb
wined	2.333	Verb
wingspan	2.333	Noun
woefully	2.333	Adverb
woofer	2.333	Noun
wraith	2.333	Noun
wraiths	2.333	Noun
wrangler	2.333	Noun
wreaking	2.333	Verb
wry	2.333	Adjective
yabu	2.333	Name
yardarm	2.333	Noun
yare	2.333	Noun
yarmouth	2.333	Name
yippie	2.333	Noun
ywca	2.333	Name
zag	2.333	Verb
zany	2.333	Adjective
zapping	2.333	Verb
zealot	2.333	Noun
abba	2.292	Name
abdicate	2.292	Verb
abend	2.292	Noun
ably	2.292	Adverb
abridged	2.292	Adjective
absentia	2.292	Adverb
accords	2.292	Noun
activism	2.292	Noun
adhering	2.292	Verb
adjusts	2.292	Verb
aerials	2.292	Noun
aerobic	2.292	Adjective
afikomen	2.292	Noun
airbrush	2.292	Noun
alleges	2.292	Verb
alluding	2.292	Verb
aly	2.292	Name
amalgam	2.292	Noun
amazons	2.292	Noun
ameer	2.292	Name
amenable	2.292	Adjective
amex	2.292	Noun
anaemic	2.292	Adjective
anan	2.292	Adjective
anathema	2.292	Noun
anda	2.292	Noun
aphasia	2.292	Noun
apoplexy	2.292	Noun
appeased	2.292	Verb
arched	2.292	Adjective
arcs	2.292	Noun
argon	2.292	Noun
arras	2.292	Name
arrears	2.292	Noun
arte	2.292	Noun
artful	2.292	Adjective
ashen	2.292	Adjective
ashy	2.292	Adjective
aunties	2.292	Noun
avatars	2.292	Noun
awacs	2.292	Noun
awarding	2.292	Verb
ayes	2.292	Noun
babbage	2.292	Name
babbit	2.292	Name
badgers	2.292	Noun
bafta	2.292	Noun
bailer	2.292	Noun
baits	2.292	Noun
bales	2.292	Noun
balked	2.292	Verb
balow	2.292	Name
banded	2.292	Verb
baptisms	2.292	Noun
barmy	2.292	Adjective
baroni	2.292	Name
bas	2.292	Noun
bashers	2.292	Noun
basilica	2.292	Noun
bawdy	2.292	Adjective
bedell	2.292	Noun
beefcake	2.292	Verb
befallen	2.292	Verb
behead	2.292	Noun
belie	2.292	Verb
berating	2.292	Verb
berm	2.292	Noun
betide	2.292	Verb
bifocals	2.292	Noun
bigwigs	2.292	Noun
binders	2.292	Noun
bipedal	2.292	Adjective
biracial	2.292	Adjective
blag	2.292	Verb
blasters	2.292	Noun
blinis	2.292	Noun
bloggers	2.292	Noun
blotches	2.292	Noun
blueness	2.292	Noun
blurring	2.292	Verb
boba	2.292	Name
bobbed	2.292	Verb
boche	2.292	Noun
bohunk	2.292	Noun
boll	2.292	Name
bookish	2.292	Adjective
booting	2.292	Verb
bounded	2.292	Verb
bowlers	2.292	Noun
bowmen	2.292	Noun
boxy	2.292	Adjective
brawls	2.292	Noun
brawny	2.292	Adjective
brays	2.292	Verb
brecht	2.292	Name
briefest	2.292	Adjective
brigand	2.292	Noun
bringeth	2.292	Verb
broadly	2.292	Adverb
browser	2.292	Noun
bruins	2.292	Name
bubby	2.292	Noun
buckeye	2.292	Noun
bungle	2.292	Verb
buntline	2.292	Name
buoyant	2.292	Adjective
burberry	2.292	Noun
burnie	2.292	Name
burrowed	2.292	Verb
bushman	2.292	Noun
buss	2.292	Noun
bustier	2.292	Adjective
byways	2.292	Noun
cachet	2.292	Noun
caked	2.292	Verb
calc	2.292	Noun
calver	2.292	Name
camus	2.292	Name
canoeing	2.292	Noun
canuck	2.292	Noun
carajo	2.292	Noun
caramels	2.292	Noun
caraway	2.292	Noun
catalan	2.292	Adjective
caters	2.292	Verb
catnap	2.292	Noun
centaurs	2.292	Noun
centro	2.292	Name
centrum	2.292	Noun
cheesed	2.292	Verb
chilies	2.292	Noun
chirps	2.292	Verb
chiv	2.292	Noun
chock	2.292	Verb
chorizo	2.292	Noun
chromic	2.292	Adjective
churns	2.292	Noun
clamping	2.292	Verb
clinched	2.292	Verb
cloche	2.292	Name
clubfoot	2.292	Noun
clunking	2.292	Verb
cocksure	2.292	Adjective
codeword	2.292	Noun
coffers	2.292	Noun
colitis	2.292	Noun
collude	2.292	Verb
compos	2.292	Adjective
comprise	2.292	Verb
concave	2.292	Adjective
conceals	2.292	Verb
conceded	2.292	Verb
condoned	2.292	Verb
convex	2.292	Adjective
cootie	2.292	Noun
copious	2.292	Adjective
corker	2.292	Noun
corncobs	2.292	Noun
corrals	2.292	Noun
costumed	2.292	Adjective
cotillon	2.292	Noun
courtly	2.292	Adjective
covent	2.292	Name
coverlet	2.292	Noun
crabbing	2.292	Verb
crabmeat	2.292	Noun
crannies	2.292	Noun
crashers	2.292	Noun
cravens	2.292	Name
creatine	2.292	Adjective
credenza	2.292	Noun
creeks	2.292	Noun
crisper	2.292	Adjective
crony	2.292	Noun
crooning	2.292	Verb
cruces	2.292	Name
crucible	2.292	Noun
crudely	2.292	Adverb
crueler	2.292	Adjective
cubed	2.292	Verb
cupping	2.292	Verb
curdle	2.292	Verb
curio	2.292	Noun
curios	2.292	Noun
cyan	2.292	Noun
cyclic	2.292	Adjective
cyclopes	2.292	Noun
dagos	2.292	Noun
dales	2.292	Noun
dandies	2.292	Noun
danishes	2.292	Verb
dater	2.292	Noun
datsun	2.292	Noun
deceiver	2.292	Noun
decimate	2.292	Verb
deckhand	2.292	Adverb
defused	2.292	Verb
denser	2.292	Adjective
depicts	2.292	Verb
dere	2.292	Noun
detoxing	2.292	Verb
dewdrops	2.292	Noun
dey	2.292	Noun
dines	2.292	Verb
dinette	2.292	Noun
dinged	2.292	Verb
dirge	2.292	Noun
dishy	2.292	Adjective
disobeys	2.292	Verb
diuretic	2.292	Adjective
dobbins	2.292	Name
domains	2.292	Noun
doodads	2.292	Noun
dorn	2.292	Name
dosages	2.292	Noun
downplay	2.292	Verb
dredged	2.292	Verb
drools	2.292	Verb
drudge	2.292	Noun
drudgery	2.292	Noun
duets	2.292	Noun
durante	2.292	Name
dweller	2.292	Noun
ead	2.292	Noun
earwax	2.292	Noun
eclairs	2.292	Noun
eclipsed	2.292	Verb
eclipses	2.292	Noun
eczema	2.292	Noun
electing	2.292	Verb
elevates	2.292	Verb
ellipsis	2.292	Noun
elmwood	2.292	Name
emitted	2.292	Verb
enact	2.292	Verb
enfield	2.292	Name
enhancer	2.292	Noun
enquiry	2.292	Noun
ensues	2.292	Verb
entrap	2.292	Verb
epoxy	2.292	Adjective
esse	2.292	Noun
evened	2.292	Verb
exacted	2.292	Verb
exemplar	2.292	Adjective
exempted	2.292	Verb
extracts	2.292	Noun
exudes	2.292	Verb
eyeline	2.292	Noun
faddle	2.292	Noun
faggotry	2.292	Noun
fakery	2.292	Noun
fanciest	2.292	Adjective
fannies	2.292	Noun
fatwa	2.292	Name
faut	2.292	Adverb
fazenda	2.292	Name
feasted	2.292	Verb
feigning	2.292	Verb
fens	2.292	Noun
fer	2.292	Noun
feral	2.292	Adjective
ferrets	2.292	Noun
fewest	2.292	Determiner
fiat	2.292	Name
fillies	2.292	Noun
finked	2.292	Verb
firetrap	2.292	Noun
firings	2.292	Noun
firs	2.292	Noun
fishbowl	2.292	Noun
fishers	2.292	Noun
fishnets	2.292	Noun
fistula	2.292	Noun
fjords	2.292	Noun
flab	2.292	Verb
flagging	2.292	Verb
flail	2.292	Noun
flatly	2.292	Adverb
flocked	2.292	Verb
fluttery	2.292	Adjective
foodies	2.292	Name
foreword	2.292	Noun
formats	2.292	Noun
fourche	2.292	Name
fractal	2.292	Adjective
fritters	2.292	Noun
fromage	2.292	Noun
frugal	2.292	Adjective
frumpy	2.292	Adjective
fuming	2.292	Verb
fungi	2.292	Noun
gainst	2.292	Noun
gales	2.292	Noun
galling	2.292	Adjective
ganged	2.292	Verb
gannet	2.292	Noun
gascon	2.292	Name
gateways	2.292	Noun
gauchos	2.292	Noun
gauls	2.292	Name
gaz	2.292	Noun
gearbox	2.292	Noun
geishas	2.292	Noun
gentiles	2.292	Noun
gentlest	2.292	Adjective
geo	2.292	Name
gibsons	2.292	Name
gilt	2.292	Noun
gingham	2.292	Noun
ginkgo	2.292	Noun
glasnost	2.292	Noun
gnocchi	2.292	Noun
goaded	2.292	Verb
goblets	2.292	Noun
goony	2.292	Name
gosling	2.292	Name
goyle	2.292	Name
gradient	2.292	Noun
granado	2.292	Name
grannies	2.292	Noun
grappa	2.292	Noun
greasing	2.292	Verb
greenest	2.292	Adjective
grills	2.292	Noun
grumble	2.292	Verb
gulping	2.292	Verb
gumball	2.292	Noun
gundy	2.292	Name
gurneys	2.292	Noun
gussied	2.292	Verb
haggadah	2.292	Unclassified
halbert	2.292	Name
hallow	2.292	Verb
hamada	2.292	Name
hammocks	2.292	Noun
harrow	2.292	Name
hatbox	2.292	Noun
hatcheck	2.292	Noun
hazelnut	2.292	Noun
headers	2.292	Noun
heavies	2.292	Noun
heeded	2.292	Verb
heighten	2.292	Verb
hemlines	2.292	Noun
hert	2.292	Verb
hitches	2.292	Noun
hoboes	2.292	Noun
hocking	2.292	Verb
hoisting	2.292	Verb
hoists	2.292	Noun
holsters	2.292	Noun
homebody	2.292	Noun
hoorah	2.292	Interjection
hootch	2.292	Noun
hoppity	2.292	Noun
housefly	2.292	Adverb
houseful	2.292	Noun
hoya	2.292	Name
hubs	2.292	Noun
hues	2.292	Noun
huffs	2.292	Verb
hulls	2.292	Noun
humblest	2.292	Adjective
humidor	2.292	Noun
hummed	2.292	Verb
hungers	2.292	Noun
hypoxia	2.292	Noun
hysteric	2.292	Adjective
icehouse	2.292	Noun
imbued	2.292	Verb
impugn	2.292	Verb
impugned	2.292	Verb
inca	2.292	Adjective
incase	2.292	Noun
incisors	2.292	Noun
infuse	2.292	Verb
injects	2.292	Verb
inks	2.292	Noun
inlaid	2.292	Adjective
inroads	2.292	Noun
inscribe	2.292	Verb
interred	2.292	Verb
iodide	2.292	Noun
ionized	2.292	Adjective
irksome	2.292	Adjective
jager	2.292	Noun
jaunty	2.292	Adjective
jests	2.292	Noun
jetsam	2.292	Verb
jibed	2.292	Verb
jimson	2.292	Noun
johannes	2.292	Name
joyfully	2.292	Adverb
joyously	2.292	Adverb
jugglers	2.292	Noun
kaddish	2.292	Noun
keener	2.292	Adjective
keying	2.292	Verb
khartoum	2.292	Name
khedive	2.292	Noun
kickers	2.292	Noun
kindle	2.292	Verb
kindled	2.292	Verb
knead	2.292	Verb
kneading	2.292	Verb
knightly	2.292	Adverb
knut	2.292	Name
kroo	2.292	Name
lagoons	2.292	Noun
lally	2.292	Name
lander	2.292	Noun
lapland	2.292	Name
largesse	2.292	Noun
latvia	2.292	Name
lavished	2.292	Verb
layouts	2.292	Noun
leathery	2.292	Adjective
leftist	2.292	Noun
leger	2.292	Noun
leis	2.292	Noun
lemur	2.292	Noun
levied	2.292	Verb
liaise	2.292	Verb
libretto	2.292	Noun
likened	2.292	Verb
limbic	2.292	Adjective
linchpin	2.292	Noun
lisping	2.292	Verb
listless	2.292	Adjective
lofts	2.292	Noun
looper	2.292	Noun
loyalist	2.292	Adjective
lud	2.292	Name
lugged	2.292	Verb
luxe	2.292	Adjective
lyricist	2.292	Noun
macaws	2.292	Noun
macer	2.292	Name
machina	2.292	Noun
maharaja	2.292	Noun
mainstay	2.292	Noun
maize	2.292	Noun
malts	2.292	Noun
mammary	2.292	Adjective
manchus	2.292	Noun
mangrove	2.292	Noun
manmade	2.292	Adjective
maoris	2.292	Name
marquise	2.292	Noun
mayoral	2.292	Adjective
mealtime	2.292	Noun
medicos	2.292	Noun
megalith	2.292	Noun
mekong	2.292	Name
memoir	2.292	Noun
menorah	2.292	Noun
mentis	2.292	Adjective
messier	2.292	Adjective
meteoric	2.292	Adjective
midriff	2.292	Noun
miggs	2.292	Name
milks	2.292	Noun
milords	2.292	Noun
minos	2.292	Name
mirador	2.292	Noun
mitosis	2.292	Noun
mitral	2.292	Adjective
mollusc	2.292	Noun
moola	2.292	Noun
moonglow	2.292	Name
moonrise	2.292	Noun
moored	2.292	Verb
motility	2.292	Noun
motorman	2.292	Noun
moulded	2.292	Verb
mucky	2.292	Adjective
mudder	2.292	Noun
muley	2.292	Name
muscatel	2.292	Noun
muzak	2.292	Name
myopia	2.292	Noun
nagasaki	2.292	Name
natch	2.292	Verb
nepotism	2.292	Noun
nesters	2.292	Noun
niggaz	2.292	Name
nihilist	2.292	Noun
ninnies	2.292	Noun
nolt	2.292	Name
nostrum	2.292	Unclassified
nowt	2.292	Pronoun
nubile	2.292	Adjective
nudists	2.292	Noun
numbs	2.292	Verb
numeral	2.292	Noun
numerals	2.292	Noun
nuptial	2.292	Adjective
obeah	2.292	Interjection
offal	2.292	Noun
offs	2.292	Noun
okolehao	2.292	Noun
olease	2.292	Verb
oohs	2.292	Noun
ope	2.292	Verb
opec	2.292	Name
oratory	2.292	Noun
ordain	2.292	Verb
oswego	2.292	Name
otters	2.292	Noun
outshoot	2.292	Verb
overhang	2.292	Noun
oversaw	2.292	Verb
overtook	2.292	Verb
overused	2.292	Adjective
pacifica	2.292	Noun
pacts	2.292	Noun
paddled	2.292	Verb
padrone	2.292	Name
palatine	2.292	Name
paloma	2.292	Name
palookas	2.292	Noun
paneling	2.292	Noun
pape	2.292	Name
parable	2.292	Noun
parkas	2.292	Noun
partisan	2.292	Adjective
passer	2.292	Noun
patchy	2.292	Adjective
pawning	2.292	Verb
peckers	2.292	Noun
peeve	2.292	Noun
pelting	2.292	Verb
perineum	2.292	Noun
phys	2.292	Name
pilfered	2.292	Adjective
pinatas	2.292	Noun
pinchers	2.292	Noun
pinheads	2.292	Noun
pipi	2.292	Noun
pius	2.292	Name
plaguing	2.292	Verb
plaids	2.292	Noun
plebeian	2.292	Adjective
plumage	2.292	Noun
pluribus	2.292	Name
policing	2.292	Verb
pomfret	2.292	Noun
pont	2.292	Name
pooping	2.292	Verb
porches	2.292	Noun
poring	2.292	Verb
posy	2.292	Noun
potsie	2.292	Name
poulet	2.292	Noun
pounced	2.292	Verb
preachy	2.292	Adjective
preemie	2.292	Noun
prefab	2.292	Noun
prem	2.292	Name
presets	2.292	Verb
pressman	2.292	Name
preteen	2.292	Adjective
pretties	2.292	Noun
puller	2.292	Noun
puree	2.292	Noun
pursuer	2.292	Noun
pursues	2.292	Verb
puzzler	2.292	Noun
quaalude	2.292	Name
querida	2.292	Noun
quints	2.292	Noun
quintus	2.292	Adjective
rabban	2.292	Noun
radford	2.292	Name
radials	2.292	Noun
ragnarok	2.292	Noun
ragtag	2.292	Noun
rancor	2.292	Noun
ras	2.292	Name
rashly	2.292	Adverb
ravaging	2.292	Verb
readable	2.292	Adjective
rebuked	2.292	Verb
recanted	2.292	Verb
recliner	2.292	Noun
redoubt	2.292	Noun
reeked	2.292	Verb
refueled	2.292	Verb
rejoices	2.292	Verb
rel	2.292	Name
reliably	2.292	Adverb
reliever	2.292	Verb
remedied	2.292	Verb
remoras	2.292	Noun
repealed	2.292	Verb
repels	2.292	Verb
rescuers	2.292	Noun
resect	2.292	Verb
resets	2.292	Verb
resolves	2.292	Verb
resound	2.292	Verb
retches	2.292	Verb
retrofit	2.292	Noun
revelry	2.292	Noun
reviled	2.292	Verb
revolved	2.292	Verb
rewired	2.292	Verb
rhesus	2.292	Noun
rigger	2.292	Noun
rinsed	2.292	Verb
roadies	2.292	Noun
robles	2.292	Name
roker	2.292	Name
ros	2.292	Name
rotenone	2.292	Noun
rotter	2.292	Noun
rovers	2.292	Noun
rubbery	2.292	Adjective
ruder	2.292	Adjective
rutting	2.292	Adjective
sables	2.292	Noun
sabre	2.292	Noun
sacre	2.292	Noun
sadism	2.292	Noun
salaried	2.292	Adjective
samel	2.292	Name
samosas	2.292	Noun
sapling	2.292	Noun
sativa	2.292	Noun
saucier	2.292	Adjective
saurians	2.292	Noun
sawbones	2.292	Noun
scallop	2.292	Noun
scape	2.292	Noun
schemer	2.292	Noun
scuzzy	2.292	Adjective
seep	2.292	Verb
ser	2.292	Noun
serf	2.292	Noun
serra	2.292	Name
settee	2.292	Noun
sexism	2.292	Noun
shale	2.292	Noun
sharpens	2.292	Verb
shudders	2.292	Verb
shul	2.292	Noun
shunning	2.292	Verb
sicced	2.292	Verb
sickroom	2.292	Noun
sienna	2.292	Noun
sifted	2.292	Verb
sills	2.292	Noun
sine	2.292	Noun
singly	2.292	Adverb
singsong	2.292	Noun
sipped	2.292	Verb
skell	2.292	Noun
skeptics	2.292	Noun
slinking	2.292	Verb
slumlord	2.292	Noun
smelting	2.292	Noun
smoothed	2.292	Verb
smugness	2.292	Noun
smyrna	2.292	Name
snares	2.292	Noun
snider	2.292	Name
softens	2.292	Verb
solider	2.292	Noun
solvents	2.292	Noun
somers	2.292	Name
souffles	2.292	Noun
spackle	2.292	Noun
spanner	2.292	Noun
speeded	2.292	Verb
speeder	2.292	Noun
spicer	2.292	Name
spicing	2.292	Verb
splurged	2.292	Verb
staffed	2.292	Verb
stapling	2.292	Verb
starlets	2.292	Noun
steerage	2.292	Noun
stencil	2.292	Noun
stocky	2.292	Adjective
stomps	2.292	Verb
strait	2.292	Noun
studded	2.292	Verb
subtler	2.292	Adjective
suckle	2.292	Verb
sugared	2.292	Adjective
sulfide	2.292	Noun
summa	2.292	Adverb
sunlit	2.292	Adjective
supremo	2.292	Name
swa	2.292	Name
swatting	2.292	Verb
sweatbox	2.292	Noun
swiftest	2.292	Adjective
swimwear	2.292	Noun
synonym	2.292	Noun
syrian	2.292	Adjective
tailback	2.292	Noun
tandoori	2.292	Noun
taper	2.292	Noun
tariffs	2.292	Noun
tarpon	2.292	Noun
taxicabs	2.292	Noun
taxman	2.292	Noun
teed	2.292	Verb
tees	2.292	Noun
tele	2.292	Noun
tequilas	2.292	Noun
textured	2.292	Adjective
theorist	2.292	Noun
thinnest	2.292	Adjective
thrived	2.292	Verb
throaty	2.292	Adjective
thuds	2.292	Verb
tib	2.292	Verb
tind	2.292	Verb
tine	2.292	Adjective
tizzy	2.292	Adjective
toiled	2.292	Verb
tolan	2.292	Name
tomcats	2.292	Noun
tootles	2.292	Noun
topiary	2.292	Noun
tort	2.292	Noun
trances	2.292	Noun
trappist	2.292	Adjective
treble	2.292	Noun
trianon	2.292	Noun
trop	2.292	Noun
trueman	2.292	Name
tumbles	2.292	Verb
tuner	2.292	Noun
turndown	2.292	Noun
twiggy	2.292	Name
twirled	2.292	Verb
typeface	2.292	Noun
unabated	2.292	Adjective
unburned	2.292	Adjective
unchain	2.292	Verb
unclench	2.292	Verb
unedited	2.292	Adjective
unfrozen	2.292	Adjective
unifying	2.292	Adjective
unloads	2.292	Verb
unravels	2.292	Verb
unroll	2.292	Verb
untying	2.292	Verb
unzips	2.292	Verb
uplinked	2.292	Verb
upswing	2.292	Noun
ureter	2.292	Noun
usurp	2.292	Verb
utero	2.292	Noun
utters	2.292	Verb
uvula	2.292	Noun
vapours	2.292	Noun
variant	2.292	Noun
veering	2.292	Verb
ventral	2.292	Adjective
verdugo	2.292	Name
verging	2.292	Verb
vestry	2.292	Noun
violator	2.292	Noun
visceral	2.292	Adjective
visors	2.292	Noun
vitreous	2.292	Adjective
volleys	2.292	Noun
volt	2.292	Noun
vortices	2.292	Noun
wads	2.292	Noun
wafting	2.292	Verb
walleyed	2.292	Adjective
wast	2.292	Verb
watchmen	2.292	Noun
wattage	2.292	Noun
wavered	2.292	Verb
wawa	2.292	Name
webby	2.292	Adjective
welsher	2.292	Noun
welshman	2.292	Noun
welt	2.292	Noun
whalers	2.292	Noun
whirrs	2.292	Verb
whittled	2.292	Verb
whooshes	2.292	Noun
wich	2.292	Noun
winches	2.292	Noun
wiseguys	2.292	Noun
wistful	2.292	Adjective
wobbles	2.292	Verb
wolfing	2.292	Verb
womp	2.292	Verb
wordplay	2.292	Noun
worsened	2.292	Verb
wowed	2.292	Verb
writhe	2.292	Verb
wronger	2.292	Adjective
yarns	2.292	Noun
yaya	2.292	Noun
yeas	2.292	Noun
yeoman	2.292	Noun
yips	2.292	Noun
zealots	2.292	Noun
zinnias	2.292	Noun
zoomed	2.292	Verb
abducts	2.246	Verb
abetted	2.246	Verb
abouts	2.246	Adverb
acacia	2.246	Noun
acc	2.246	Noun
accompli	2.246	Noun
accusers	2.246	Noun
acetone	2.246	Noun
acidosis	2.246	Noun
acker	2.246	Name
acquires	2.246	Verb
addle	2.246	Verb
adorn	2.246	Verb
adorned	2.246	Verb
adriatic	2.246	Name
aff	2.246	Noun
aga	2.246	Name
agrarian	2.246	Adjective
aho	2.246	Noun
airbags	2.246	Noun
albacore	2.246	Noun
alienist	2.246	Noun
alkaloid	2.246	Noun
allocate	2.246	Verb
allot	2.246	Noun
alsatian	2.246	Noun
amassing	2.246	Verb
ambiance	2.246	Noun
amylase	2.246	Noun
anabolic	2.246	Adjective
angriest	2.246	Adjective
annexe	2.246	Noun
anode	2.246	Noun
anteroom	2.246	Noun
anvils	2.246	Noun
aplomb	2.246	Noun
apnea	2.246	Noun
app	2.246	Noun
arias	2.246	Noun
aristo	2.246	Name
armbands	2.246	Noun
armoire	2.246	Noun
armoury	2.246	Noun
armrest	2.246	Adjective
asiatic	2.246	Adjective
aspired	2.246	Verb
aspires	2.246	Verb
assay	2.246	Noun
astride	2.246	Preposition
atoning	2.246	Verb
atreus	2.246	Name
aug	2.246	Name
autumnal	2.246	Adjective
aviary	2.246	Noun
azteca	2.246	Name
babbles	2.246	Verb
badged	2.246	Verb
baffle	2.246	Verb
balder	2.246	Adjective
balinese	2.246	Adjective
balsam	2.246	Noun
balsamic	2.246	Adjective
bankable	2.246	Adjective
bankbook	2.246	Noun
banquets	2.246	Noun
bap	2.246	Noun
baretta	2.246	Name
barrette	2.246	Noun
basque	2.246	Adjective
bastian	2.246	Adjective
batters	2.246	Verb
batton	2.246	Noun
baubles	2.246	Noun
bawd	2.246	Noun
bazoo	2.246	Noun
beakers	2.246	Noun
beasties	2.246	Noun
beatniks	2.246	Noun
beautify	2.246	Verb
beauts	2.246	Noun
bedroll	2.246	Noun
beeline	2.246	Noun
belgians	2.246	Noun
belles	2.246	Noun
bellhops	2.246	Noun
bellwood	2.246	Name
bens	2.246	Name
berated	2.246	Verb
bethel	2.246	Name
bilges	2.246	Noun
birdland	2.246	Noun
blabber	2.246	Verb
blackman	2.246	Name
bladders	2.246	Noun
blanking	2.246	Verb
blots	2.246	Verb
bluefish	2.246	Noun
bolting	2.246	Verb
bookman	2.246	Name
boos	2.246	Noun
bootie	2.246	Noun
boozy	2.246	Adjective
boron	2.246	Name
bounder	2.246	Noun
boxcars	2.246	Noun
bps	2.246	Name
brainpan	2.246	Noun
braving	2.246	Verb
brews	2.246	Noun
brioche	2.246	Noun
brogue	2.246	Noun
broody	2.246	Adjective
budgeted	2.246	Verb
budging	2.246	Verb
bulking	2.246	Verb
bulwark	2.246	Noun
burgle	2.246	Verb
burgling	2.246	Verb
burkes	2.246	Name
bursar	2.246	Noun
bushels	2.246	Noun
bushwood	2.246	Name
cabalism	2.246	Noun
cabman	2.246	Noun
cabooses	2.246	Noun
cajuns	2.246	Noun
caliph	2.246	Noun
campout	2.246	Noun
candids	2.246	Noun
capstan	2.246	Noun
carbons	2.246	Noun
carves	2.246	Verb
carwash	2.246	Noun
casbah	2.246	Name
casks	2.246	Noun
cathode	2.246	Noun
catskill	2.246	Name
caulking	2.246	Verb
cautery	2.246	Noun
cella	2.246	Name
censure	2.246	Verb
cerebrum	2.246	Noun
ceres	2.246	Name
challah	2.246	Noun
chappy	2.246	Adjective
charters	2.246	Noun
chatta	2.246	Noun
chauffer	2.246	Verb
cheetahs	2.246	Noun
chicory	2.246	Noun
chillies	2.246	Noun
choate	2.246	Verb
chuppah	2.246	Noun
chutzpah	2.246	Noun
ciudad	2.246	Name
civilize	2.246	Verb
clamour	2.246	Noun
clashes	2.246	Verb
cliches	2.246	Noun
climates	2.246	Noun
climaxes	2.246	Verb
clomp	2.246	Verb
clumsily	2.246	Adverb
coaxed	2.246	Verb
coaxing	2.246	Verb
cochlear	2.246	Adjective
cockatoo	2.246	Noun
collared	2.246	Verb
colliery	2.246	Noun
combust	2.246	Verb
competes	2.246	Verb
comping	2.246	Verb
concurs	2.246	Verb
confab	2.246	Noun
confers	2.246	Verb
convenes	2.246	Verb
conveys	2.246	Verb
cortes	2.246	Name
costal	2.246	Adjective
costumer	2.246	Noun
councils	2.246	Noun
cozier	2.246	Adjective
cradling	2.246	Verb
creeds	2.246	Noun
criss	2.246	Verb
crochet	2.246	Verb
cronus	2.246	Name
crumple	2.246	Verb
cubbies	2.246	Noun
cued	2.246	Verb
cuppa	2.246	Noun
curdled	2.246	Adjective
curtsey	2.246	Verb
cushie	2.246	Noun
cushing	2.246	Name
cussed	2.246	Verb
cuticles	2.246	Noun
cutoffs	2.246	Noun
cutouts	2.246	Noun
cycled	2.246	Verb
cyclical	2.246	Adjective
dakotas	2.246	Name
damping	2.246	Noun
dazzles	2.246	Verb
deaden	2.246	Verb
deadest	2.246	Adjective
deads	2.246	Noun
debit	2.246	Noun
deepens	2.246	Verb
defamed	2.246	Verb
deficits	2.246	Noun
deflated	2.246	Verb
deftly	2.246	Adverb
delving	2.246	Verb
deniable	2.246	Adjective
denotes	2.246	Verb
deposing	2.246	Verb
derision	2.246	Noun
detritus	2.246	Noun
deutsche	2.246	Name
devalued	2.246	Verb
devonian	2.246	Name
devourer	2.246	Noun
dewdrop	2.246	Noun
dicker	2.246	Noun
didymus	2.246	Name
digoxin	2.246	Noun
dingman	2.246	Name
dinos	2.246	Noun
dishpan	2.246	Noun
distaff	2.246	Noun
distally	2.246	Adverb
divider	2.246	Noun
divining	2.246	Adjective
doff	2.246	Verb
dogfight	2.246	Noun
domed	2.246	Verb
doodad	2.246	Noun
doodled	2.246	Verb
doormen	2.246	Noun
doover	2.246	Name
doper	2.246	Noun
doping	2.246	Verb
dour	2.246	Adjective
downsize	2.246	Verb
drabs	2.246	Noun
droplets	2.246	Noun
drumbeat	2.246	Noun
dumper	2.246	Noun
dunks	2.246	Verb
dura	2.246	Noun
durn	2.246	Noun
durning	2.246	Name
dutchmen	2.246	Noun
earmarks	2.246	Noun
earners	2.246	Noun
easement	2.246	Noun
ectopic	2.246	Adjective
edicts	2.246	Noun
egotism	2.246	Noun
elfin	2.246	Noun
emanated	2.246	Verb
embezzle	2.246	Verb
emeritus	2.246	Adjective
emulsion	2.246	Noun
energico	2.246	Name
enjoin	2.246	Verb
enticed	2.246	Verb
entryway	2.246	Noun
entwine	2.246	Verb
estonian	2.246	Adjective
evolves	2.246	Verb
exalting	2.246	Verb
excise	2.246	Noun
exhaling	2.246	Verb
exploder	2.246	Noun
extremis	2.246	Noun
eyeteeth	2.246	Noun
faeces	2.246	Noun
fancying	2.246	Verb
fealty	2.246	Noun
feigned	2.246	Verb
ferried	2.246	Verb
feuds	2.246	Noun
fevered	2.246	Adjective
fibber	2.246	Noun
fidelis	2.246	Adjective
figgy	2.246	Adjective
fini	2.246	Noun
fining	2.246	Verb
finisher	2.246	Noun
firework	2.246	Noun
firth	2.246	Noun
fissures	2.246	Noun
fitter	2.246	Adjective
fizzing	2.246	Verb
flamed	2.246	Verb
flamer	2.246	Noun
flautist	2.246	Noun
flay	2.246	Verb
flicked	2.246	Verb
flinty	2.246	Noun
flossed	2.246	Verb
flume	2.246	Noun
flusher	2.246	Noun
flutters	2.246	Verb
flyby	2.246	Noun
foetus	2.246	Noun
foist	2.246	Noun
folksy	2.246	Adjective
foots	2.246	Verb
footsies	2.246	Noun
forbear	2.246	Verb
forcible	2.246	Adjective
forges	2.246	Verb
forme	2.246	Noun
foully	2.246	Adverb
fowls	2.246	Noun
freakout	2.246	Verb
frisbees	2.246	Noun
frogmen	2.246	Noun
fugit	2.246	Noun
fulfills	2.246	Verb
fullers	2.246	Name
funneled	2.246	Verb
funnels	2.246	Noun
funning	2.246	Verb
fussed	2.246	Verb
fuzzball	2.246	Noun
gabon	2.246	Name
gadzooks	2.246	Interjection
gallops	2.246	Verb
gargling	2.246	Verb
gashes	2.246	Noun
gaunt	2.246	Adjective
genders	2.246	Noun
geranium	2.246	Noun
germane	2.246	Adjective
gestalt	2.246	Noun
gimlet	2.246	Noun
gip	2.246	Name
gipsy	2.246	Noun
glaciers	2.246	Noun
glared	2.246	Verb
gleba	2.246	Noun
glens	2.246	Noun
glides	2.246	Verb
gloved	2.246	Adjective
glues	2.246	Noun
gluten	2.246	Noun
goatherd	2.246	Noun
goldarn	2.246	Noun
gongs	2.246	Noun
gooney	2.246	Noun
goosed	2.246	Verb
goyim	2.246	Noun
graff	2.246	Name
grafting	2.246	Noun
grated	2.246	Verb
gratify	2.246	Verb
graver	2.246	Adjective
greenish	2.246	Adjective
gremio	2.246	Name
grousing	2.246	Verb
grunted	2.246	Verb
gue	2.246	Name
guffaws	2.246	Noun
gumdrop	2.246	Noun
guttural	2.246	Adjective
gyms	2.246	Noun
gypped	2.246	Verb
gyrating	2.246	Verb
haman	2.246	Noun
harelip	2.246	Verb
hashed	2.246	Verb
hatful	2.246	Noun
hausfrau	2.246	Noun
haver	2.246	Name
hawthorn	2.246	Noun
headsman	2.246	Noun
heisted	2.246	Verb
heroines	2.246	Noun
heros	2.246	Noun
hew	2.246	Verb
heyday	2.246	Noun
hic	2.246	Unclassified
hippest	2.246	Adjective
hoaxes	2.246	Noun
hoodwink	2.246	Verb
hoople	2.246	Noun
hoosiers	2.246	Noun
hophead	2.246	Noun
hopheads	2.246	Noun
hotness	2.246	Noun
hove	2.246	Verb
huffed	2.246	Verb
hulking	2.246	Adjective
humanize	2.246	Verb
hurtled	2.246	Verb
hussies	2.246	Noun
hylas	2.246	Name
ices	2.246	Noun
ide	2.246	Noun
idleness	2.246	Noun
ilium	2.246	Noun
imbibe	2.246	Verb
impair	2.246	Verb
impeded	2.246	Verb
incisive	2.246	Adjective
incisor	2.246	Noun
incited	2.246	Verb
incubus	2.246	Noun
inducer	2.246	Noun
inferred	2.246	Verb
inked	2.246	Verb
inseam	2.246	Noun
insiders	2.246	Noun
insures	2.246	Verb
intermix	2.246	Noun
inwardly	2.246	Adverb
ionic	2.246	Adjective
jabbed	2.246	Verb
jags	2.246	Name
jakarta	2.246	Name
japans	2.246	Name
jeers	2.246	Noun
jejune	2.246	Noun
jigaboo	2.246	Noun
jinni	2.246	Noun
jitter	2.246	Verb
joggers	2.246	Noun
jokingly	2.246	Adverb
jolted	2.246	Verb
jubilant	2.246	Adjective
junks	2.246	Noun
kabbalah	2.246	Name
karat	2.246	Noun
karats	2.246	Noun
keck	2.246	Name
keenest	2.246	Adjective
ketch	2.246	Name
kiang	2.246	Name
kif	2.246	Noun
kimonos	2.246	Noun
knits	2.246	Verb
kobi	2.246	Name
krill	2.246	Noun
kudo	2.246	Noun
labours	2.246	Noun
lactate	2.246	Verb
lalo	2.246	Noun
lambda	2.246	Noun
lamia	2.246	Name
languish	2.246	Verb
lapped	2.246	Verb
larder	2.246	Noun
lathered	2.246	Verb
layup	2.246	Noun
lazier	2.246	Adjective
laziest	2.246	Adjective
leanings	2.246	Noun
lech	2.246	Noun
leeching	2.246	Verb
lehua	2.246	Noun
lender	2.246	Noun
libyans	2.246	Noun
lief	2.246	Noun
liest	2.246	Adjective
linemen	2.246	Noun
linin	2.246	Noun
lisle	2.246	Name
liszt	2.246	Noun
lolling	2.246	Verb
loofa	2.246	Noun
loquitur	2.246	Noun
lowball	2.246	Noun
lowing	2.246	Verb
lowliest	2.246	Adjective
lozenge	2.246	Noun
lozenges	2.246	Noun
lucite	2.246	Noun
lulling	2.246	Verb
lune	2.246	Name
lunt	2.246	Name
machetes	2.246	Noun
madames	2.246	Noun
mailers	2.246	Noun
maiming	2.246	Verb
malaise	2.246	Noun
mangos	2.246	Noun
manito	2.246	Noun
marigold	2.246	Noun
marketed	2.246	Verb
markup	2.246	Noun
martinet	2.246	Noun
mashie	2.246	Noun
masque	2.246	Noun
masts	2.246	Noun
meagre	2.246	Adjective
mealy	2.246	Adjective
meatless	2.246	Adjective
medico	2.246	Noun
menswear	2.246	Noun
merges	2.246	Verb
midrange	2.246	Noun
midship	2.246	Noun
midwives	2.246	Noun
milos	2.246	Name
mingled	2.246	Verb
minimise	2.246	Verb
minks	2.246	Noun
modular	2.246	Adjective
moidores	2.246	Noun
molests	2.246	Verb
moliere	2.246	Noun
mollusk	2.246	Noun
mommie	2.246	Name
monde	2.246	Unclassified
morbidly	2.246	Adverb
morsels	2.246	Noun
moseying	2.246	Verb
mosh	2.246	Noun
mota	2.246	Noun
mourner	2.246	Noun
moveable	2.246	Adjective
munched	2.246	Verb
munition	2.246	Noun
muscled	2.246	Verb
mushing	2.246	Verb
musicale	2.246	Noun
mutineer	2.246	Noun
myrt	2.246	Verb
naan	2.246	Noun
nappies	2.246	Noun
nasi	2.246	Name
nays	2.246	Noun
nazism	2.246	Noun
nears	2.246	Verb
neglects	2.246	Verb
negress	2.246	Noun
negros	2.246	Noun
neophyte	2.246	Noun
nerts	2.246	Noun
nervy	2.246	Adjective
nester	2.246	Noun
nettle	2.246	Noun
neven	2.246	Noun
nibbled	2.246	Verb
nit	2.246	Verb
nixed	2.246	Verb
noisily	2.246	Adverb
nonhuman	2.246	Noun
noontime	2.246	Noun
nosedive	2.246	Noun
notepad	2.246	Noun
novena	2.246	Noun
novus	2.246	Noun
nuclei	2.246	Noun
numskull	2.246	Noun
obscura	2.246	Noun
oddities	2.246	Noun
oho	2.246	Interjection
oilman	2.246	Noun
olam	2.246	Noun
ona	2.246	Noun
orator	2.246	Noun
ordo	2.246	Noun
orioles	2.246	Noun
orly	2.246	Name
outfoxed	2.246	Verb
outmoded	2.246	Adjective
outsells	2.246	Verb
outsides	2.246	Noun
overfed	2.246	Verb
overrode	2.246	Verb
paisano	2.246	Noun
pallid	2.246	Adjective
pampas	2.246	Noun
pantsuit	2.246	Noun
papas	2.246	Noun
papered	2.246	Verb
paralyse	2.246	Verb
paramour	2.246	Noun
parolee	2.246	Noun
partials	2.246	Noun
passerby	2.246	Noun
pawnees	2.246	Noun
payer	2.246	Noun
peddles	2.246	Verb
peeks	2.246	Verb
peevish	2.246	Verb
peignoir	2.246	Noun
penknife	2.246	Noun
pensione	2.246	Noun
peppered	2.246	Verb
peres	2.246	Name
perjure	2.246	Verb
perking	2.246	Verb
pervs	2.246	Noun
pestered	2.246	Verb
pho	2.246	Noun
phobic	2.246	Adjective
physio	2.246	Noun
pianists	2.246	Noun
pickaxe	2.246	Noun
piglets	2.246	Noun
pigtail	2.246	Noun
pilings	2.246	Noun
pilis	2.246	Noun
pimlico	2.246	Name
piney	2.246	Noun
pinion	2.246	Noun
pinprick	2.246	Noun
piquet	2.246	Noun
piteous	2.246	Adjective
plaques	2.246	Noun
plated	2.246	Verb
pleaser	2.246	Noun
plonker	2.246	Noun
pokers	2.246	Noun
polloi	2.246	Noun
poofs	2.246	Noun
porte	2.246	Noun
portly	2.246	Adjective
porto	2.246	Name
pouches	2.246	Noun
pourquoi	2.246	Unclassified
prairies	2.246	Noun
preppies	2.246	Name
prf	2.246	Name
primes	2.246	Noun
prompter	2.246	Noun
proofed	2.246	Verb
prudes	2.246	Noun
ptolemy	2.246	Name
pucks	2.246	Noun
puddy	2.246	Noun
pudge	2.246	Noun
puffin	2.246	Noun
punkin	2.246	Noun
pursuers	2.246	Noun
putterer	2.246	Noun
pythia	2.246	Name
quai	2.246	Name
quale	2.246	Name
quarks	2.246	Noun
queries	2.246	Noun
queuing	2.246	Verb
raceway	2.246	Noun
radars	2.246	Noun
ragweed	2.246	Verb
rana	2.246	Noun
rarefied	2.246	Adjective
raspy	2.246	Adjective
rassle	2.246	Noun
raze	2.246	Verb
razz	2.246	Verb
razzle	2.246	Verb
rearm	2.246	Verb
rebut	2.246	Verb
receded	2.246	Verb
recline	2.246	Verb
reddest	2.246	Adjective
referees	2.246	Noun
rejoined	2.246	Verb
remand	2.246	Verb
remitted	2.246	Verb
remora	2.246	Noun
repast	2.246	Noun
repeal	2.246	Verb
repented	2.246	Verb
replete	2.246	Adjective
resell	2.246	Verb
residues	2.246	Noun
reverb	2.246	Noun
rework	2.246	Verb
ribald	2.246	Adjective
riddler	2.246	Noun
rigel	2.246	Name
rigidly	2.246	Adverb
ringed	2.246	Verb
riotous	2.246	Adjective
riskier	2.246	Adjective
roanoke	2.246	Name
rondo	2.246	Name
ronin	2.246	Noun
rosters	2.246	Noun
rounders	2.246	Noun
rubens	2.246	Name
rucksack	2.246	Noun
russet	2.246	Adjective
sacking	2.246	Noun
sadi	2.246	Name
sagan	2.246	Name
salamis	2.246	Noun
salomon	2.246	Noun
sameness	2.246	Noun
samoan	2.246	Adjective
sangria	2.246	Noun
sapped	2.246	Verb
sarcoma	2.246	Noun
saucepan	2.246	Noun
saunter	2.246	Verb
scaliger	2.246	Name
scallion	2.246	Noun
scarcity	2.246	Noun
scathing	2.246	Adjective
sconce	2.246	Noun
scraggly	2.246	Adverb
scrawled	2.246	Verb
scrunchy	2.246	Adjective
seaport	2.246	Noun
seeding	2.246	Verb
seeps	2.246	Verb
seminole	2.246	Noun
seraph	2.246	Name
sert	2.246	Name
sextant	2.246	Noun
shaded	2.246	Adjective
shakiest	2.246	Adjective
shamans	2.246	Noun
shawls	2.246	Noun
sher	2.246	Name
sherif	2.246	Name
shiel	2.246	Name
shills	2.246	Noun
shim	2.246	Verb
shouldnt	2.246	Verb
shoveler	2.246	Noun
shrivels	2.246	Verb
shunted	2.246	Verb
shushed	2.246	Verb
shushing	2.246	Verb
shyly	2.246	Adverb
sibylla	2.246	Noun
sidearms	2.246	Noun
sizzles	2.246	Noun
skimping	2.246	Verb
slanting	2.246	Verb
slants	2.246	Verb
slickers	2.246	Noun
slipup	2.246	Noun
slog	2.246	Verb
slops	2.246	Noun
slumping	2.246	Verb
smarmy	2.246	Adjective
smartly	2.246	Adverb
sniffers	2.246	Noun
soaping	2.246	Verb
soberly	2.246	Adverb
societal	2.246	Adjective
soils	2.246	Verb
solon	2.246	Name
soluble	2.246	Adjective
sorghum	2.246	Noun
sorties	2.246	Noun
sots	2.246	Noun
sours	2.246	Verb
sows	2.246	Verb
soya	2.246	Noun
spayed	2.246	Verb
speculum	2.246	Noun
spiff	2.246	Verb
spindler	2.246	Name
splashy	2.246	Adjective
spliff	2.246	Noun
spools	2.246	Noun
spooned	2.246	Verb
spoor	2.246	Noun
sprains	2.246	Verb
spurts	2.246	Noun
squib	2.246	Noun
squires	2.246	Noun
ssu	2.246	Noun
staccato	2.246	Noun
standout	2.246	Noun
steamers	2.246	Noun
steeds	2.246	Noun
sterns	2.246	Name
steuben	2.246	Name
stilted	2.246	Verb
stodgy	2.246	Adjective
stogies	2.246	Noun
stooling	2.246	Verb
streamed	2.246	Verb
strider	2.246	Noun
strobes	2.246	Noun
strop	2.246	Noun
studding	2.246	Verb
stuntmen	2.246	Noun
stymie	2.246	Name
subbed	2.246	Verb
subnet	2.246	Noun
sultana	2.246	Name
sunfish	2.246	Noun
swooning	2.246	Verb
syncope	2.246	Noun
synonyms	2.246	Noun
tableau	2.246	Noun
taciturn	2.246	Verb
takeoffs	2.246	Noun
takings	2.246	Noun
tallied	2.246	Verb
tans	2.246	Noun
tasking	2.246	Verb
tates	2.246	Name
tattle	2.246	Verb
taunts	2.246	Verb
tbs	2.246	Noun
teeing	2.246	Verb
teel	2.246	Verb
teenaged	2.246	Adjective
telepath	2.246	Noun
tem	2.246	Noun
terrapin	2.246	Name
terse	2.246	Adjective
testa	2.246	Unclassified
testes	2.246	Noun
texted	2.246	Verb
thacker	2.246	Name
thallium	2.246	Noun
thaws	2.246	Verb
themed	2.246	Verb
thermo	2.246	Noun
theseus	2.246	Name
thickest	2.246	Adjective
thralls	2.246	Noun
thumbed	2.246	Verb
thusly	2.246	Adverb
tiber	2.246	Noun
timar	2.246	Noun
tinnitus	2.246	Noun
tob	2.246	Name
todays	2.246	Noun
tommies	2.246	Noun
tooken	2.246	Adjective
topknot	2.246	Noun
tostada	2.246	Noun
tracts	2.246	Noun
tradeoff	2.246	Noun
treacle	2.246	Noun
trestle	2.246	Noun
trin	2.246	Noun
trotted	2.246	Verb
trusses	2.246	Noun
tucuman	2.246	Name
tufts	2.246	Noun
tungsten	2.246	Noun
tunics	2.246	Noun
turgid	2.246	Adjective
turners	2.246	Name
tushie	2.246	Noun
twang	2.246	Noun
tweaks	2.246	Noun
tweedle	2.246	Verb
twere	2.246	#N/A
twirly	2.246	Adverb
twitter	2.246	Verb
twofold	2.246	Adverb
typecast	2.246	Verb
typos	2.246	Noun
ubc	2.246	Noun
unblock	2.246	Noun
uncouple	2.246	Verb
uncovers	2.246	Verb
unction	2.246	Noun
undercut	2.246	Verb
uneaten	2.246	Adjective
unfasten	2.246	Verb
unnerve	2.246	Verb
untested	2.246	Adjective
updraft	2.246	Noun
uptake	2.246	Noun
upturned	2.246	Adjective
valens	2.246	Noun
vaquero	2.246	Noun
vaulted	2.246	Adjective
velvety	2.246	Adjective
vented	2.246	Verb
verdant	2.246	Adjective
victors	2.246	Noun
vilest	2.246	Adjective
vilify	2.246	Verb
vindaloo	2.246	Noun
vineland	2.246	Name
virgilia	2.246	Noun
visibly	2.246	Adverb
vitriol	2.246	Noun
vivo	2.246	Noun
vol	2.246	Noun
volante	2.246	Noun
waft	2.246	Verb
wagoner	2.246	Name
wakeman	2.246	Name
wangle	2.246	Verb
weaved	2.246	Verb
weeble	2.246	Noun
weeny	2.246	Adjective
weirds	2.246	Noun
welshed	2.246	Verb
wert	2.246	Name
westerly	2.246	Adjective
wey	2.246	Name
whet	2.246	Verb
whiskies	2.246	Noun
whiteout	2.246	Noun
whities	2.246	Noun
whodunit	2.246	Noun
wielded	2.246	Verb
wiggler	2.246	Noun
wilding	2.246	Name
wimple	2.246	Noun
winces	2.246	Verb
womanly	2.246	Adjective
wombats	2.246	Noun
wordy	2.246	Adjective
worming	2.246	Verb
worser	2.246	Noun
worths	2.246	Noun
wowser	2.246	Noun
wray	2.246	Name
wroth	2.246	Noun
yangtze	2.246	Name
yaps	2.246	Noun
yecch	2.246	Verb
yenta	2.246	Noun
yolks	2.246	Noun
youve	2.246	Noun
yowling	2.246	Verb
yugoslav	2.246	Adjective
yuh	2.246	Noun
zambia	2.246	Name
zaps	2.246	Verb
zesty	2.246	Adjective
abattoir	2.195	Noun
abeam	2.195	Noun
abhorred	2.195	Verb
accede	2.195	Verb
accorded	2.195	Verb
acolyte	2.195	Noun
acronyms	2.195	Noun
actuary	2.195	Noun
acumen	2.195	Noun
adc	2.195	Name
adjunct	2.195	Noun
affirmed	2.195	Verb
aghast	2.195	Adjective
airflow	2.195	Noun
alar	2.195	Name
alfresco	2.195	Noun
alopecia	2.195	Noun
altos	2.195	Name
alum	2.195	Noun
alway	2.195	Noun
amba	2.195	Name
ame	2.195	Name
amidship	2.195	Noun
analyses	2.195	Noun
anas	2.195	Name
anchovy	2.195	Noun
angioma	2.195	Noun
angular	2.195	Adjective
anklets	2.195	Noun
annexed	2.195	Verb
ans	2.195	Noun
apprise	2.195	Verb
aquiver	2.195	Verb
arcing	2.195	Verb
arco	2.195	Name
ardor	2.195	Noun
areola	2.195	Noun
aromas	2.195	Noun
arraign	2.195	Verb
arround	2.195	Verb
ars	2.195	Verb
artfully	2.195	Adverb
artistes	2.195	Noun
asgard	2.195	Name
ashcan	2.195	Noun
atrial	2.195	Adjective
attics	2.195	Noun
attn	2.195	Verb
audits	2.195	Noun
awapuhi	2.195	Noun
axial	2.195	Adjective
axiom	2.195	Noun
azrael	2.195	Name
babysat	2.195	Verb
backlash	2.195	Noun
baling	2.195	Verb
banda	2.195	Noun
bandi	2.195	Name
banjos	2.195	Noun
banns	2.195	Noun
baphomet	2.195	Name
barabbas	2.195	Name
barbells	2.195	Noun
baser	2.195	Adjective
basins	2.195	Noun
beagles	2.195	Noun
bedouins	2.195	Noun
bedtimes	2.195	Noun
begot	2.195	Verb
behooves	2.195	Verb
belgrade	2.195	Name
belike	2.195	Adjective
beltane	2.195	Noun
bennies	2.195	Noun
berber	2.195	Adjective
berths	2.195	Noun
bespeak	2.195	Verb
bestial	2.195	Adjective
bhisti	2.195	Noun
biannual	2.195	Adjective
biathlon	2.195	Noun
biddies	2.195	Noun
bight	2.195	Noun
bilked	2.195	Verb
biologic	2.195	Adjective
birdmen	2.195	Noun
bleeped	2.195	Verb
blogs	2.195	Noun
bloopers	2.195	Noun
blotchy	2.195	Noun
blowouts	2.195	Noun
bluish	2.195	Adjective
blunted	2.195	Adjective
blushed	2.195	Verb
bobbin	2.195	Noun
boffo	2.195	Noun
boldest	2.195	Adjective
bonanzas	2.195	Noun
bonked	2.195	Verb
bonnets	2.195	Noun
bouillon	2.195	Noun
branched	2.195	Verb
branner	2.195	Name
brasier	2.195	Name
brazenly	2.195	Adverb
breads	2.195	Noun
bricked	2.195	Verb
brinks	2.195	Noun
brunel	2.195	Name
buckskin	2.195	Noun
bucolic	2.195	Adjective
buffs	2.195	Noun
bugaboo	2.195	Noun
buicks	2.195	Noun
bumpkins	2.195	Noun
bunked	2.195	Verb
bunko	2.195	Noun
bureaus	2.195	Noun
burks	2.195	Name
burl	2.195	Name
buttes	2.195	Noun
bypasses	2.195	Noun
byway	2.195	Noun
cabala	2.195	Noun
cabbies	2.195	Noun
cadmium	2.195	Noun
cajole	2.195	Noun
calumet	2.195	Name
canberra	2.195	Name
canto	2.195	Noun
caped	2.195	Adjective
capella	2.195	Name
carbone	2.195	Name
caresses	2.195	Noun
cargos	2.195	Noun
carotene	2.195	Noun
carted	2.195	Verb
casitas	2.195	Name
catwalks	2.195	Noun
caucasus	2.195	Name
caustic	2.195	Adjective
ceasing	2.195	Verb
celebs	2.195	Noun
centaur	2.195	Noun
chaffs	2.195	Verb
changs	2.195	Name
charlet	2.195	Name
charmers	2.195	Noun
cheapo	2.195	Noun
chello	2.195	Noun
chemin	2.195	Noun
chiba	2.195	Name
chinook	2.195	Noun
chippies	2.195	Noun
chitty	2.195	Name
chokey	2.195	Name
cholos	2.195	Noun
chows	2.195	Name
cia	2.195	Noun
cinched	2.195	Verb
circs	2.195	Noun
civilise	2.195	Verb
clamming	2.195	Verb
clamor	2.195	Noun
clashing	2.195	Adjective
claxon	2.195	Noun
climatic	2.195	Adjective
clitoral	2.195	Adjective
cloaks	2.195	Noun
clods	2.195	Noun
cloven	2.195	Adjective
coaxial	2.195	Adjective
coccyx	2.195	Noun
cochon	2.195	Noun
coda	2.195	Noun
coercive	2.195	Adjective
cohesive	2.195	Adjective
coldly	2.195	Adverb
colorist	2.195	Noun
compiler	2.195	Noun
complies	2.195	Verb
condones	2.195	Verb
confides	2.195	Verb
conical	2.195	Adjective
coombes	2.195	Name
copycats	2.195	Noun
cornhole	2.195	Noun
corning	2.195	Verb
coronal	2.195	Adjective
corrodes	2.195	Verb
corsair	2.195	Noun
couching	2.195	Verb
coulee	2.195	Noun
counsels	2.195	Noun
couth	2.195	Noun
covin	2.195	Name
cowhide	2.195	Noun
crackup	2.195	Noun
cradled	2.195	Verb
creditor	2.195	Noun
creosote	2.195	Noun
crests	2.195	Noun
criollo	2.195	Noun
cropping	2.195	Verb
cuffing	2.195	Verb
culter	2.195	Noun
curbside	2.195	Noun
curst	2.195	Noun
cuttings	2.195	Noun
cybersex	2.195	Noun
cysts	2.195	Noun
czechs	2.195	Noun
dampened	2.195	Verb
dampness	2.195	Noun
dand	2.195	Verb
dangles	2.195	Verb
darkie	2.195	Noun
darkly	2.195	Adverb
darky	2.195	Noun
deacons	2.195	Noun
decals	2.195	Noun
deceives	2.195	Verb
deejays	2.195	Noun
deforest	2.195	Name
defusing	2.195	Verb
deigns	2.195	Verb
deleting	2.195	Verb
dells	2.195	Name
deltoids	2.195	Noun
demigods	2.195	Noun
densely	2.195	Adverb
denting	2.195	Verb
deplete	2.195	Verb
detract	2.195	Verb
deviates	2.195	Noun
devotee	2.195	Noun
devotees	2.195	Noun
devoutly	2.195	Adverb
diffuser	2.195	Noun
diker	2.195	Name
diluting	2.195	Verb
dimethyl	2.195	Name
dingbat	2.195	Noun
diode	2.195	Noun
dionysus	2.195	Name
disposes	2.195	Verb
distill	2.195	Verb
ditzy	2.195	Adjective
divisive	2.195	Adjective
divots	2.195	Noun
divulged	2.195	Verb
dizzying	2.195	Adjective
dob	2.195	Name
dobbin	2.195	Noun
docent	2.195	Adjective
doge	2.195	Noun
dogies	2.195	Noun
dominica	2.195	Name
downcast	2.195	Adjective
dribbled	2.195	Verb
drogue	2.195	Noun
drooping	2.195	Adjective
dropouts	2.195	Noun
droughts	2.195	Noun
dryness	2.195	Noun
dulcet	2.195	Noun
dullness	2.195	Noun
dumbness	2.195	Noun
dumby	2.195	Name
durian	2.195	Noun
dustbin	2.195	Noun
easterly	2.195	Adjective
eastward	2.195	Adverb
ebbs	2.195	Noun
ecru	2.195	Noun
ectopy	2.195	Noun
effusive	2.195	Adjective
egotist	2.195	Noun
elbowed	2.195	Verb
elses	2.195	Verb
emitter	2.195	Noun
emptier	2.195	Adjective
encircle	2.195	Verb
encoding	2.195	Adjective
encores	2.195	Noun
endemic	2.195	Adjective
endive	2.195	Noun
engender	2.195	Verb
engrams	2.195	Noun
enlarger	2.195	Noun
enrol	2.195	Verb
epithet	2.195	Noun
epoch	2.195	Noun
epsom	2.195	Name
equine	2.195	Adjective
erasmus	2.195	Name
erector	2.195	Noun
erred	2.195	Verb
ersatz	2.195	Adjective
escapist	2.195	Noun
espace	2.195	Name
especial	2.195	Adjective
ethos	2.195	Noun
evasions	2.195	Noun
exclaim	2.195	Verb
executes	2.195	Verb
exerts	2.195	Verb
expiring	2.195	Verb
eyewash	2.195	Noun
facelift	2.195	Noun
facie	2.195	Adjective
falsity	2.195	Noun
faltered	2.195	Verb
falters	2.195	Verb
fantom	2.195	Noun
farmtown	2.195	Name
fas	2.195	Noun
fatales	2.195	Noun
fatties	2.195	Noun
fatuous	2.195	Adjective
favelas	2.195	Noun
fazed	2.195	Verb
feeler	2.195	Noun
feldspar	2.195	Noun
felines	2.195	Noun
fellah	2.195	Noun
fenian	2.195	Adjective
ferrer	2.195	Name
fetid	2.195	Adjective
fets	2.195	Name
fetuses	2.195	Noun
fibs	2.195	Noun
fibular	2.195	Adjective
fiddles	2.195	Noun
fidgets	2.195	Noun
fiftieth	2.195	Number
figments	2.195	Noun
filch	2.195	Name
finis	2.195	Noun
fishwife	2.195	Noun
fissile	2.195	Adjective
fixate	2.195	Verb
flaxen	2.195	Noun
fleck	2.195	Noun
floozie	2.195	Noun
florists	2.195	Noun
foetal	2.195	Adjective
foge	2.195	Noun
foh	2.195	Name
foibles	2.195	Noun
fokker	2.195	Noun
folic	2.195	Adjective
foremen	2.195	Noun
forfeits	2.195	Verb
fou	2.195	Noun
fra	2.195	Name
freesia	2.195	Noun
frere	2.195	Noun
frey	2.195	Name
friars	2.195	Noun
frisking	2.195	Verb
frogman	2.195	Noun
frolics	2.195	Noun
fronds	2.195	Noun
fruited	2.195	Adjective
frump	2.195	Noun
fumigate	2.195	Verb
funkier	2.195	Adjective
funnest	2.195	Adjective
gabler	2.195	Name
galilean	2.195	Noun
garrick	2.195	Name
gasser	2.195	Noun
gasworks	2.195	Noun
geste	2.195	Name
getaways	2.195	Noun
gimbal	2.195	Adjective
gins	2.195	Noun
gird	2.195	Verb
girders	2.195	Noun
gizzards	2.195	Noun
gleeful	2.195	Adjective
glut	2.195	Noun
gluteal	2.195	Adjective
gluteus	2.195	Noun
gluttons	2.195	Noun
glycerin	2.195	Noun
gnashing	2.195	Noun
gnaws	2.195	Verb
goad	2.195	Verb
golds	2.195	Noun
goofs	2.195	Verb
goshen	2.195	Name
gouges	2.195	Noun
grads	2.195	Noun
grater	2.195	Noun
graviton	2.195	Noun
greenery	2.195	Noun
grimly	2.195	Adverb
gripper	2.195	Noun
gro	2.195	Noun
grocers	2.195	Noun
groover	2.195	Name
grouped	2.195	Verb
gumming	2.195	Verb
gushy	2.195	Adjective
guyana	2.195	Name
gyros	2.195	Noun
hairiest	2.195	Adjective
halting	2.195	Adjective
halve	2.195	Verb
hampered	2.195	Verb
hants	2.195	Noun
harasses	2.195	Verb
harshest	2.195	Adjective
hatchery	2.195	Noun
hatpin	2.195	Noun
hatreds	2.195	Noun
hav	2.195	Noun
hawkers	2.195	Noun
heelers	2.195	Noun
henrys	2.195	Name
herby	2.195	Name
hiawatha	2.195	Noun
hibachi	2.195	Noun
hie	2.195	Verb
hilarity	2.195	Noun
hipper	2.195	Noun
hitherto	2.195	Adverb
hobbled	2.195	Verb
hol	2.195	Verb
hollo	2.195	Name
honchos	2.195	Noun
hookups	2.195	Noun
hoppers	2.195	Noun
hornier	2.195	Adjective
horrify	2.195	Verb
hostels	2.195	Noun
hotrod	2.195	Noun
hovers	2.195	Verb
howlers	2.195	Noun
hubcap	2.195	Noun
hugest	2.195	Adjective
huggers	2.195	Noun
humbles	2.195	Verb
hymnals	2.195	Noun
hypos	2.195	Noun
idler	2.195	Adjective
idlers	2.195	Noun
idolize	2.195	Verb
ids	2.195	Noun
imbedded	2.195	Verb
impeller	2.195	Noun
impetus	2.195	Noun
imps	2.195	Noun
impurity	2.195	Noun
inaction	2.195	Noun
infects	2.195	Verb
inflates	2.195	Verb
infringe	2.195	Verb
installs	2.195	Verb
insuring	2.195	Verb
integer	2.195	Noun
irishman	2.195	Noun
islam	2.195	Noun
isolates	2.195	Verb
itched	2.195	Verb
jitney	2.195	Noun
jogged	2.195	Verb
jotting	2.195	Verb
juggled	2.195	Verb
juiciest	2.195	Adjective
juicing	2.195	Verb
juleps	2.195	Noun
junker	2.195	Noun
kanga	2.195	Name
kernels	2.195	Noun
kiddos	2.195	Noun
kinsmen	2.195	Noun
kiowa	2.195	Name
kiwis	2.195	Noun
knifes	2.195	Noun
knotty	2.195	Adjective
knowhow	2.195	Verb
kopeck	2.195	Noun
kori	2.195	Noun
krantz	2.195	Name
kronen	2.195	Adjective
kugel	2.195	Noun
lacing	2.195	Verb
ladybird	2.195	Noun
lags	2.195	Noun
lagunas	2.195	Name
lambada	2.195	Noun
lanai	2.195	Noun
landmine	2.195	Noun
lapis	2.195	Noun
larch	2.195	Noun
larval	2.195	Adjective
latches	2.195	Noun
laureate	2.195	Noun
layering	2.195	Noun
leaver	2.195	Noun
leda	2.195	Name
legged	2.195	Adjective
lessened	2.195	Verb
lettered	2.195	Verb
levis	2.195	Name
leyden	2.195	Name
libation	2.195	Noun
lightens	2.195	Verb
lightman	2.195	Name
lilting	2.195	Verb
limped	2.195	Verb
livelier	2.195	Adjective
lobbied	2.195	Verb
locates	2.195	Verb
locum	2.195	Noun
longbow	2.195	Noun
longings	2.195	Noun
lops	2.195	Name
lordly	2.195	Adjective
lowbrow	2.195	Noun
lowery	2.195	Name
lucian	2.195	Name
lumina	2.195	Noun
lupin	2.195	Noun
lusted	2.195	Verb
lustre	2.195	Noun
macs	2.195	Name
madrigal	2.195	Noun
magister	2.195	Noun
manacled	2.195	Verb
mannered	2.195	Adjective
mannerly	2.195	Adjective
maori	2.195	Adjective
mapmaker	2.195	Noun
maracas	2.195	Noun
marais	2.195	Name
marauder	2.195	Noun
marianna	2.195	Name
marque	2.195	Noun
marred	2.195	Verb
marxism	2.195	Noun
mascots	2.195	Noun
maths	2.195	Noun
melosa	2.195	Name
menthols	2.195	Noun
merton	2.195	Name
meuse	2.195	Name
mickler	2.195	Name
micmac	2.195	Noun
middling	2.195	Adjective
mideast	2.195	Name
miked	2.195	Verb
mildewed	2.195	Adjective
mimsey	2.195	Noun
mingles	2.195	Verb
minivans	2.195	Noun
minored	2.195	Verb
minster	2.195	Noun
mirages	2.195	Noun
mirza	2.195	Name
misnomer	2.195	Noun
misusing	2.195	Verb
mobil	2.195	Name
mobiles	2.195	Noun
mohel	2.195	Noun
mol	2.195	Noun
molt	2.195	Verb
mome	2.195	Noun
monmouth	2.195	Name
morin	2.195	Name
mornay	2.195	Name
mortify	2.195	Verb
mothered	2.195	Verb
motorway	2.195	Noun
mouton	2.195	Name
mucked	2.195	Verb
muffed	2.195	Verb
muleta	2.195	Noun
muling	2.195	Verb
musings	2.195	Noun
musky	2.195	Adjective
mutinous	2.195	Adjective
mynheer	2.195	Name
mystify	2.195	Verb
naa	2.195	Noun
nabs	2.195	Verb
nacelle	2.195	Noun
nach	2.195	Unclassified
naga	2.195	Name
naish	2.195	Name
naphtha	2.195	Noun
nasally	2.195	Adverb
natale	2.195	Name
navels	2.195	Noun
nerka	2.195	Name
nettles	2.195	Noun
neuron	2.195	Noun
neuters	2.195	Noun
newburg	2.195	Name
nijinsky	2.195	Name
nitta	2.195	Name
nodules	2.195	Noun
noisier	2.195	Adjective
nona	2.195	Name
nota	2.195	Noun
nuanced	2.195	Verb
nub	2.195	Noun
nuzzle	2.195	Verb
oberon	2.195	Name
obispo	2.195	Name
obliges	2.195	Verb
obs	2.195	Name
obscures	2.195	Verb
occluded	2.195	Adjective
odeon	2.195	Noun
offshoot	2.195	Noun
okays	2.195	Verb
olde	2.195	Adjective
oliphant	2.195	Name
ondine	2.195	Name
oolong	2.195	Noun
operetta	2.195	Noun
opulent	2.195	Adjective
orbited	2.195	Verb
outdraw	2.195	Verb
outflow	2.195	Noun
outmodes	2.195	Noun
outtake	2.195	Noun
outwards	2.195	Adverb
outworn	2.195	Adjective
overcook	2.195	Verb
overplay	2.195	Verb
overruns	2.195	Noun
ovum	2.195	Noun
pacifism	2.195	Noun
paiute	2.195	Verb
paladin	2.195	Name
pallets	2.195	Noun
pallor	2.195	Noun
palmers	2.195	Noun
panorama	2.195	Noun
parky	2.195	Name
parlayed	2.195	Verb
pastoral	2.195	Adjective
payola	2.195	Noun
peal	2.195	Verb
pelicans	2.195	Noun
penciled	2.195	Verb
pentacle	2.195	Noun
perdu	2.195	Name
perusing	2.195	Verb
peugeot	2.195	Name
pews	2.195	Noun
phalanx	2.195	Noun
phylum	2.195	Noun
pickman	2.195	Name
pigfoot	2.195	Name
pikers	2.195	Noun
piller	2.195	Name
pinwheel	2.195	Noun
pitiable	2.195	Adjective
pix	2.195	Verb
pixel	2.195	Noun
planed	2.195	Verb
pliable	2.195	Adjective
plied	2.195	Verb
plunders	2.195	Verb
plunk	2.195	Verb
plutonic	2.195	Adjective
pocketed	2.195	Verb
polishes	2.195	Verb
polymers	2.195	Noun
polyps	2.195	Noun
pompom	2.195	Noun
ponchos	2.195	Noun
popovers	2.195	Noun
poss	2.195	Verb
possums	2.195	Noun
postures	2.195	Noun
potshot	2.195	Noun
potshots	2.195	Noun
ppl	2.195	Noun
pralines	2.195	Noun
precept	2.195	Noun
precepts	2.195	Noun
prenups	2.195	Noun
presumes	2.195	Verb
prettied	2.195	Verb
prio	2.195	Name
prolongs	2.195	Verb
prussia	2.195	Name
ptomaine	2.195	Noun
puma	2.195	Noun
pumice	2.195	Noun
pyrenees	2.195	Name
queendom	2.195	Noun
queenly	2.195	Adverb
querido	2.195	Noun
quip	2.195	Noun
quixotic	2.195	Adjective
quizzed	2.195	Verb
radiated	2.195	Verb
ranged	2.195	Verb
ratbag	2.195	Verb
raun	2.195	Noun
reaffirm	2.195	Verb
realer	2.195	Adjective
reamed	2.195	Verb
recused	2.195	Verb
redline	2.195	Verb
redraw	2.195	Verb
reedy	2.195	Name
reelect	2.195	Verb
reenter	2.195	Verb
reet	2.195	Verb
refile	2.195	Noun
refilled	2.195	Verb
refuted	2.195	Verb
reinvest	2.195	Adjective
relived	2.195	Verb
remit	2.195	Verb
renewals	2.195	Noun
repack	2.195	Verb
replant	2.195	Verb
replying	2.195	Verb
repped	2.195	Verb
reprint	2.195	Noun
reprise	2.195	Verb
resided	2.195	Verb
resigns	2.195	Verb
restate	2.195	Verb
retaking	2.195	Verb
reverie	2.195	Noun
revile	2.195	Verb
rho	2.195	Noun
riptide	2.195	Noun
risque	2.195	Adjective
roguish	2.195	Adjective
rollaway	2.195	Noun
rollover	2.195	Noun
romeos	2.195	Noun
romper	2.195	Noun
roomier	2.195	Adjective
rooty	2.195	Adjective
rowdies	2.195	Noun
rubicon	2.195	Noun
ruddle	2.195	Name
rumanian	2.195	Adjective
rummaged	2.195	Verb
rumple	2.195	Name
rumpled	2.195	Verb
runty	2.195	Adjective
rutter	2.195	Noun
sabbaths	2.195	Noun
saguaro	2.195	Noun
samovar	2.195	Noun
sanctus	2.195	Unclassified
sanguine	2.195	Adjective
sanitize	2.195	Verb
sappho	2.195	Name
sarong	2.195	Noun
sati	2.195	Noun
satins	2.195	Noun
saxony	2.195	Name
scaler	2.195	Noun
scamps	2.195	Noun
scarfing	2.195	Verb
schizoid	2.195	Adjective
scowling	2.195	Verb
scrips	2.195	Noun
scroop	2.195	Name
scums	2.195	Noun
seaborne	2.195	Name
seahorse	2.195	Noun
sealskin	2.195	Noun
seconde	2.195	Noun
sedans	2.195	Noun
seeded	2.195	Verb
seemly	2.195	Adverb
sequin	2.195	Noun
sequoia	2.195	Name
seraglio	2.195	Noun
serenely	2.195	Adverb
serta	2.195	Name
sexpot	2.195	Noun
shantung	2.195	Name
sharking	2.195	Verb
sharpie	2.195	Noun
shearer	2.195	Name
shekel	2.195	Noun
shekels	2.195	Noun
shiksa	2.195	Noun
shinning	2.195	Verb
shivered	2.195	Verb
shou	2.195	Noun
shrieked	2.195	Verb
shrinker	2.195	Noun
sicked	2.195	Verb
silicate	2.195	Noun
sind	2.195	Noun
sinew	2.195	Noun
sinews	2.195	Noun
skeller	2.195	Name
skelping	2.195	Verb
skew	2.195	Verb
skillets	2.195	Noun
skimmer	2.195	Noun
skint	2.195	Noun
skycap	2.195	Noun
slates	2.195	Noun
slather	2.195	Verb
slayings	2.195	Noun
sleepier	2.195	Adjective
slimmed	2.195	Verb
slipknot	2.195	Noun
slipshod	2.195	Adjective
slithers	2.195	Verb
slopped	2.195	Verb
slopping	2.195	Verb
slumps	2.195	Verb
smuggles	2.195	Verb
snappers	2.195	Noun
sneering	2.195	Verb
snooped	2.195	Verb
snootful	2.195	Adjective
socratic	2.195	Adjective
sods	2.195	Noun
sombre	2.195	Adjective
sorter	2.195	Noun
sowbelly	2.195	Noun
sowed	2.195	Verb
spangler	2.195	Name
sparsely	2.195	Adverb
spiker	2.195	Name
spillage	2.195	Noun
spiny	2.195	Adjective
spiraled	2.195	Verb
spitz	2.195	Name
spore	2.195	Noun
sprawl	2.195	Noun
spumoni	2.195	Noun
squeezer	2.195	Noun
squids	2.195	Noun
stang	2.195	Name
starlit	2.195	Adjective
staves	2.195	Noun
steams	2.195	Verb
steeper	2.195	Adjective
steins	2.195	Noun
stews	2.195	Noun
stinkers	2.195	Noun
stoled	2.195	Verb
straying	2.195	Verb
strick	2.195	Name
stripy	2.195	Adjective
strove	2.195	Verb
strums	2.195	Verb
stuns	2.195	Verb
stupe	2.195	Noun
styler	2.195	Noun
submits	2.195	Verb
suiting	2.195	Verb
sumpter	2.195	Name
sunglass	2.195	Noun
sunroom	2.195	Noun
supermom	2.195	Noun
surety	2.195	Noun
surged	2.195	Verb
sussed	2.195	Verb
sutured	2.195	Verb
swatters	2.195	Verb
sways	2.195	Verb
swilling	2.195	Verb
swinish	2.195	Adjective
swipes	2.195	Verb
synced	2.195	Verb
synched	2.195	Verb
tacit	2.195	Adjective
tangles	2.195	Noun
tankful	2.195	Noun
tariff	2.195	Noun
tarps	2.195	Noun
tash	2.195	Name
taupo	2.195	Name
taw	2.195	Verb
teached	2.195	Verb
tearoom	2.195	Noun
tempts	2.195	Verb
terran	2.195	Adjective
tertius	2.195	Name
teutonic	2.195	Adjective
theses	2.195	Noun
thinners	2.195	Noun
thrombus	2.195	Noun
thumped	2.195	Verb
tilling	2.195	Noun
timbre	2.195	Noun
tines	2.195	Noun
tinkered	2.195	Verb
tipple	2.195	Noun
tiptoed	2.195	Verb
titmouse	2.195	Noun
toehold	2.195	Noun
toff	2.195	Noun
toffs	2.195	Noun
togas	2.195	Noun
tokamak	2.195	Name
toolkit	2.195	Noun
topo	2.195	Noun
topsail	2.195	Noun
topsails	2.195	Noun
tossers	2.195	Noun
totality	2.195	Noun
tourney	2.195	Noun
trainman	2.195	Noun
trams	2.195	Noun
trant	2.195	Name
treeline	2.195	Noun
tributes	2.195	Noun
tripper	2.195	Name
tristate	2.195	Noun
tsun	2.195	Name
tuckers	2.195	Name
tuffet	2.195	Noun
tugger	2.195	Noun
tuxes	2.195	Noun
twaddle	2.195	Noun
tweeze	2.195	Verb
twinkly	2.195	Adjective
twirler	2.195	Noun
twofer	2.195	Noun
unbind	2.195	Verb
unhitch	2.195	Verb
unmanly	2.195	Adjective
unsold	2.195	Adjective
uplifted	2.195	Verb
ural	2.195	Name
urbane	2.195	Adjective
urns	2.195	Noun
usurped	2.195	Verb
usurper	2.195	Noun
vainly	2.195	Adverb
valkyrie	2.195	Noun
var	2.195	Noun
vats	2.195	Noun
veneers	2.195	Noun
vestiges	2.195	Noun
vesting	2.195	Noun
vetoes	2.195	Verb
vilified	2.195	Verb
vim	2.195	Noun
vishnu	2.195	Name
visto	2.195	Noun
vitae	2.195	Noun
vocalize	2.195	Verb
voce	2.195	Adverb
volution	2.195	Noun
wafts	2.195	Verb
walkouts	2.195	Noun
walleye	2.195	Verb
warder	2.195	Noun
warmers	2.195	Noun
wearied	2.195	Verb
weavers	2.195	Noun
wedgwood	2.195	Name
weendigo	2.195	Noun
welshing	2.195	Verb
wether	2.195	Verb
whap	2.195	Verb
whatsit	2.195	Noun
whiners	2.195	Noun
whish	2.195	Verb
wibble	2.195	Verb
wicket	2.195	Noun
wilfully	2.195	Adverb
wilting	2.195	Verb
woads	2.195	Noun
woeful	2.195	Adjective
womanish	2.195	Adjective
wonky	2.195	Adjective
woodsmen	2.195	Noun
wops	2.195	Noun
workups	2.195	Noun
worsted	2.195	Noun
xyz	2.195	Unclassified
yack	2.195	Verb
yahweh	2.195	Noun
yaks	2.195	Noun
yamen	2.195	Name
yardbird	2.195	Name
yelp	2.195	Noun
yike	2.195	Verb
yipes	2.195	Noun
zeroing	2.195	Verb
zither	2.195	Noun
zygote	2.195	Noun
abalones	2.137	Noun
abo	2.137	Noun
abut	2.137	Verb
abutment	2.137	Noun
accustom	2.137	Verb
acetate	2.137	Noun
acolytes	2.137	Noun
aden	2.137	Name
adhered	2.137	Verb
adhesion	2.137	Noun
adroit	2.137	Adjective
aesthete	2.137	Noun
affable	2.137	Adjective
affix	2.137	Verb
afghani	2.137	Noun
afield	2.137	Adverb
agitates	2.137	Verb
agog	2.137	Adjective
airedale	2.137	Name
airheads	2.137	Noun
alack	2.137	Verb
aleph	2.137	Noun
aligning	2.137	Verb
alk	2.137	Verb
allusion	2.137	Noun
alouette	2.137	Noun
alp	2.137	Noun
altars	2.137	Noun
ambler	2.137	Name
amethyst	2.137	Noun
amiga	2.137	Noun
amours	2.137	Noun
anaemia	2.137	Noun
ananda	2.137	Name
aneroid	2.137	Noun
aneurism	2.137	Noun
angeline	2.137	Verb
anglo	2.137	Adjective
ani	2.137	Noun
aniline	2.137	Noun
anime	2.137	Noun
anoxia	2.137	Noun
anthills	2.137	Noun
antigens	2.137	Noun
antilles	2.137	Name
apneic	2.137	Adjective
appoints	2.137	Verb
aquinas	2.137	Name
arboreal	2.137	Adjective
arching	2.137	Adjective
arles	2.137	Name
arn	2.137	Noun
arrayed	2.137	Verb
artisans	2.137	Noun
arugula	2.137	Noun
ashman	2.137	Name
asp	2.137	Noun
assuage	2.137	Verb
astounds	2.137	Verb
attested	2.137	Verb
augean	2.137	Adjective
augustin	2.137	Name
auspices	2.137	Noun
auster	2.137	Name
autre	2.137	Unclassified
avenges	2.137	Verb
awed	2.137	Adjective
axillary	2.137	Adjective
azalea	2.137	Noun
azores	2.137	Name
babying	2.137	Verb
bakeries	2.137	Noun
ballers	2.137	Noun
balsa	2.137	Noun
banding	2.137	Verb
banknote	2.137	Noun
bantu	2.137	Name
baptise	2.137	Verb
bara	2.137	Name
barfly	2.137	Adverb
barny	2.137	Name
barrios	2.137	Unclassified
bartered	2.137	Verb
bassist	2.137	Noun
basso	2.137	Noun
batboy	2.137	Noun
beaned	2.137	Verb
beanies	2.137	Noun
bearcat	2.137	Name
beaux	2.137	Noun
beek	2.137	Name
beguiled	2.137	Verb
ber	2.137	Noun
bergere	2.137	Noun
beriberi	2.137	Noun
besoin	2.137	Noun
bests	2.137	Verb
bewitch	2.137	Verb
bibbs	2.137	Name
bidders	2.137	Noun
biggy	2.137	Name
bigness	2.137	Noun
biotoxin	2.137	Noun
birdshot	2.137	Noun
biweekly	2.137	Adverb
blacky	2.137	Name
bladed	2.137	Adjective
bleat	2.137	Noun
bleeders	2.137	Noun
blenders	2.137	Noun
blighted	2.137	Verb
blinder	2.137	Adjective
blitzing	2.137	Verb
bloop	2.137	Verb
bludger	2.137	Noun
bobbies	2.137	Noun
bodegas	2.137	Noun
bods	2.137	Noun
bogeymen	2.137	Noun
bolero	2.137	Noun
bolos	2.137	Noun
boners	2.137	Noun
bons	2.137	Name
boomers	2.137	Noun
boors	2.137	Noun
boozers	2.137	Noun
bossed	2.137	Verb
bottlers	2.137	Noun
bottomed	2.137	Verb
bounties	2.137	Noun
bourbons	2.137	Noun
bowtie	2.137	Noun
boyishly	2.137	Adverb
brassy	2.137	Adjective
bratty	2.137	Adjective
bravos	2.137	Noun
breadbox	2.137	Noun
breasted	2.137	Verb
brest	2.137	Name
brigands	2.137	Noun
bubbies	2.137	Noun
budged	2.137	Verb
bungler	2.137	Noun
bur	2.137	Unclassified
burgh	2.137	Noun
burry	2.137	Verb
bushmen	2.137	Noun
bushwa	2.137	Noun
buzzword	2.137	Noun
bylaw	2.137	Noun
byte	2.137	Noun
caissons	2.137	Noun
cajones	2.137	Noun
caldera	2.137	Noun
calomel	2.137	Noun
camellia	2.137	Noun
camphor	2.137	Noun
campuses	2.137	Noun
canard	2.137	Noun
canari	2.137	Name
caned	2.137	Verb
cargoes	2.137	Noun
caribe	2.137	Name
carloads	2.137	Noun
carn	2.137	Noun
carouse	2.137	Verb
carters	2.137	Name
cascara	2.137	Noun
cask	2.137	Noun
casse	2.137	Name
cataract	2.137	Noun
catena	2.137	Name
caviare	2.137	Verb
cay	2.137	Verb
cede	2.137	Verb
celts	2.137	Noun
centred	2.137	Verb
cgs	2.137	Name
chaco	2.137	Name
chafes	2.137	Verb
chalky	2.137	Adjective
chastise	2.137	Verb
chateaux	2.137	Noun
chatters	2.137	Verb
cheep	2.137	Verb
chiao	2.137	Name
chickee	2.137	Noun
chien	2.137	Name
chigger	2.137	Verb
chilidog	2.137	Noun
chinos	2.137	Noun
chits	2.137	Noun
chloral	2.137	Adjective
chompers	2.137	Noun
chukker	2.137	Noun
chumming	2.137	Verb
cicadas	2.137	Noun
cine	2.137	Noun
cinemas	2.137	Noun
ciphers	2.137	Noun
cirrus	2.137	Noun
civet	2.137	Noun
clammed	2.137	Verb
claro	2.137	Noun
clasped	2.137	Verb
clef	2.137	Noun
clime	2.137	Noun
closeup	2.137	Noun
clucks	2.137	Verb
clum	2.137	Name
cockerel	2.137	Noun
coder	2.137	Noun
cokie	2.137	Name
colander	2.137	Noun
coll	2.137	Name
colling	2.137	Name
comedic	2.137	Adjective
comedown	2.137	Noun
comida	2.137	Noun
comport	2.137	Verb
convulse	2.137	Verb
cookery	2.137	Noun
cookware	2.137	Noun
coolies	2.137	Noun
coolly	2.137	Adverb
copters	2.137	Noun
copyist	2.137	Noun
cornrows	2.137	Noun
coronel	2.137	Name
coroners	2.137	Noun
coronet	2.137	Noun
cortisol	2.137	Noun
cose	2.137	Noun
cosine	2.137	Noun
cottons	2.137	Noun
couldst	2.137	Verb
couplers	2.137	Noun
cowan	2.137	Name
cowed	2.137	Verb
cowpokes	2.137	Noun
cowpox	2.137	Noun
cps	2.137	Name
crated	2.137	Verb
crawlies	2.137	Noun
crawly	2.137	Adverb
creamery	2.137	Noun
crees	2.137	Noun
cressida	2.137	Noun
crewed	2.137	Verb
crooners	2.137	Noun
crosscut	2.137	Name
crost	2.137	Name
crowbars	2.137	Noun
crumbly	2.137	Adjective
crushers	2.137	Noun
cubism	2.137	Noun
curbing	2.137	Verb
curies	2.137	Noun
curtail	2.137	Verb
cutes	2.137	Noun
cyanosis	2.137	Noun
daff	2.137	Verb
dak	2.137	Name
damask	2.137	Noun
danae	2.137	Noun
danner	2.137	Name
daven	2.137	Noun
debase	2.137	Verb
debunk	2.137	Verb
decal	2.137	Noun
decider	2.137	Noun
defilers	2.137	Noun
deflower	2.137	Verb
deform	2.137	Verb
deletion	2.137	Noun
deltas	2.137	Noun
deltoid	2.137	Noun
demeaned	2.137	Verb
demeans	2.137	Verb
demonize	2.137	Verb
derk	2.137	Name
detests	2.137	Verb
deva	2.137	Noun
dialog	2.137	Noun
dilemmas	2.137	Noun
dimwits	2.137	Noun
dingbats	2.137	Noun
dinging	2.137	Verb
dingoes	2.137	Noun
dioramas	2.137	Noun
dirtying	2.137	Verb
discos	2.137	Noun
disher	2.137	Name
ditz	2.137	Noun
divan	2.137	Noun
doats	2.137	Noun
dodges	2.137	Verb
doers	2.137	Noun
dogleg	2.137	Noun
dolts	2.137	Noun
donning	2.137	Verb
doob	2.137	Name
doted	2.137	Verb
doubloon	2.137	Noun
dragoons	2.137	Noun
draughty	2.137	Adjective
dressers	2.137	Noun
drizzled	2.137	Verb
drona	2.137	Name
druggies	2.137	Noun
dubbing	2.137	Verb
dudgeon	2.137	Noun
dulcinea	2.137	Name
dural	2.137	Adjective
earphone	2.137	Noun
eco	2.137	Name
eddies	2.137	Noun
eighths	2.137	Number
elbowing	2.137	Verb
elling	2.137	Verb
emanates	2.137	Verb
enabler	2.137	Noun
encamped	2.137	Verb
endear	2.137	Verb
endorses	2.137	Verb
energise	2.137	Verb
ensnare	2.137	Verb
entailed	2.137	Verb
entangle	2.137	Verb
epilogue	2.137	Noun
epithets	2.137	Noun
erode	2.137	Verb
escapees	2.137	Noun
essences	2.137	Noun
eval	2.137	Noun
everly	2.137	Name
exerting	2.137	Verb
exhausts	2.137	Verb
extant	2.137	Adjective
extender	2.137	Noun
eyewear	2.137	Noun
facile	2.137	Adjective
factotum	2.137	Noun
fagged	2.137	Verb
faggoty	2.137	Adjective
fagin	2.137	Noun
famines	2.137	Noun
farcical	2.137	Adjective
faring	2.137	Verb
farris	2.137	Noun
fatness	2.137	Noun
fave	2.137	Noun
federals	2.137	Noun
feeb	2.137	Noun
fells	2.137	Noun
ferries	2.137	Noun
ferryman	2.137	Noun
feta	2.137	Noun
fettle	2.137	Noun
fibbing	2.137	Verb
fifths	2.137	Number
flambe	2.137	Noun
flapped	2.137	Verb
flatiron	2.137	Noun
flattens	2.137	Verb
flatters	2.137	Verb
fleecing	2.137	Verb
flemish	2.137	Adjective
flossy	2.137	Name
flukes	2.137	Noun
fod	2.137	Name
foils	2.137	Verb
foisted	2.137	Verb
folles	2.137	Noun
fondant	2.137	Noun
foodie	2.137	Noun
fordo	2.137	Noun
forgers	2.137	Noun
fortieth	2.137	Number
fosse	2.137	Name
fot	2.137	Verb
frags	2.137	Noun
frazzle	2.137	Noun
freckled	2.137	Adjective
freeport	2.137	Name
frosh	2.137	Noun
fudgy	2.137	Adjective
fuehrer	2.137	Noun
funner	2.137	Adjective
furfural	2.137	Noun
furl	2.137	Verb
furor	2.137	Noun
furrows	2.137	Noun
fusing	2.137	Verb
gabble	2.137	Noun
gaillard	2.137	Name
gainful	2.137	Adjective
gali	2.137	Name
gallants	2.137	Noun
galleons	2.137	Noun
gamba	2.137	Name
gamer	2.137	Noun
ganglia	2.137	Noun
garn	2.137	Verb
gasman	2.137	Noun
gayness	2.137	Noun
genres	2.137	Noun
gestes	2.137	Noun
gilding	2.137	Verb
gillies	2.137	Name
gish	2.137	Noun
givers	2.137	Noun
glacial	2.137	Adjective
gleams	2.137	Verb
glided	2.137	Verb
glioma	2.137	Noun
glittery	2.137	Adjective
glitz	2.137	Noun
glob	2.137	Noun
globular	2.137	Adjective
globules	2.137	Noun
goading	2.137	Verb
gobby	2.137	Noun
godhood	2.137	Noun
gooder	2.137	Adjective
gorging	2.137	Verb
graffito	2.137	Noun
graven	2.137	Adjective
greys	2.137	Noun
grommet	2.137	Noun
groomer	2.137	Noun
groovers	2.137	Name
grosser	2.137	Adjective
growled	2.137	Verb
growths	2.137	Noun
grumbles	2.137	Verb
guck	2.137	Noun
guidon	2.137	Noun
guilts	2.137	Noun
gurkha	2.137	Noun
gussy	2.137	Noun
hadj	2.137	Name
hairdos	2.137	Noun
hairnets	2.137	Noun
halberd	2.137	Noun
hamlets	2.137	Noun
hamza	2.137	Name
handclap	2.137	Noun
handrail	2.137	Noun
hansom	2.137	Noun
hanuman	2.137	Name
haras	2.137	#N/A
haring	2.137	Name
harried	2.137	Verb
hatrack	2.137	Noun
hawing	2.137	Verb
headbutt	2.137	Verb
headland	2.137	Noun
headrest	2.137	Adjective
headwind	2.137	Noun
heaping	2.137	Verb
hearken	2.137	Verb
heavers	2.137	Noun
heaves	2.137	Noun
hems	2.137	Noun
hereto	2.137	Adverb
herry	2.137	Name
hideouts	2.137	Noun
hilum	2.137	Noun
hinged	2.137	Verb
hipped	2.137	Adjective
hoch	2.137	Noun
hogged	2.137	Verb
holey	2.137	Adjective
holing	2.137	Verb
homelike	2.137	Adjective
honker	2.137	Noun
hoofing	2.137	Verb
hoon	2.137	Name
hopefuls	2.137	Noun
hora	2.137	Noun
horatius	2.137	Name
hotly	2.137	Adverb
huggable	2.137	Adjective
hullo	2.137	Interjection
hurdling	2.137	Verb
hustings	2.137	Noun
hydrants	2.137	Noun
hyoid	2.137	Adjective
ibis	2.137	Noun
idealize	2.137	Verb
ideogram	2.137	Noun
idolatry	2.137	Noun
ignoble	2.137	Adjective
iliac	2.137	Adjective
illusive	2.137	Adjective
imbibing	2.137	Verb
imitator	2.137	Noun
impairs	2.137	Verb
impelled	2.137	Verb
impinge	2.137	Verb
inching	2.137	Verb
indent	2.137	Verb
inequity	2.137	Noun
inexact	2.137	Adjective
inflicts	2.137	Verb
invert	2.137	Verb
invests	2.137	Verb
inwards	2.137	Adverb
ironical	2.137	Adjective
irritant	2.137	Noun
islamic	2.137	Adjective
israelis	2.137	Noun
jailers	2.137	Noun
jalapeno	2.137	Noun
jaspers	2.137	Noun
javanese	2.137	Adjective
jawing	2.137	Verb
jell	2.137	Verb
jesting	2.137	Verb
jewelled	2.137	Adjective
jimmies	2.137	Noun
jinxing	2.137	Verb
jojoba	2.137	Noun
jumbos	2.137	Noun
kafta	2.137	Name
kago	2.137	Noun
kail	2.137	Name
kanes	2.137	Noun
kaputt	2.137	Adjective
katha	2.137	Noun
keelie	2.137	Name
keeling	2.137	Verb
keels	2.137	Verb
kell	2.137	Name
kelpie	2.137	Noun
kelson	2.137	Name
kenyan	2.137	Adjective
kerplunk	2.137	Noun
kibbles	2.137	Name
kiley	2.137	Name
kilowatt	2.137	Noun
kingfish	2.137	Name
kissers	2.137	Noun
klatch	2.137	Noun
knishes	2.137	Verb
knothole	2.137	Noun
kopecks	2.137	Noun
kou	2.137	Noun
krome	2.137	Name
kusa	2.137	Name
laboured	2.137	Verb
lammie	2.137	Name
lanced	2.137	Verb
lancet	2.137	Noun
landsman	2.137	Noun
lariat	2.137	Noun
lashings	2.137	Noun
laud	2.137	Verb
laudable	2.137	Adjective
legacies	2.137	Noun
legless	2.137	Adjective
lemming	2.137	Noun
lemony	2.137	Adjective
lene	2.137	Noun
lethargy	2.137	Noun
lett	2.137	Verb
leve	2.137	Verb
levees	2.137	Noun
lexicon	2.137	Noun
lexis	2.137	Noun
liana	2.137	Name
libris	2.137	Name
lieut	2.137	Verb
linn	2.137	Name
lionfish	2.137	Noun
litany	2.137	Noun
litters	2.137	Noun
lobbed	2.137	Verb
locality	2.137	Noun
lodgers	2.137	Noun
logger	2.137	Noun
login	2.137	Noun
londoner	2.137	Noun
longlegs	2.137	Noun
longue	2.137	Noun
lope	2.137	Verb
lorn	2.137	Noun
lorries	2.137	Noun
lowland	2.137	Noun
lowrie	2.137	Name
lst	2.137	Noun
lucre	2.137	Noun
machismo	2.137	Noun
maddened	2.137	Verb
mafioso	2.137	Noun
maggoty	2.137	Adjective
magnums	2.137	Noun
magus	2.137	Name
magyar	2.137	Noun
majeure	2.137	Noun
malayan	2.137	Adjective
manche	2.137	Name
manlike	2.137	Adjective
manos	2.137	Noun
mariposa	2.137	Name
marvy	2.137	Adjective
massif	2.137	Name
masthead	2.137	Noun
mastiff	2.137	Noun
mather	2.137	Name
maties	2.137	Noun
matlow	2.137	Name
matures	2.137	Verb
mauler	2.137	Name
maxis	2.137	Name
meekly	2.137	Adverb
megaton	2.137	Noun
melding	2.137	Verb
mends	2.137	Verb
meniscus	2.137	Noun
merce	2.137	Verb
meshuga	2.137	Noun
mews	2.137	Noun
mica	2.137	Noun
mico	2.137	Name
microdot	2.137	Noun
midweek	2.137	Noun
milksops	2.137	Noun
milty	2.137	Name
minibars	2.137	Noun
minuses	2.137	Noun
minutiae	2.137	Noun
misheard	2.137	Noun
mishmash	2.137	Noun
missive	2.137	Noun
mistral	2.137	Noun
mobilise	2.137	Verb
mockup	2.137	Noun
monarchs	2.137	Noun
mopsy	2.137	Name
moralist	2.137	Noun
moro	2.137	Name
morphed	2.137	Verb
mouser	2.137	Noun
moussaka	2.137	Noun
mumbled	2.137	Verb
munsters	2.137	Name
murry	2.137	Name
mushed	2.137	Verb
muslin	2.137	Noun
mutinies	2.137	Noun
muzzled	2.137	Verb
nacelles	2.137	Noun
napalmed	2.137	Verb
narwhal	2.137	Adjective
navies	2.137	Noun
nco	2.137	Name
neared	2.137	Verb
necrosis	2.137	Noun
necrotic	2.137	Adjective
negating	2.137	Verb
nehemiah	2.137	Name
nembutal	2.137	Name
nephilim	2.137	Noun
neuronal	2.137	Adjective
nighties	2.137	Noun
nobs	2.137	Noun
noncom	2.137	Noun
nosh	2.137	Noun
notables	2.137	Noun
nowthe	2.137	Verb
numbed	2.137	Verb
oarsmen	2.137	Noun
oaty	2.137	Name
obit	2.137	Noun
obligate	2.137	Verb
oblong	2.137	Adjective
oddity	2.137	Noun
ofay	2.137	Verb
oftener	2.137	Adverb
oilcan	2.137	Noun
oiler	2.137	Name
oohing	2.137	Verb
oompah	2.137	Interjection
oooo	2.137	Interjection
oot	2.137	Verb
opaque	2.137	Adjective
opine	2.137	Verb
optioned	2.137	Verb
orbitals	2.137	Noun
organics	2.137	Noun
orpheum	2.137	Noun
ostend	2.137	Name
outlay	2.137	Noun
outrages	2.137	Noun
outran	2.137	Verb
outride	2.137	Verb
overdoes	2.137	Verb
overlays	2.137	Noun
overs	2.137	Noun
oversell	2.137	Verb
overstay	2.137	Verb
ovid	2.137	Noun
oxfords	2.137	Noun
oxytocin	2.137	Noun
pachanga	2.137	Noun
pails	2.137	Noun
paining	2.137	Verb
palmar	2.137	Noun
pander	2.137	Verb
papillon	2.137	Noun
pare	2.137	Verb
paring	2.137	Adjective
parle	2.137	Verb
parolees	2.137	Noun
parse	2.137	Verb
partings	2.137	Noun
partway	2.137	Noun
pastimes	2.137	Noun
patina	2.137	Noun
patten	2.137	Name
pavone	2.137	Name
payloads	2.137	Noun
payouts	2.137	Noun
pealing	2.137	Verb
ped	2.137	Verb
pedaled	2.137	Verb
pedlar	2.137	Adjective
peepy	2.137	Noun
pekin	2.137	Name
pele	2.137	Name
penlight	2.137	Noun
perfumer	2.137	Noun
permute	2.137	Verb
petard	2.137	Noun
phalange	2.137	Noun
pian	2.137	Noun
piddling	2.137	Adjective
piet	2.137	Name
pilch	2.137	Name
pili	2.137	Noun
pincers	2.137	Noun
pion	2.137	Noun
pippy	2.137	Adjective
pitiless	2.137	Adjective
piton	2.137	Noun
pizzle	2.137	Noun
placard	2.137	Noun
placards	2.137	Noun
placated	2.137	Verb
placebos	2.137	Noun
pleiades	2.137	Noun
plodding	2.137	Verb
plopping	2.137	Verb
podgy	2.137	Adjective
pogrom	2.137	Noun
polenta	2.137	Noun
pomade	2.137	Adjective
pomeroy	2.137	Name
pompano	2.137	Noun
ponders	2.137	Verb
pontoons	2.137	Noun
pooches	2.137	Noun
porgy	2.137	Name
porta	2.137	Name
portage	2.137	Noun
portent	2.137	Noun
portents	2.137	Noun
portrays	2.137	Verb
posit	2.137	Verb
postural	2.137	Adjective
potable	2.137	Adjective
potash	2.137	Noun
pouncing	2.137	Verb
pps	2.137	Noun
pregame	2.137	Noun
prepay	2.137	Verb
prewar	2.137	Adjective
primp	2.137	Verb
princely	2.137	Adjective
profaned	2.137	Verb
prow	2.137	Noun
pst	2.137	Name
pud	2.137	Noun
puddings	2.137	Noun
pugh	2.137	Name
pullout	2.137	Noun
pundits	2.137	Noun
pung	2.137	Name
punting	2.137	Verb
pupal	2.137	Adjective
purifies	2.137	Verb
purl	2.137	Verb
pursing	2.137	Verb
putsch	2.137	Noun
pyloric	2.137	Adjective
qrs	2.137	Name
quakes	2.137	Noun
queered	2.137	Verb
quietest	2.137	Adjective
quim	2.137	Noun
raffling	2.137	Verb
raiment	2.137	Noun
ramparts	2.137	Noun
rantings	2.137	Noun
rapiers	2.137	Noun
rappel	2.137	Verb
ratify	2.137	Verb
raved	2.137	Verb
razed	2.137	Verb
razzing	2.137	Verb
readied	2.137	Verb
readmit	2.137	Verb
realest	2.137	Adjective
reata	2.137	Name
recede	2.137	Verb
recedes	2.137	Verb
rectally	2.137	Adverb
reefers	2.137	Noun
rees	2.137	Name
refitted	2.137	Verb
regalia	2.137	Noun
relapsed	2.137	Verb
relaxin	2.137	Noun
reliant	2.137	Adjective
relight	2.137	Noun
reneging	2.137	Verb
renner	2.137	Noun
reopens	2.137	Verb
repents	2.137	Verb
replays	2.137	Noun
replicas	2.137	Noun
reshot	2.137	Noun
resistor	2.137	Noun
resonant	2.137	Adjective
reuse	2.137	Verb
revenged	2.137	Verb
reverts	2.137	Verb
reynard	2.137	Name
rhizome	2.137	Noun
ribby	2.137	Noun
riffle	2.137	Noun
rifled	2.137	Verb
righted	2.137	Verb
rigour	2.137	Noun
rill	2.137	Noun
rillow	2.137	Name
rime	2.137	Name
rioted	2.137	Verb
ripening	2.137	Verb
riposte	2.137	Noun
rit	2.137	Verb
rocketed	2.137	Verb
roky	2.137	Name
roomers	2.137	Noun
rosaries	2.137	Noun
rote	2.137	Noun
rotund	2.137	Adjective
rox	2.137	Noun
rud	2.137	Name
rudest	2.137	Adjective
ruffling	2.137	Verb
rumbled	2.137	Verb
rumbly	2.137	Adverb
rungs	2.137	Noun
rustled	2.137	Verb
sackful	2.137	Noun
saddling	2.137	Verb
safaris	2.137	Noun
sakai	2.137	Name
sallow	2.137	Adjective
salter	2.137	Name
samplers	2.137	Noun
sandmen	2.137	Noun
sar	2.137	Name
sart	2.137	Noun
satay	2.137	Noun
saudis	2.137	Noun
saurian	2.137	Adjective
savaged	2.137	Verb
sawn	2.137	Verb
sayest	2.137	Adjective
scalawag	2.137	Noun
sceptic	2.137	Noun
schimmel	2.137	Name
schlock	2.137	Noun
schloss	2.137	Name
schmear	2.137	Noun
schmeer	2.137	Noun
schnabel	2.137	Noun
scoffing	2.137	Verb
scooted	2.137	Verb
scrapple	2.137	Noun
scribes	2.137	Noun
scrimp	2.137	Verb
scrubby	2.137	Adjective
scuds	2.137	Noun
scuffs	2.137	Noun
seamy	2.137	Adjective
seaward	2.137	Adjective
secs	2.137	Noun
sedge	2.137	Noun
seg	2.137	Noun
selah	2.137	Interjection
seppuku	2.137	Noun
seraphim	2.137	Noun
servile	2.137	Adjective
servings	2.137	Noun
sexed	2.137	Verb
sextet	2.137	Noun
shames	2.137	Verb
sheeting	2.137	Noun
shelved	2.137	Verb
shinier	2.137	Adjective
shinto	2.137	Noun
shipman	2.137	Name
shipper	2.137	Noun
shippers	2.137	Noun
shiraz	2.137	Noun
shirking	2.137	Verb
shitted	2.137	Verb
shivery	2.137	Adjective
shod	2.137	Verb
shooing	2.137	Verb
shoptalk	2.137	Noun
shored	2.137	Verb
shoring	2.137	Verb
shortens	2.137	Verb
shrewdly	2.137	Adverb
shrugs	2.137	Verb
shuns	2.137	Verb
shutoff	2.137	Noun
shuttled	2.137	Verb
shysters	2.137	Noun
sightsee	2.137	Noun
signers	2.137	Noun
similes	2.137	Noun
sinfully	2.137	Adverb
situ	2.137	Name
situs	2.137	Adjective
ska	2.137	Noun
skag	2.137	Noun
skyward	2.137	Adverb
slanders	2.137	Noun
slicer	2.137	Noun
slicked	2.137	Verb
slimed	2.137	Verb
slippage	2.137	Noun
slippy	2.137	Adjective
slithery	2.137	Adjective
slosh	2.137	Noun
sloughed	2.137	Verb
slumbers	2.137	Noun
slunk	2.137	Verb
smasher	2.137	Noun
smashup	2.137	Noun
smoggy	2.137	Adjective
smush	2.137	Verb
snacky	2.137	Adjective
snaking	2.137	Verb
snared	2.137	Verb
snarled	2.137	Verb
snipped	2.137	Verb
snips	2.137	Noun
snog	2.137	Noun
snook	2.137	Name
snouts	2.137	Verb
snowsuit	2.137	Noun
snubbing	2.137	Verb
snubby	2.137	Noun
snugly	2.137	Adverb
socking	2.137	Verb
sodden	2.137	Adjective
sola	2.137	Name
somatic	2.137	Adjective
sonde	2.137	Noun
sophy	2.137	Name
soppy	2.137	Adjective
soulmate	2.137	Noun
sounder	2.137	Noun
spay	2.137	Verb
speeders	2.137	Noun
sphenoid	2.137	Adjective
spirals	2.137	Noun
spitzer	2.137	Name
spotters	2.137	Noun
sprayer	2.137	Noun
sprees	2.137	Noun
sputter	2.137	Verb
squabs	2.137	Noun
squinty	2.137	Adjective
staffs	2.137	Noun
starves	2.137	Verb
steadier	2.137	Adjective
steadies	2.137	Verb
stemware	2.137	Noun
stenosis	2.137	Noun
stepney	2.137	Name
stickpin	2.137	Noun
stickups	2.137	Noun
stoicism	2.137	Noun
stompers	2.137	Noun
storks	2.137	Noun
str	2.137	Noun
streaky	2.137	Adjective
stringed	2.137	Adjective
strutter	2.137	Noun
studious	2.137	Adjective
stygian	2.137	Adjective
styled	2.137	Verb
stylus	2.137	Noun
subplot	2.137	Noun
subset	2.137	Noun
sulks	2.137	Verb
summery	2.137	Adjective
sunburst	2.137	Noun
sunlamp	2.137	Noun
sunless	2.137	Adjective
sunning	2.137	Verb
sunrises	2.137	Noun
surfs	2.137	Verb
swishes	2.137	Verb
synovial	2.137	Adjective
tachyon	2.137	Noun
tagger	2.137	Noun
tailwind	2.137	Noun
takeaway	2.137	Noun
tarring	2.137	Verb
tarsus	2.137	Name
techie	2.137	Noun
teepee	2.137	Noun
tenet	2.137	Noun
tensile	2.137	Adjective
terr	2.137	Noun
testers	2.137	Noun
thieve	2.137	Verb
throwers	2.137	Noun
thrum	2.137	Noun
thule	2.137	Verb
tike	2.137	Verb
tikis	2.137	Noun
timidity	2.137	Noun
tinned	2.137	Adjective
tittle	2.137	Noun
toggles	2.137	Noun
toils	2.137	Noun
tolas	2.137	Name
toppers	2.137	Noun
tortious	2.137	Adjective
tortuous	2.137	Adjective
touristy	2.137	Noun
touted	2.137	Verb
touting	2.137	Verb
traffics	2.137	Noun
transom	2.137	Noun
trebled	2.137	Verb
tremens	2.137	Noun
tress	2.137	Noun
trice	2.137	Noun
trickled	2.137	Verb
trier	2.137	Noun
trill	2.137	Name
tromp	2.137	Verb
trumping	2.137	Verb
tty	2.137	Adjective
tuchis	2.137	Noun
tumbly	2.137	Adverb
turbans	2.137	Noun
tureen	2.137	Noun
tussled	2.137	Verb
tutto	2.137	Noun
tweeds	2.137	Noun
twitched	2.137	Verb
ukuleles	2.137	Noun
umlaut	2.137	Noun
unbeaten	2.137	Adjective
unheeded	2.137	Adjective
uninvite	2.137	Noun
unpure	2.137	Verb
unrolled	2.137	Verb
unshaven	2.137	Adjective
unstrung	2.137	Verb
untiring	2.137	Adjective
unwieldy	2.137	Adjective
unwinds	2.137	Verb
upwardly	2.137	Adverb
upwith	2.137	Noun
ute	2.137	Noun
uttering	2.137	Verb
uva	2.137	Name
vag	2.137	Noun
vaunted	2.137	Adjective
vegans	2.137	Noun
vehement	2.137	Adjective
verbose	2.137	Adjective
verdun	2.137	Name
victuals	2.137	Noun
vigneron	2.137	Noun
vingt	2.137	Verb
viscera	2.137	Noun
vixens	2.137	Noun
vocab	2.137	Noun
volant	2.137	Name
volvulus	2.137	Noun
vulva	2.137	Noun
wadding	2.137	Noun
waddling	2.137	Verb
wagged	2.137	Verb
wakeful	2.137	Adjective
waned	2.137	Verb
wanes	2.137	Noun
warding	2.137	Verb
washable	2.137	Adjective
washin	2.137	Noun
waspy	2.137	Adjective
waterway	2.137	Noun
wavey	2.137	Name
waxen	2.137	Noun
waxes	2.137	Verb
weaning	2.137	Verb
weds	2.137	Verb
weeklies	2.137	Noun
welds	2.137	Noun
wellborn	2.137	Adjective
welsbach	2.137	Name
wer	2.137	Verb
wessel	2.137	Name
wetness	2.137	Noun
wheelers	2.137	Noun
wheelies	2.137	Noun
whisking	2.137	Verb
whiteys	2.137	Noun
whitlow	2.137	Name
whizzers	2.137	Noun
whomp	2.137	Verb
widest	2.137	Adjective
widowers	2.137	Noun
wierd	2.137	Noun
wimped	2.137	Verb
winsome	2.137	Adjective
wiseman	2.137	Name
wisps	2.137	Noun
wive	2.137	Noun
woa	2.137	Noun
wolly	2.137	Name
wonk	2.137	Verb
workaday	2.137	Noun
workbook	2.137	Noun
wpm	2.137	Name
wreaks	2.137	Verb
wrest	2.137	Verb
wrights	2.137	Name
wusses	2.137	Noun
wussies	2.137	Noun
yakima	2.137	Name
yammer	2.137	Verb
yegg	2.137	Noun
yelped	2.137	Verb
yid	2.137	Noun
yipping	2.137	Verb
yohimbe	2.137	Name
youd	2.137	Noun
yuca	2.137	Noun
yummies	2.137	Noun
zillions	2.137	Noun
zionist	2.137	Adjective
zircon	2.137	Noun
zoon	2.137	Noun
zopilote	2.137	Verb
aahs	2.07	Noun
abate	2.07	Verb
abbas	2.07	Name
abet	2.07	Verb
abraded	2.07	Verb
abscond	2.07	Verb
achoo	2.07	Noun
adenoid	2.07	Name
adjoins	2.07	Verb
adverbs	2.07	Noun
aegis	2.07	Noun
aero	2.07	Noun
aet	2.07	Unclassified
afeared	2.07	Verb
agnate	2.07	Noun
agonal	2.07	Adjective
agonize	2.07	Verb
airbase	2.07	Noun
airless	2.07	Adjective
akey	2.07	Noun
aku	2.07	Noun
alacrity	2.07	Noun
alastor	2.07	Name
alberich	2.07	Name
albumens	2.07	Noun
alder	2.07	Noun
alee	2.07	Noun
ales	2.07	Noun
aligns	2.07	Verb
alvar	2.07	Name
ambers	2.07	Noun
amble	2.07	Verb
amman	2.07	Name
amoebas	2.07	Noun
amoroso	2.07	Name
amperage	2.07	Noun
anally	2.07	Adverb
analogue	2.07	Adjective
anil	2.07	Name
animus	2.07	Noun
anni	2.07	Noun
annum	2.07	Adverb
antitank	2.07	Adjective
aplastic	2.07	Adjective
aport	2.07	Verb
aqualung	2.07	Noun
aqueous	2.07	Adjective
arachne	2.07	Name
arango	2.07	Name
arapaho	2.07	Noun
arbiters	2.07	Noun
argent	2.07	Noun
ariadne	2.07	Name
arrant	2.07	Adjective
arrays	2.07	Noun
artisan	2.07	Noun
artworks	2.07	Noun
ascetic	2.07	Adjective
ascribe	2.07	Verb
ashcans	2.07	Noun
aspca	2.07	Name
asps	2.07	Noun
assail	2.07	Verb
asylums	2.07	Noun
atheism	2.07	Noun
attababy	2.07	Noun
attache	2.07	Noun
aurelia	2.07	Name
auteur	2.07	Noun
avidly	2.07	Adverb
awaked	2.07	Verb
axeman	2.07	Noun
azan	2.07	Name
babied	2.07	Verb
babish	2.07	Noun
babushka	2.07	Noun
babyish	2.07	Adjective
backflip	2.07	Noun
backspin	2.07	Noun
backstab	2.07	Verb
baddy	2.07	Noun
bagful	2.07	Adjective
bagmen	2.07	Noun
baileys	2.07	Name
baka	2.07	Noun
baleful	2.07	Adjective
ballyhoo	2.07	Noun
bambinos	2.07	Noun
bandar	2.07	Name
bando	2.07	Name
bangle	2.07	Noun
barest	2.07	Adjective
barmaids	2.07	Noun
barouche	2.07	Noun
bashes	2.07	Verb
bastide	2.07	Name
batik	2.07	Noun
beanbags	2.07	Noun
beanery	2.07	Noun
becalmed	2.07	Adjective
bedstead	2.07	Noun
beehives	2.07	Noun
beezer	2.07	Noun
befits	2.07	Verb
belied	2.07	Verb
bellied	2.07	Adjective
belting	2.07	Verb
beshrew	2.07	Verb
bicuspid	2.07	Adjective
bidden	2.07	Verb
bilk	2.07	Verb
billeted	2.07	Verb
billow	2.07	Noun
billows	2.07	Noun
bios	2.07	Noun
bis	2.07	Adverb
biters	2.07	Noun
bizet	2.07	Name
blanched	2.07	Verb
blest	2.07	Verb
blini	2.07	Noun
blips	2.07	Noun
blobby	2.07	Adjective
blore	2.07	Name
bluebook	2.07	Noun
bluebush	2.07	Name
bluffer	2.07	Adjective
blurting	2.07	Verb
blurts	2.07	Verb
boatmen	2.07	Noun
bobbling	2.07	Verb
bobtail	2.07	Noun
bobwhite	2.07	Noun
bodkin	2.07	Noun
boer	2.07	Noun
boggy	2.07	Adjective
boho	2.07	Noun
bondsmen	2.07	Noun
boney	2.07	Adjective
bongs	2.07	Noun
bonum	2.07	Noun
boohoo	2.07	Noun
boomtown	2.07	Noun
bootees	2.07	Noun
bootlegs	2.07	Noun
bopped	2.07	Verb
borax	2.07	Noun
borzoi	2.07	Noun
boulle	2.07	Name
bouton	2.07	Name
braca	2.07	Name
bracer	2.07	Noun
braes	2.07	Noun
braiding	2.07	Verb
brakeman	2.07	Noun
brevis	2.07	Noun
brewers	2.07	Noun
brezhnev	2.07	Name
briard	2.07	Noun
brindisi	2.07	Name
broadens	2.07	Verb
broadest	2.07	Adjective
brocade	2.07	Noun
brod	2.07	Name
bronzes	2.07	Noun
brough	2.07	Name
browned	2.07	Verb
brownout	2.07	Noun
brunches	2.07	Noun
buggery	2.07	Noun
bulges	2.07	Noun
bulgur	2.07	Noun
bummers	2.07	Noun
buoyed	2.07	Verb
burnings	2.07	Noun
burundi	2.07	Name
bussed	2.07	Verb
buttle	2.07	Verb
buxom	2.07	Adjective
caftan	2.07	Noun
callas	2.07	Name
calmness	2.07	Noun
calvados	2.07	Name
calzone	2.07	Noun
cambrian	2.07	Adjective
cameos	2.07	Noun
camisole	2.07	Noun
campo	2.07	Name
canapes	2.07	Noun
canners	2.07	Noun
canoodle	2.07	Verb
capris	2.07	Noun
capuchin	2.07	Noun
carafe	2.07	Noun
carbolic	2.07	Adjective
carminic	2.07	Adjective
carnies	2.07	Noun
carom	2.07	Verb
carport	2.07	Noun
carryon	2.07	Noun
cascaded	2.07	Verb
cascades	2.07	Noun
catacomb	2.07	Noun
cayuga	2.07	Noun
celesta	2.07	Noun
centavo	2.07	Noun
cern	2.07	Name
cetacean	2.07	Adjective
chafed	2.07	Verb
chaining	2.07	Verb
chaired	2.07	Verb
chakram	2.07	Noun
champers	2.07	Noun
chanteys	2.07	Noun
chappies	2.07	Noun
chard	2.07	Noun
charring	2.07	Noun
chasse	2.07	Noun
chasseur	2.07	Name
chattels	2.07	Noun
cheapens	2.07	Verb
chested	2.07	Verb
chevrons	2.07	Noun
chicha	2.07	Name
chide	2.07	Verb
chimed	2.07	Verb
chiro	2.07	Name
chirpy	2.07	Adjective
chitlin	2.07	Noun
choicest	2.07	Adjective
choko	2.07	Name
chook	2.07	Name
chortle	2.07	Verb
chortles	2.07	Verb
chugalug	2.07	Verb
churlish	2.07	Adjective
ciggy	2.07	Adjective
cinches	2.07	Verb
cites	2.07	Verb
clannish	2.07	Adjective
clave	2.07	Verb
clearway	2.07	Noun
clenches	2.07	Verb
clew	2.07	Verb
clubby	2.07	Noun
clumping	2.07	Verb
coauthor	2.07	Noun
cobble	2.07	Verb
cobbled	2.07	Verb
cocain	2.07	Noun
cocooned	2.07	Verb
codicil	2.07	Noun
codman	2.07	Noun
coffer	2.07	Noun
cohesion	2.07	Noun
cohost	2.07	Noun
coiffure	2.07	Noun
coital	2.07	Adjective
colluded	2.07	Verb
colones	2.07	Noun
combos	2.07	Noun
commends	2.07	Verb
communes	2.07	Noun
compacts	2.07	Verb
compote	2.07	Noun
coner	2.07	Name
conf	2.07	Verb
congas	2.07	Noun
congeal	2.07	Verb
conger	2.07	Name
conjurer	2.07	Noun
conks	2.07	Verb
consorts	2.07	Noun
contort	2.07	Verb
contrive	2.07	Verb
cookouts	2.07	Noun
coonskin	2.07	Noun
coos	2.07	Noun
coped	2.07	Verb
cordage	2.07	Noun
cordis	2.07	Noun
corrects	2.07	Verb
corrode	2.07	Verb
corsages	2.07	Noun
costars	2.07	Noun
coupes	2.07	Noun
covalent	2.07	Adjective
covens	2.07	Noun
cowl	2.07	Noun
cowlings	2.07	Name
coxswain	2.07	Verb
cracky	2.07	Adjective
crampy	2.07	Adjective
crawdad	2.07	Noun
crazily	2.07	Adverb
creamers	2.07	Noun
creaming	2.07	Verb
creepier	2.07	Adjective
crested	2.07	Adjective
crevices	2.07	Noun
crim	2.07	Noun
crinkles	2.07	Verb
crockery	2.07	Noun
crossbar	2.07	Noun
crosser	2.07	Adjective
croutons	2.07	Noun
croyden	2.07	Name
cruds	2.07	Noun
crullers	2.07	Noun
crump	2.07	Name
crunk	2.07	Noun
crypts	2.07	Noun
cufflink	2.07	Noun
cukes	2.07	Noun
culled	2.07	Verb
culverts	2.07	Noun
cummins	2.07	Name
cupped	2.07	Verb
curate	2.07	Noun
curbs	2.07	Noun
curler	2.07	Noun
curs	2.07	Noun
curving	2.07	Verb
cutlers	2.07	Noun
cyclist	2.07	Noun
cyclo	2.07	Noun
dabbing	2.07	Verb
dace	2.07	Noun
damns	2.07	Verb
dampers	2.07	Noun
darkling	2.07	Noun
darnel	2.07	Verb
darning	2.07	Verb
darter	2.07	Noun
dashers	2.07	Noun
dashiki	2.07	Noun
datebook	2.07	Noun
deadbolt	2.07	Noun
deadpan	2.07	Noun
dearth	2.07	Noun
deceits	2.07	Noun
deers	2.07	Noun
dees	2.07	Name
deface	2.07	Verb
defilade	2.07	Noun
delicto	2.07	Adverb
deloused	2.07	Verb
deluged	2.07	Verb
demigod	2.07	Noun
denims	2.07	Noun
dentals	2.07	Noun
dep	2.07	Verb
derails	2.07	Verb
deride	2.07	Verb
derma	2.07	Noun
dermal	2.07	Adjective
dern	2.07	Name
derris	2.07	Name
desktop	2.07	Noun
dethrone	2.07	Verb
devalue	2.07	Verb
devilled	2.07	Adjective
devises	2.07	Verb
devolve	2.07	Verb
devolved	2.07	Verb
dews	2.07	Noun
dian	2.07	Adjective
diddled	2.07	Verb
diehard	2.07	Adjective
dieing	2.07	Verb
dieter	2.07	Name
digged	2.07	Verb
dilating	2.07	Verb
dinger	2.07	Noun
dioxin	2.07	Noun
dirties	2.07	Verb
disclaim	2.07	Verb
dishrag	2.07	Noun
disraeli	2.07	Name
disrobed	2.07	Verb
disused	2.07	Adjective
ditties	2.07	Noun
divisi	2.07	#N/A
doby	2.07	Name
doldrums	2.07	Noun
dolf	2.07	Name
domine	2.07	Name
dominie	2.07	Noun
dominos	2.07	Noun
dop	2.07	Noun
dormouse	2.07	Noun
dosing	2.07	Noun
dotage	2.07	Noun
dotting	2.07	Verb
doubters	2.07	Noun
dowries	2.07	Noun
dowser	2.07	Noun
dozy	2.07	Adjective
draftee	2.07	Noun
dragline	2.07	Name
draughts	2.07	Noun
dray	2.07	Noun
driest	2.07	Adjective
drizzly	2.07	Adverb
drogues	2.07	Name
drover	2.07	Noun
drury	2.07	Name
duan	2.07	Name
dubonnet	2.07	Noun
duchy	2.07	Noun
dukedom	2.07	Noun
dulcimer	2.07	Noun
dumas	2.07	Name
dunner	2.07	Name
durians	2.07	Noun
dwelt	2.07	Verb
dwindle	2.07	Verb
earthmen	2.07	Noun
earwig	2.07	Noun
eave	2.07	Verb
eaves	2.07	Noun
edgier	2.07	Adjective
edifying	2.07	Adjective
effaced	2.07	Verb
egad	2.07	Interjection
eggnogs	2.07	Noun
egoist	2.07	Noun
elastin	2.07	Noun
elevens	2.07	Number
elixirs	2.07	Noun
embolus	2.07	Noun
emceeing	2.07	Verb
emesis	2.07	Noun
emmers	2.07	Name
emptor	2.07	Interjection
encode	2.07	Verb
engulf	2.07	Verb
engulfs	2.07	Verb
enjoined	2.07	Verb
enlists	2.07	Verb
ennobled	2.07	Verb
ensigns	2.07	Noun
entomb	2.07	Verb
epistle	2.07	Noun
equated	2.07	Verb
erecting	2.07	Verb
erg	2.07	Noun
esc	2.07	Noun
escapism	2.07	Noun
ess	2.07	Noun
estuary	2.07	Noun
eth	2.07	Name
eurasian	2.07	Adjective
evacuees	2.07	Noun
eveque	2.07	#N/A
evoked	2.07	Verb
exacta	2.07	Noun
excerpt	2.07	Noun
excised	2.07	Verb
exhuming	2.07	Verb
exigent	2.07	Adjective
expound	2.07	Verb
expresso	2.07	Noun
expunge	2.07	Verb
factoids	2.07	Noun
faecal	2.07	Adjective
fandango	2.07	Noun
fant	2.07	Name
fascia	2.07	Noun
fatback	2.07	Noun
fath	2.07	Noun
fatheads	2.07	Noun
feckless	2.07	Adjective
fedayeen	2.07	Noun
feedlot	2.07	Noun
ferrier	2.07	Name
fet	2.07	Verb
fetches	2.07	Verb
fiercer	2.07	Adjective
figura	2.07	Noun
filigree	2.07	Noun
filioque	2.07	Adjective
fillets	2.07	Noun
finalise	2.07	Verb
fitty	2.07	Noun
fizzled	2.07	Verb
flameout	2.07	Noun
flanker	2.07	Noun
flatcar	2.07	Noun
flatfish	2.07	Noun
flaxseed	2.07	Noun
fleabags	2.07	Noun
flexor	2.07	Noun
flitted	2.07	Verb
floes	2.07	Noun
flouncy	2.07	Noun
flunkey	2.07	Adjective
flunks	2.07	Verb
fluorine	2.07	Adjective
flyaway	2.07	Adjective
foams	2.07	Noun
folie	2.07	Noun
folktale	2.07	Noun
footer	2.07	Noun
foothill	2.07	Name
footrest	2.07	Noun
foramen	2.07	Noun
forehand	2.07	Adjective
forepaw	2.07	Noun
forking	2.07	Verb
formic	2.07	Adjective
fortran	2.07	Name
fouler	2.07	Adjective
fourier	2.07	Name
fraiser	2.07	Name
frappe	2.07	Noun
frase	2.07	Verb
freebase	2.07	Verb
freeborn	2.07	Adjective
freewill	2.07	Noun
frescoes	2.07	Noun
friable	2.07	Adjective
fridges	2.07	Noun
fuddled	2.07	Verb
fuelling	2.07	Verb
fungible	2.07	Adjective
funnyman	2.07	Noun
funt	2.07	Name
furrow	2.07	Noun
futons	2.07	Noun
futzing	2.07	Verb
gabfest	2.07	Adjective
gadding	2.07	Verb
gaddis	2.07	Name
galatea	2.07	Noun
galoots	2.07	Noun
galvanic	2.07	Adjective
gamgee	2.07	Noun
gangbang	2.07	Noun
gangstas	2.07	Noun
gargles	2.07	Verb
gasses	2.07	Noun
gauging	2.07	Verb
gawked	2.07	Verb
gazes	2.07	Verb
geckos	2.07	Noun
gelatine	2.07	Noun
germanic	2.07	Adjective
germfree	2.07	Adjective
ghee	2.07	Noun
gherkins	2.07	Noun
ghi	2.07	Noun
giblet	2.07	Noun
gilder	2.07	Name
gim	2.07	Verb
gimble	2.07	Name
gimlets	2.07	Noun
gink	2.07	Noun
glace	2.07	Noun
glamor	2.07	Noun
glazing	2.07	Verb
glitzy	2.07	Adjective
globulin	2.07	Noun
globus	2.07	Name
glom	2.07	Verb
glossing	2.07	Verb
glycol	2.07	Noun
glyph	2.07	Noun
gnash	2.07	Verb
gnosis	2.07	Name
gobelin	2.07	Name
goer	2.07	Noun
goff	2.07	Name
gondolas	2.07	Noun
gonne	2.07	Noun
goofer	2.07	Verb
googling	2.07	Verb
goopy	2.07	Adjective
gor	2.07	Noun
gorgon	2.07	Noun
gorse	2.07	Noun
gossiped	2.07	Verb
gourds	2.07	Noun
gowned	2.07	Adjective
grafters	2.07	Noun
grandpas	2.07	Noun
grannie	2.07	Noun
graphing	2.07	Verb
grasps	2.07	Verb
grayish	2.07	Adjective
greedier	2.07	Adjective
grete	2.07	Name
grigs	2.07	Noun
grist	2.07	Noun
grizzled	2.07	Adjective
grotty	2.07	Adjective
grubber	2.07	Noun
grudging	2.07	Adjective
guernsey	2.07	Name
gugu	2.07	Noun
gunnel	2.07	Noun
gurgled	2.07	Verb
gusty	2.07	Adjective
guzzled	2.07	Verb
hackman	2.07	Name
hak	2.07	Name
halfa	2.07	Noun
halfling	2.07	Name
halos	2.07	Noun
halyards	2.07	Noun
handily	2.07	Adverb
handmaid	2.07	Noun
handpick	2.07	Verb
handsaw	2.07	Noun
handymen	2.07	Noun
hangdog	2.07	Noun
hankies	2.07	Noun
haply	2.07	Adverb
happed	2.07	Verb
harling	2.07	Name
harsher	2.07	Adjective
hastened	2.07	Verb
heathers	2.07	Noun
heatwave	2.07	Verb
heckled	2.07	Verb
hed	2.07	Verb
hedonism	2.07	Noun
helms	2.07	Name
helpmate	2.07	Noun
heme	2.07	Noun
hepcat	2.07	Noun
herders	2.07	Noun
heres	2.07	Noun
herschel	2.07	Name
hesperus	2.07	Noun
hexes	2.07	Noun
hibiscus	2.07	Noun
highborn	2.07	Adjective
hightop	2.07	Noun
hirsute	2.07	Verb
hitcher	2.07	Noun
hoeing	2.07	Verb
holdover	2.07	Noun
homburg	2.07	Noun
homebrew	2.07	Noun
homers	2.07	Noun
hoofed	2.07	Verb
hookey	2.07	Noun
hoosier	2.07	Noun
hor	2.07	Noun
horsefly	2.07	Adverb
hosea	2.07	Name
hosen	2.07	Name
hosiery	2.07	Noun
hotplate	2.07	Noun
hsien	2.07	Name
hummers	2.07	Noun
hungered	2.07	Verb
hunkered	2.07	Verb
huppah	2.07	Noun
hurls	2.07	Verb
hwan	2.07	Name
hydrates	2.07	Verb
hymnal	2.07	Adjective
imbue	2.07	Verb
impala	2.07	Noun
impedes	2.07	Verb
impish	2.07	Adjective
implored	2.07	Verb
inbox	2.07	Noun
incept	2.07	Verb
incubate	2.07	Verb
indexing	2.07	Noun
infusing	2.07	Verb
inhere	2.07	Noun
inmost	2.07	Adjective
innately	2.07	Adverb
inshore	2.07	Adverb
inspects	2.07	Verb
instyle	2.07	Noun
intakes	2.07	Noun
iraqi	2.07	Adjective
irk	2.07	Verb
ischemia	2.07	Noun
iso	2.07	Noun
isthmus	2.07	Noun
ita	2.07	Noun
italics	2.07	Noun
itemize	2.07	Verb
itll	2.07	Noun
jakes	2.07	Name
jann	2.07	Name
jawed	2.07	Verb
jaywalk	2.07	Verb
jellied	2.07	Adjective
jemmy	2.07	Name
jetting	2.07	Verb
jewess	2.07	Noun
jiggled	2.07	Verb
jinny	2.07	Adjective
jinxes	2.07	Noun
jism	2.07	Noun
jodhpurs	2.07	Noun
jolts	2.07	Verb
jostle	2.07	Verb
jostled	2.07	Verb
jousts	2.07	Noun
joyless	2.07	Adjective
judases	2.07	Noun
juggles	2.07	Verb
juicers	2.07	Noun
junkets	2.07	Noun
junkman	2.07	Noun
jut	2.07	Noun
jutting	2.07	Adjective
kaf	2.07	Verb
kahala	2.07	Name
kanji	2.07	Noun
karn	2.07	Verb
keb	2.07	Name
kella	2.07	Noun
kennelly	2.07	Name
kenscoff	2.07	Name
keywords	2.07	Noun
kha	2.07	Name
kickball	2.07	Noun
kissable	2.07	Adjective
kith	2.07	Noun
kludges	2.07	Noun
klutzy	2.07	Adjective
knothead	2.07	Noun
kreplach	2.07	Verb
kudzu	2.07	Noun
kyrie	2.07	Unclassified
lactic	2.07	Adjective
ladling	2.07	Verb
lameness	2.07	Noun
lampoon	2.07	Noun
laotian	2.07	Adjective
lapdogs	2.07	Noun
lasagnas	2.07	Noun
latching	2.07	Verb
latins	2.07	Noun
lave	2.07	Name
laxity	2.07	Noun
lazing	2.07	Verb
leaden	2.07	Adjective
leadoff	2.07	Noun
leaguers	2.07	Noun
leaner	2.07	Adjective
learners	2.07	Noun
lecher	2.07	Noun
lees	2.07	Name
legals	2.07	Noun
legroom	2.07	Noun
lessens	2.07	Verb
leva	2.07	Noun
leveller	2.07	Noun
libs	2.07	Noun
licker	2.07	Noun
ligation	2.07	Noun
limeade	2.07	Noun
lintels	2.07	Noun
litre	2.07	Noun
livest	2.07	Adjective
loath	2.07	Adjective
lobbing	2.07	Verb
locators	2.07	Noun
loll	2.07	Verb
longshot	2.07	Noun
longyi	2.07	Noun
lovebird	2.07	Noun
lubber	2.07	Noun
lucent	2.07	Adjective
lucks	2.07	Noun
luddite	2.07	Noun
luminal	2.07	Noun
luminary	2.07	Noun
lushes	2.07	Noun
lusk	2.07	Name
lutes	2.07	Noun
lyam	2.07	Noun
lyceum	2.07	Noun
lynchpin	2.07	Name
maam	2.07	Verb
macaroon	2.07	Name
machree	2.07	Name
macular	2.07	Adjective
maddest	2.07	Adjective
mailbag	2.07	Noun
malkin	2.07	Name
malleus	2.07	Noun
mammies	2.07	Noun
manacles	2.07	Noun
mandates	2.07	Noun
mang	2.07	Verb
manky	2.07	Adjective
mantilla	2.07	Noun
mantrap	2.07	Noun
marrons	2.07	Noun
marveled	2.07	Verb
masai	2.07	Name
masonry	2.07	Noun
masseter	2.07	Name
mastoid	2.07	Adjective
matted	2.07	Verb
maturely	2.07	Adverb
maven	2.07	Noun
mayst	2.07	Verb
mazes	2.07	Noun
measle	2.07	Noun
meekness	2.07	Noun
melange	2.07	Noun
mele	2.07	Noun
melling	2.07	Name
mercies	2.07	Noun
merited	2.07	Verb
merkin	2.07	Noun
mewing	2.07	Verb
mewling	2.07	Verb
midden	2.07	Noun
midi	2.07	Name
milder	2.07	Adjective
militias	2.07	Noun
milliner	2.07	Noun
mimed	2.07	Verb
miming	2.07	Verb
minibike	2.07	Noun
minoan	2.07	Adjective
mins	2.07	Noun
minutia	2.07	Noun
miscarry	2.07	Verb
misdeal	2.07	Verb
misogyny	2.07	Noun
mocker	2.07	Noun
modulate	2.07	Verb
moff	2.07	Noun
mola	2.07	Noun
mommas	2.07	Noun
monorail	2.07	Noun
monotone	2.07	Noun
montages	2.07	Noun
moochers	2.07	Noun
morass	2.07	Noun
moslem	2.07	Adjective
moslems	2.07	Noun
mosques	2.07	Noun
mothball	2.07	Noun
mots	2.07	Noun
mouthy	2.07	Adjective
moy	2.07	Name
muffling	2.07	Name
muggy	2.07	Adjective
mukluks	2.07	Noun
mumm	2.07	Name
mungo	2.07	Name
murk	2.07	Noun
muskrats	2.07	Noun
mussing	2.07	Verb
muumuus	2.07	Noun
mylar	2.07	Adjective
naivete	2.07	Noun
nanking	2.07	Name
napped	2.07	Verb
nar	2.07	Noun
narcosis	2.07	Noun
narked	2.07	Verb
nascent	2.07	Adjective
nast	2.07	Name
natal	2.07	Adjective
navajos	2.07	Noun
nebbish	2.07	Adjective
negates	2.07	Verb
negation	2.07	Noun
nehru	2.07	Name
neonate	2.07	Noun
neons	2.07	Noun
nepenthe	2.07	Noun
newish	2.07	Adjective
nib	2.07	Noun
nibbler	2.07	Noun
nicking	2.07	Verb
nickle	2.07	Noun
nimbly	2.07	Adverb
nippers	2.07	Noun
nitpick	2.07	Verb
noa	2.07	Name
nock	2.07	Noun
nol	2.07	Noun
nolo	2.07	Noun
nondairy	2.07	Adjective
nontoxic	2.07	Adjective
nuchal	2.07	Adjective
nucleic	2.07	Adjective
nudged	2.07	Verb
nutcases	2.07	Noun
oaky	2.07	Adjective
obelisk	2.07	Noun
obtains	2.07	Verb
oclock	2.07	Noun
oddballs	2.07	Noun
ogled	2.07	Verb
omitting	2.07	Verb
omnes	2.07	Noun
ontology	2.07	Noun
onus	2.07	Noun
opals	2.07	Noun
oppidan	2.07	Noun
optimize	2.07	Verb
opting	2.07	Verb
opulence	2.07	Noun
orang	2.07	Noun
orations	2.07	Noun
orcas	2.07	Noun
orchards	2.07	Noun
organdy	2.07	Noun
oriole	2.07	Noun
orlon	2.07	Name
ouf	2.07	Noun
ousted	2.07	Verb
outlives	2.07	Verb
outmode	2.07	Noun
outrace	2.07	Verb
outshine	2.07	Verb
outtakes	2.07	Noun
ovations	2.07	Noun
overage	2.07	Noun
overeat	2.07	Verb
overfeed	2.07	Verb
overuse	2.07	Verb
ovulate	2.07	Verb
owt	2.07	Pronoun
pacquet	2.07	Name
pacs	2.07	Name
paginate	2.07	Verb
paintbox	2.07	Noun
pais	2.07	Noun
palimony	2.07	Noun
palma	2.07	Name
palter	2.07	Noun
pandemic	2.07	Adjective
papist	2.07	Adjective
parada	2.07	Name
paragons	2.07	Noun
parapets	2.07	Noun
parity	2.07	Noun
parkland	2.07	Noun
pash	2.07	Verb
pashmina	2.07	Noun
pastas	2.07	Noun
pastis	2.07	Name
pattie	2.07	Name
pdl	2.07	Name
pease	2.07	Name
pectoris	2.07	Noun
pedant	2.07	Noun
peelings	2.07	Noun
peen	2.07	Noun
pense	2.07	Verb
peonies	2.07	Noun
peopled	2.07	Verb
pepsis	2.07	Noun
perdix	2.07	Name
perfidy	2.07	Noun
perusal	2.07	Noun
pesach	2.07	Noun
petered	2.07	Verb
phaedra	2.07	Name
phallus	2.07	Noun
phenol	2.07	Noun
phonics	2.07	Noun
pianola	2.07	Noun
piddle	2.07	Verb
piddly	2.07	Adverb
pierrot	2.07	Name
pigged	2.07	Verb
pigging	2.07	Verb
pillory	2.07	Noun
pined	2.07	Verb
pinholes	2.07	Noun
pipkin	2.07	Name
pistil	2.07	Noun
pitchman	2.07	Noun
pitocin	2.07	Noun
pitons	2.07	Noun
plainer	2.07	Adverb
planer	2.07	Noun
plash	2.07	Name
platelet	2.07	Noun
playas	2.07	Name
playland	2.07	Name
plenary	2.07	Adjective
pleura	2.07	Noun
pleurisy	2.07	Adjective
plod	2.07	Verb
plotters	2.07	Noun
pois	2.07	Noun
poky	2.07	Adjective
polisher	2.07	Noun
poncey	2.07	Noun
pone	2.07	Noun
poppets	2.07	Noun
popsy	2.07	Noun
porcine	2.07	Adjective
portas	2.07	Noun
poseur	2.07	Noun
poseurs	2.07	Noun
postmen	2.07	Noun
potbelly	2.07	Adverb
pouts	2.07	Verb
powdery	2.07	Adjective
preening	2.07	Verb
prelaw	2.07	Noun
prelims	2.07	Noun
presides	2.07	Verb
pretoria	2.07	Name
prettily	2.07	Adverb
prideful	2.07	Adjective
priggish	2.07	Adjective
progeria	2.07	Noun
propping	2.07	Verb
pross	2.07	Verb
prowls	2.07	Verb
pruned	2.07	Verb
prurient	2.07	Adjective
pshaw	2.07	Verb
psyches	2.07	Noun
pteropus	2.07	Noun
puka	2.07	Noun
pulsed	2.07	Verb
punter	2.07	Noun
purges	2.07	Noun
pushier	2.07	Adjective
putters	2.07	Noun
putts	2.07	Noun
pyrrhic	2.07	Adjective
quacky	2.07	Adjective
quatorze	2.07	Verb
queerly	2.07	Adverb
quenched	2.07	Verb
ques	2.07	Noun
queues	2.07	Noun
quintals	2.07	Noun
quippy	2.07	Adjective
quod	2.07	Unclassified
quotable	2.07	Adjective
rab	2.07	Name
radiates	2.07	Verb
raison	2.07	Noun
rale	2.07	Noun
rame	2.07	Noun
ramjet	2.07	Noun
rammer	2.07	Noun
ramping	2.07	Verb
rapidity	2.07	Noun
rasp	2.07	Noun
ratchets	2.07	Noun
ravening	2.07	Verb
ravin	2.07	Noun
raya	2.07	Noun
reaver	2.07	Noun
reboard	2.07	Noun
rebuffed	2.07	Verb
rebuilds	2.07	Verb
reclined	2.07	Verb
recoils	2.07	Verb
rectus	2.07	Noun
redcap	2.07	Noun
redrew	2.07	Verb
redwoods	2.07	Noun
refutes	2.07	Verb
regaled	2.07	Verb
reiter	2.07	Name
remans	2.07	Name
renwick	2.07	Name
restarts	2.07	Verb
retaken	2.07	Verb
retched	2.07	Adjective
retested	2.07	Verb
retool	2.07	Verb
retrain	2.07	Verb
retread	2.07	Verb
retros	2.07	Name
retry	2.07	Verb
reusing	2.07	Verb
revivals	2.07	Noun
revives	2.07	Verb
revolts	2.07	Noun
riddling	2.07	Verb
riles	2.07	Verb
rima	2.07	Name
ringworm	2.07	Noun
riped	2.07	Verb
ripened	2.07	Verb
ripoff	2.07	Verb
rivaling	2.07	Verb
roadways	2.07	Noun
robed	2.07	Verb
rollout	2.07	Noun
romney	2.07	Name
roomies	2.07	Noun
roosting	2.07	Verb
rosebush	2.07	Noun
rosette	2.07	Name
roundy	2.07	Name
rowers	2.07	Noun
ruinous	2.07	Adjective
ruminate	2.07	Verb
rumps	2.07	Noun
sags	2.07	Verb
salish	2.07	Noun
salivary	2.07	Adjective
saltier	2.07	Adjective
salver	2.07	Noun
sanctify	2.07	Verb
sappers	2.07	Noun
sardonic	2.07	Adjective
sare	2.07	Noun
satchels	2.07	Noun
sated	2.07	Verb
satirist	2.07	Noun
satsuma	2.07	Noun
satyrs	2.07	Noun
saunas	2.07	Noun
sauteed	2.07	Verb
savored	2.07	Verb
scabbing	2.07	Verb
scaphoid	2.07	Noun
scarers	2.07	Noun
scatters	2.07	Verb
schick	2.07	Noun
schnitz	2.07	Name
sconces	2.07	Noun
scotsmen	2.07	Noun
scourged	2.07	Verb
scraper	2.07	Noun
scrum	2.07	Noun
scruple	2.07	Noun
scurried	2.07	Verb
seances	2.07	Noun
seedling	2.07	Noun
seeped	2.07	Verb
seethe	2.07	Verb
sel	2.07	Name
semipro	2.07	Noun
sena	2.07	Noun
sept	2.07	Name
sequitur	2.07	Noun
serape	2.07	Noun
severest	2.07	Adjective
sexiness	2.07	Noun
shams	2.07	Noun
shanking	2.07	Verb
sharpies	2.07	Noun
sheathe	2.07	Verb
sheathed	2.07	Verb
sheepish	2.07	Adjective
sheikhs	2.07	Noun
sheiks	2.07	Noun
shellac	2.07	Noun
shiners	2.07	Noun
shopgirl	2.07	Noun
showings	2.07	Noun
shrieker	2.07	Noun
shrugged	2.07	Verb
shucking	2.07	Verb
sickbed	2.07	Adjective
sifter	2.07	Noun
signer	2.07	Noun
silesia	2.07	Name
silkwood	2.07	Name
simkin	2.07	Noun
sina	2.07	#N/A
sippy	2.07	Adjective
sirocco	2.07	Noun
situate	2.07	Verb
siwash	2.07	Name
skeeball	2.07	Noun
skeets	2.07	Noun
skein	2.07	Noun
skelly	2.07	Adverb
skinful	2.07	Noun
skirting	2.07	Noun
skits	2.07	Noun
skullcap	2.07	Noun
skyman	2.07	Noun
slacken	2.07	Verb
slapper	2.07	Noun
slavish	2.07	Adjective
slobbery	2.07	Adjective
sloshed	2.07	Verb
slotted	2.07	Verb
slt	2.07	Name
slurps	2.07	Noun
smarties	2.07	Noun
smelters	2.07	Noun
sml	2.07	Name
smocks	2.07	Noun
snippers	2.07	Noun
snippet	2.07	Noun
snippets	2.07	Noun
snivel	2.07	Verb
snooks	2.07	Name
snots	2.07	Noun
snuffs	2.07	Verb
soaped	2.07	Verb
softies	2.07	Noun
soirees	2.07	Noun
solenoid	2.07	Noun
sontag	2.07	Name
soothed	2.07	Verb
sooty	2.07	Adjective
sord	2.07	Noun
soreness	2.07	Noun
sorrento	2.07	Name
souped	2.07	Verb
sourball	2.07	Noun
souvlaki	2.07	Noun
sower	2.07	Noun
spacemen	2.07	Noun
spacer	2.07	Noun
spader	2.07	Name
spanned	2.07	Verb
sparerib	2.07	Noun
speared	2.07	Verb
spelman	2.07	Name
spick	2.07	Noun
spiffed	2.07	Verb
spiffing	2.07	Adjective
spina	2.07	Noun
spire	2.07	Noun
spoilers	2.07	Noun
spookier	2.07	Adjective
springy	2.07	Adjective
sprinter	2.07	Noun
spurious	2.07	Adjective
sputters	2.07	Verb
squawked	2.07	Verb
squiring	2.07	Verb
stags	2.07	Noun
stances	2.07	Noun
standbys	2.07	Noun
stanhope	2.07	Noun
stashes	2.07	Verb
stealers	2.07	Noun
steels	2.07	Noun
steeples	2.07	Noun
stellate	2.07	Noun
stilled	2.07	Verb
stoking	2.07	Verb
stoolies	2.07	Noun
stoppers	2.07	Noun
strack	2.07	Name
strafe	2.07	Verb
strafed	2.07	Verb
strelitz	2.07	Name
strewth	2.07	Interjection
stria	2.07	Noun
stricter	2.07	Adjective
stripey	2.07	Name
strudels	2.07	Noun
subito	2.07	Noun
subsidy	2.07	Noun
suckled	2.07	Verb
sud	2.07	Noun
suffrage	2.07	Noun
sulfuryl	2.07	Noun
sulla	2.07	Name
summits	2.07	Noun
sunbath	2.07	Noun
sunburnt	2.07	Adjective
sunray	2.07	Noun
supe	2.07	Noun
supped	2.07	Verb
surcease	2.07	Noun
surmount	2.07	Verb
surnames	2.07	Noun
susu	2.07	Name
sutor	2.07	Name
svelte	2.07	Noun
swash	2.07	Noun
swirled	2.07	Verb
sylvan	2.07	Adjective
syrians	2.07	Noun
tabletop	2.07	Noun
taenia	2.07	Noun
tallies	2.07	Verb
tallow	2.07	Noun
tanager	2.07	Noun
tangling	2.07	Verb
tangos	2.07	Noun
tangs	2.07	Noun
tanking	2.07	Verb
tapas	2.07	Noun
tapering	2.07	Verb
tarty	2.07	Adjective
tastier	2.07	Adjective
tatters	2.07	Noun
tattling	2.07	Verb
taxied	2.07	Verb
teapots	2.07	Noun
teepees	2.07	Noun
teeter	2.07	Verb
tefillin	2.07	Name
tempeh	2.07	Noun
tempests	2.07	Noun
tenting	2.07	Verb
terrine	2.07	Noun
teste	2.07	Name
tetched	2.07	Verb
tethers	2.07	Verb
thanes	2.07	Noun
thatched	2.07	Adjective
therefor	2.07	Adverb
thetis	2.07	Noun
thicken	2.07	Verb
thinness	2.07	Noun
thro	2.07	Noun
throngs	2.07	Noun
thrums	2.07	Name
thumps	2.07	Verb
tills	2.07	Noun
timbo	2.07	Noun
timings	2.07	Noun
timpani	2.07	Noun
tinplate	2.07	Noun
tinting	2.07	Noun
tints	2.07	Verb
titch	2.07	Noun
toed	2.07	Verb
toilette	2.07	Noun
tonguing	2.07	Verb
toothy	2.07	Adjective
toques	2.07	Noun
toru	2.07	Noun
tossup	2.07	Noun
tousled	2.07	Verb
towered	2.07	Verb
tracings	2.07	Noun
trawl	2.07	Verb
trembler	2.07	Noun
trencher	2.07	Name
tricker	2.07	Noun
tricon	2.07	Noun
trills	2.07	Verb
trolleys	2.07	Noun
truelove	2.07	Name
trustful	2.07	Adjective
tss	2.07	Name
tun	2.07	Noun
tuneless	2.07	Adjective
tunneled	2.07	Verb
tup	2.07	Verb
turnkey	2.07	Noun
twant	2.07	Adjective
twee	2.07	Adjective
tweezed	2.07	Verb
twinkles	2.07	Noun
twirls	2.07	Verb
twitcher	2.07	Noun
ubangi	2.07	Noun
ulster	2.07	Name
unbowed	2.07	Adjective
uncooked	2.07	Adjective
uncross	2.07	Verb
undoes	2.07	Verb
unease	2.07	Noun
unfix	2.07	Verb
unguent	2.07	Adjective
unhurt	2.07	Adjective
unionize	2.07	Verb
unkindly	2.07	Adverb
unmake	2.07	Verb
unread	2.07	Adjective
unspoilt	2.07	Adjective
unsuited	2.07	Adjective
untruth	2.07	Noun
unveils	2.07	Verb
uplands	2.07	Noun
uprights	2.07	Noun
upstair	2.07	Noun
urethane	2.07	Noun
uric	2.07	Adjective
ushered	2.07	Verb
usury	2.07	Noun
utrecht	2.07	Name
valerian	2.07	Adjective
vanes	2.07	Noun
vanir	2.07	Noun
vaqueros	2.07	Noun
varlets	2.07	Noun
vell	2.07	Verb
venoms	2.07	Noun
vesper	2.07	Noun
vexes	2.07	Verb
viatical	2.07	Adjective
vietminh	2.07	Noun
vining	2.07	Name
vire	2.07	Name
viscount	2.07	Noun
vodkas	2.07	Noun
voided	2.07	Verb
voids	2.07	Noun
vouching	2.07	Verb
vowing	2.07	Verb
voyeurs	2.07	Noun
waffling	2.07	Verb
wafted	2.07	Verb
wailer	2.07	Noun
waists	2.07	Noun
wakeup	2.07	Noun
walkup	2.07	Noun
wallops	2.07	Noun
warbling	2.07	Noun
warders	2.07	Noun
warplane	2.07	Noun
washtub	2.07	Noun
waxworks	2.07	Noun
wayfarer	2.07	Noun
weal	2.07	Noun
webcast	2.07	Noun
weeded	2.07	Verb
weensy	2.07	Adjective
wesleyan	2.07	Noun
westy	2.07	Noun
wetbacks	2.07	Noun
wetland	2.07	Noun
whan	2.07	Noun
whang	2.07	Noun
wheedle	2.07	Verb
whetted	2.07	Verb
whigs	2.07	Noun
whined	2.07	Verb
whippet	2.07	Noun
whir	2.07	Noun
whisks	2.07	Verb
whitter	2.07	Name
whizzed	2.07	Verb
whizzer	2.07	Noun
whored	2.07	Verb
whorish	2.07	Adjective
wienies	2.07	Noun
wigglers	2.07	Noun
wimping	2.07	Verb
winder	2.07	Noun
windward	2.07	Adverb
wingtip	2.07	Noun
wining	2.07	Verb
wiseacre	2.07	Noun
wispy	2.07	Adjective
wite	2.07	Noun
wittiest	2.07	Adjective
womans	2.07	Noun
woofs	2.07	Noun
woos	2.07	Verb
worthier	2.07	Adjective
wouldnt	2.07	Verb
wrack	2.07	Verb
wracking	2.07	Verb
wrangled	2.07	Verb
wrathful	2.07	Adjective
wreaked	2.07	Verb
wyle	2.07	Name
yappy	2.07	Adjective
yawned	2.07	Verb
yogis	2.07	Noun
yogurts	2.07	Noun
yoked	2.07	Verb
yoni	2.07	Noun
yoruba	2.07	Adjective
yoy	2.07	Noun
zapper	2.07	Noun
zax	2.07	Verb
zealotry	2.07	Noun
zep	2.07	Name
zines	2.07	Noun
zingers	2.07	Noun
zounds	2.07	Interjection
zulus	2.07	Noun
aba	1.991	Noun
abated	1.991	Verb
abhors	1.991	Verb
abides	1.991	Verb
absolver	1.991	Noun
absolves	1.991	Verb
abyssus	1.991	Noun
accra	1.991	Name
accrue	1.991	Verb
acerbic	1.991	Adjective
acidotic	1.991	Adjective
acing	1.991	Verb
aconitum	1.991	Noun
adaptor	1.991	Noun
addio	1.991	Noun
adipose	1.991	Verb
adjustor	1.991	Noun
admonish	1.991	Verb
adrenals	1.991	Noun
adverts	1.991	Noun
aeneas	1.991	Name
afebrile	1.991	Noun
affa	1.991	Noun
afflict	1.991	Verb
aflutter	1.991	Verb
agal	1.991	Adjective
ageist	1.991	Noun
agnates	1.991	Noun
agonised	1.991	Verb
ahs	1.991	Noun
ahu	1.991	Noun
aikido	1.991	Noun
ailerons	1.991	Noun
airboat	1.991	Noun
airships	1.991	Noun
ait	1.991	Verb
akimbo	1.991	Noun
ala	1.991	Noun
alban	1.991	Name
albinos	1.991	Noun
albumin	1.991	Noun
allayed	1.991	Verb
allene	1.991	Noun
aller	1.991	Unclassified
allying	1.991	Verb
alumnae	1.991	Noun
alums	1.991	Noun
alveolar	1.991	Adjective
alveoli	1.991	Noun
amal	1.991	Adjective
amas	1.991	Noun
ambos	1.991	Name
amiably	1.991	Adverb
amortize	1.991	Verb
analyser	1.991	Noun
analytic	1.991	Adjective
anatomic	1.991	Adjective
andirons	1.991	Noun
angering	1.991	Verb
angiomas	1.991	Noun
angstrom	1.991	Name
antic	1.991	Adjective
aphid	1.991	Noun
apl	1.991	Name
apogee	1.991	Noun
appended	1.991	Verb
aquarian	1.991	Noun
arcana	1.991	Noun
archived	1.991	Verb
ardour	1.991	Noun
areolas	1.991	Noun
arista	1.991	Name
armless	1.991	Adjective
armload	1.991	Noun
arriere	1.991	#N/A
arx	1.991	Name
askance	1.991	Adverb
asphodel	1.991	Name
assegai	1.991	Noun
assent	1.991	Noun
atabrine	1.991	Noun
atchison	1.991	Name
atomizer	1.991	Noun
atresia	1.991	Noun
atria	1.991	Noun
augh	1.991	Verb
augury	1.991	Noun
aural	1.991	Adjective
autobahn	1.991	Noun
automate	1.991	Verb
autos	1.991	Noun
avant	1.991	Unclassified
avaunt	1.991	Verb
avenida	1.991	Name
aver	1.991	Verb
avian	1.991	Adjective
avion	1.991	Noun
avulsed	1.991	Verb
awa	1.991	Noun
aweary	1.991	Adjective
aweek	1.991	Verb
awk	1.991	Verb
awnings	1.991	Noun
bab	1.991	Name
babysits	1.991	Verb
backbeat	1.991	Noun
backlit	1.991	Adjective
backus	1.991	Name
badan	1.991	Noun
badasses	1.991	Noun
bahamian	1.991	Adjective
bailies	1.991	Name
bakula	1.991	Name
balking	1.991	Verb
bamboos	1.991	Noun
banbury	1.991	Name
bande	1.991	Noun
bantam	1.991	Noun
baobab	1.991	Noun
baraka	1.991	Name
bari	1.991	Name
barista	1.991	Noun
baristas	1.991	Noun
barnabas	1.991	Name
bartend	1.991	Verb
basses	1.991	Noun
basting	1.991	Verb
bated	1.991	Adjective
batel	1.991	Name
batt	1.991	Noun
battened	1.991	Verb
battler	1.991	Noun
bawls	1.991	Verb
bayous	1.991	Adjective
bazaars	1.991	Noun
beaching	1.991	Verb
beamish	1.991	Noun
bearpaw	1.991	Name
bedivere	1.991	Name
bedsore	1.991	Noun
beetroot	1.991	Noun
befell	1.991	Verb
bego	1.991	#N/A
begonia	1.991	Noun
bellowed	1.991	Verb
benching	1.991	Verb
bendel	1.991	Name
berryman	1.991	Name
bes	1.991	Noun
besotted	1.991	Verb
bestows	1.991	Verb
bethink	1.991	Verb
betoken	1.991	Verb
betties	1.991	Name
bevel	1.991	Name
bevil	1.991	Noun
bezoar	1.991	Noun
bialy	1.991	Adverb
bides	1.991	Verb
biffy	1.991	Name
bilbies	1.991	Noun
bilking	1.991	Verb
binges	1.991	Noun
binging	1.991	Verb
biopsied	1.991	Verb
bipeds	1.991	Noun
birches	1.991	Noun
birks	1.991	Noun
bitchier	1.991	Noun
blabs	1.991	Verb
blackies	1.991	Name
blankly	1.991	Adverb
bleaches	1.991	Verb
bleats	1.991	Verb
blenheim	1.991	Name
blintz	1.991	Noun
bloats	1.991	Verb
blondish	1.991	Verb
bloodier	1.991	Adjective
blowpipe	1.991	Noun
blubbing	1.991	Verb
bluefin	1.991	Noun
bluejays	1.991	Noun
bluey	1.991	Adjective
blurbs	1.991	Noun
bobble	1.991	Noun
boden	1.991	Name
bodkins	1.991	Verb
bodysurf	1.991	Verb
boers	1.991	Noun
bogo	1.991	Name
bolas	1.991	Name
bollock	1.991	Verb
boma	1.991	Name
bondoc	1.991	Name
boogies	1.991	Noun
boolean	1.991	Noun
boombox	1.991	Noun
bordered	1.991	Verb
borrower	1.991	Noun
borsch	1.991	Noun
botanic	1.991	Adjective
bowe	1.991	Name
boxful	1.991	Noun
boycotts	1.991	Noun
brackish	1.991	Adjective
brae	1.991	Noun
brahmin	1.991	Noun
brasses	1.991	Noun
brattle	1.991	Noun
breezed	1.991	Verb
bridged	1.991	Verb
briers	1.991	Noun
briss	1.991	Name
briton	1.991	Noun
britons	1.991	Noun
broiling	1.991	Verb
broncs	1.991	Noun
brooches	1.991	Noun
brookie	1.991	Noun
bruisers	1.991	Noun
brushoff	1.991	Noun
brusque	1.991	Adjective
bubo	1.991	Noun
buffeted	1.991	Verb
bullshot	1.991	Noun
bunged	1.991	Verb
burgher	1.991	Name
burk	1.991	Name
burnouts	1.991	Noun
burster	1.991	Noun
busily	1.991	Adverb
busywork	1.991	Noun
butling	1.991	Verb
caballo	1.991	Noun
cabrito	1.991	Noun
cabstand	1.991	Noun
cacti	1.991	Noun
cactuses	1.991	Noun
caddying	1.991	Verb
cadres	1.991	Noun
cads	1.991	Noun
cajoling	1.991	Verb
calcite	1.991	Noun
caldron	1.991	Noun
callans	1.991	Name
callate	1.991	Verb
caloric	1.991	Adjective
calzones	1.991	Noun
caning	1.991	Noun
canner	1.991	Noun
cantare	1.991	Verb
cantata	1.991	Noun
cantatas	1.991	Noun
capful	1.991	Noun
capitano	1.991	Name
capon	1.991	Noun
cappers	1.991	Noun
capping	1.991	Verb
careen	1.991	Noun
carer	1.991	Noun
carping	1.991	Verb
carrell	1.991	Name
carryall	1.991	Noun
cartes	1.991	Name
cashbox	1.991	Noun
cassis	1.991	Noun
caster	1.991	Noun
castrati	1.991	Noun
casuals	1.991	Noun
catbird	1.991	Noun
catlin	1.991	Noun
caucho	1.991	Noun
causer	1.991	Noun
celt	1.991	Noun
cenozoic	1.991	Noun
certs	1.991	Noun
cesium	1.991	Noun
chads	1.991	Noun
challa	1.991	#N/A
chammy	1.991	Noun
champing	1.991	Verb
chancery	1.991	Noun
chantey	1.991	Noun
chappe	1.991	Name
charlies	1.991	Name
chasms	1.991	Noun
cheerier	1.991	Adjective
chewable	1.991	Adjective
chewer	1.991	Noun
chided	1.991	Verb
chih	1.991	Name
chine	1.991	Noun
chinois	1.991	Name
chirring	1.991	Verb
chloric	1.991	Adjective
choc	1.991	Noun
chomped	1.991	Verb
chubb	1.991	Name
chuckled	1.991	Verb
churro	1.991	Noun
cid	1.991	Name
circe	1.991	Name
cisterna	1.991	Name
clacker	1.991	Noun
clackers	1.991	Noun
classed	1.991	Verb
clerics	1.991	Noun
cliched	1.991	Verb
clickers	1.991	Noun
climaxed	1.991	Verb
clinger	1.991	Noun
clinks	1.991	Verb
clio	1.991	Name
clo	1.991	Noun
clomping	1.991	Verb
clop	1.991	Verb
clos	1.991	Name
closures	1.991	Noun
clumps	1.991	Noun
clunks	1.991	Verb
coatrack	1.991	Noun
cobblers	1.991	Noun
cobol	1.991	Name
cockeye	1.991	Name
cockle	1.991	Noun
coercing	1.991	Verb
cognacs	1.991	Noun
coining	1.991	Verb
coit	1.991	Noun
coker	1.991	Noun
colicky	1.991	Adjective
collet	1.991	Noun
collies	1.991	Noun
colons	1.991	Noun
combe	1.991	Name
commutes	1.991	Verb
compere	1.991	Noun
comsat	1.991	Noun
condors	1.991	Noun
conelrad	1.991	Name
congee	1.991	Noun
conine	1.991	Name
conman	1.991	Noun
conniver	1.991	Noun
coppin	1.991	Noun
copra	1.991	Noun
copybook	1.991	Noun
corals	1.991	Noun
cornices	1.991	Noun
cosigned	1.991	Verb
cotta	1.991	Noun
coupler	1.991	Noun
coups	1.991	Noun
coverup	1.991	Noun
covetous	1.991	Adjective
cowlick	1.991	Noun
coxcomb	1.991	Noun
cozened	1.991	Verb
cpt	1.991	Name
craner	1.991	Name
crappin	1.991	Noun
cravats	1.991	Noun
crawdads	1.991	Noun
credibly	1.991	Adverb
cree	1.991	Noun
creel	1.991	Name
creem	1.991	Noun
crimped	1.991	Verb
cringed	1.991	Verb
crinkly	1.991	Adjective
crochets	1.991	Noun
crotches	1.991	Noun
croton	1.991	Name
crozier	1.991	Name
cruder	1.991	Adjective
crudites	1.991	Noun
crudity	1.991	Noun
cruncher	1.991	Noun
cruzeiro	1.991	Name
crypto	1.991	Noun
cul	1.991	Name
cull	1.991	Verb
cupids	1.991	Name
cuppy	1.991	Name
curators	1.991	Noun
curdles	1.991	Verb
curds	1.991	Noun
curfews	1.991	Noun
cursive	1.991	Adjective
cuspidor	1.991	Noun
cutaway	1.991	Noun
cutup	1.991	Noun
cyc	1.991	Name
czars	1.991	Noun
dabbles	1.991	Verb
dacha	1.991	Noun
daimon	1.991	Noun
dainties	1.991	Noun
dandler	1.991	Noun
darb	1.991	Name
darkens	1.991	Verb
daub	1.991	Noun
daunted	1.991	Verb
deadened	1.991	Verb
deadlock	1.991	Noun
debuts	1.991	Noun
decays	1.991	Verb
decimals	1.991	Noun
decking	1.991	Verb
decoyed	1.991	Verb
defaults	1.991	Noun
defiler	1.991	Noun
defray	1.991	Verb
delis	1.991	Noun
delouse	1.991	Verb
demurrer	1.991	Noun
dene	1.991	Noun
dengue	1.991	Verb
denote	1.991	Verb
deprives	1.991	Verb
derricks	1.991	Noun
detuned	1.991	Verb
devant	1.991	Unclassified
diabolic	1.991	Adjective
diarist	1.991	Noun
diatoms	1.991	Noun
dibble	1.991	Name
didies	1.991	Noun
dido	1.991	Name
diel	1.991	Noun
digitize	1.991	Verb
dilutes	1.991	Verb
dinkey	1.991	Noun
dinning	1.991	Noun
dint	1.991	Noun
diogenes	1.991	Name
dir	1.991	Noun
disables	1.991	Verb
disabuse	1.991	Verb
disavow	1.991	Verb
disbar	1.991	Noun
disposer	1.991	Noun
disquiet	1.991	Verb
dither	1.991	Noun
divas	1.991	Noun
diverts	1.991	Verb
divest	1.991	Verb
divined	1.991	Verb
diviner	1.991	Name
dockside	1.991	Noun
dockyard	1.991	Noun
doest	1.991	Adjective
dogfaces	1.991	Noun
dogfish	1.991	Noun
doggerel	1.991	Noun
dogie	1.991	Noun
dol	1.991	Noun
doled	1.991	Verb
dollie	1.991	Name
donar	1.991	Noun
doorjamb	1.991	Noun
dopehead	1.991	Noun
dormer	1.991	Noun
dosh	1.991	Noun
doublet	1.991	Noun
dourine	1.991	Noun
dovetail	1.991	Verb
dovey	1.991	Noun
downturn	1.991	Noun
dozes	1.991	Verb
draggy	1.991	Adjective
draping	1.991	Verb
drawl	1.991	Verb
dreg	1.991	Verb
drooly	1.991	Adverb
dross	1.991	Noun
drovers	1.991	Noun
druggy	1.991	Adjective
dubs	1.991	Noun
ducat	1.991	Noun
duchesse	1.991	Name
ducting	1.991	Verb
ductless	1.991	Adjective
ductwork	1.991	Noun
dulce	1.991	Name
dunghill	1.991	Noun
dustman	1.991	Noun
dusts	1.991	Verb
dweebs	1.991	Noun
dwelled	1.991	Verb
dwindled	1.991	Verb
earless	1.991	Adjective
eatables	1.991	Name
echelons	1.991	Noun
echos	1.991	Noun
ecole	1.991	Name
eds	1.991	Noun
effluent	1.991	Noun
ejects	1.991	Verb
eke	1.991	Verb
eking	1.991	Verb
elms	1.991	Noun
els	1.991	Verb
elysium	1.991	Name
embalm	1.991	Verb
embed	1.991	Verb
embolize	1.991	Verb
emitters	1.991	Noun
empowers	1.991	Verb
emus	1.991	Noun
enchants	1.991	Verb
endymion	1.991	Noun
engram	1.991	Noun
ennoble	1.991	Verb
entr	1.991	Noun
envelop	1.991	Verb
envelops	1.991	Verb
epically	1.991	Adverb
equiped	1.991	Verb
erasures	1.991	Noun
erebus	1.991	Noun
erythema	1.991	Noun
ethmoid	1.991	Adjective
etiology	1.991	Noun
etudes	1.991	Noun
eugenics	1.991	Noun
eulogize	1.991	Verb
eurydice	1.991	Name
evensong	1.991	Name
evert	1.991	Name
exacts	1.991	Verb
exclaims	1.991	Verb
excreted	1.991	Verb
excretes	1.991	Verb
expander	1.991	Noun
expels	1.991	Verb
expend	1.991	Verb
expiry	1.991	Noun
exponent	1.991	Noun
exporter	1.991	Noun
eyre	1.991	Name
fado	1.991	Noun
fads	1.991	Noun
fakir	1.991	Noun
fakirs	1.991	Noun
falconer	1.991	Noun
fana	1.991	Noun
fastback	1.991	Noun
fasted	1.991	Verb
fastens	1.991	Verb
fatalism	1.991	Noun
fawns	1.991	Noun
fazes	1.991	Verb
feigns	1.991	Verb
feinted	1.991	Verb
feltman	1.991	Name
fem	1.991	Verb
feria	1.991	Noun
fescue	1.991	Noun
fetlock	1.991	Noun
fibbed	1.991	Verb
fiddlers	1.991	Noun
fiddly	1.991	Adjective
fidget	1.991	Verb
fielded	1.991	Verb
filleted	1.991	Verb
filmy	1.991	Adjective
finks	1.991	Noun
finns	1.991	Noun
firebomb	1.991	Verb
fireworm	1.991	Noun
fiscally	1.991	Adverb
fishbone	1.991	Name
fisty	1.991	Noun
flagons	1.991	Noun
flailed	1.991	Verb
flatcars	1.991	Noun
flatness	1.991	Noun
flav	1.991	Noun
fledged	1.991	Verb
fleer	1.991	Noun
fleing	1.991	Name
fleshed	1.991	Verb
flexes	1.991	Verb
flitty	1.991	Adjective
flix	1.991	Verb
flogger	1.991	Name
flooey	1.991	Noun
florid	1.991	Adjective
flounces	1.991	Noun
flours	1.991	Noun
flouting	1.991	Verb
fluffing	1.991	Verb
fluidity	1.991	Noun
flyover	1.991	Noun
flyspeck	1.991	Noun
foisting	1.991	Verb
folate	1.991	Verb
folderol	1.991	Noun
foldout	1.991	Noun
folio	1.991	Noun
foolery	1.991	Noun
footbath	1.991	Noun
footman	1.991	Noun
footpad	1.991	Noun
foragers	1.991	Noun
forbears	1.991	Noun
foredeck	1.991	Noun
foretop	1.991	Noun
forevers	1.991	Noun
forfend	1.991	Verb
formless	1.991	Adjective
formulae	1.991	Noun
forswear	1.991	Verb
forsworn	1.991	Adjective
forwork	1.991	Noun
foulard	1.991	Noun
fount	1.991	Noun
foxglove	1.991	Noun
fractals	1.991	Noun
framers	1.991	Noun
freedmen	1.991	Noun
freehand	1.991	Adverb
freesias	1.991	Noun
freest	1.991	Adjective
frig	1.991	Verb
frosts	1.991	Noun
froufrou	1.991	Noun
fruiter	1.991	Noun
fuder	1.991	Noun
fudged	1.991	Verb
fulsome	1.991	Adjective
furled	1.991	Verb
furrowed	1.991	Adjective
furthers	1.991	Verb
gainer	1.991	Noun
galea	1.991	Noun
galena	1.991	Name
galilei	1.991	Name
ganglion	1.991	Noun
garbanzo	1.991	Noun
garnets	1.991	Noun
garrotte	1.991	Noun
gashed	1.991	Verb
gashouse	1.991	Noun
gein	1.991	Name
gelling	1.991	Verb
geminis	1.991	Name
geordie	1.991	Noun
gherkin	1.991	Noun
ghettoes	1.991	Noun
ghosting	1.991	Verb
gibbers	1.991	Verb
gibs	1.991	Name
gies	1.991	Verb
giggler	1.991	Noun
gild	1.991	Verb
gimbals	1.991	Noun
gimmicky	1.991	Adjective
gimps	1.991	Noun
ginned	1.991	Verb
girded	1.991	Verb
glimmers	1.991	Noun
gloaming	1.991	Noun
glyphs	1.991	Noun
gobbles	1.991	Verb
gorges	1.991	Noun
gormless	1.991	Adjective
gorry	1.991	Noun
gossipy	1.991	Adjective
gourmets	1.991	Noun
gowdy	1.991	Name
graine	1.991	Name
grandee	1.991	Noun
grans	1.991	Noun
grapples	1.991	Verb
grav	1.991	Noun
greasier	1.991	Adjective
griefs	1.991	Noun
groins	1.991	Noun
gropes	1.991	Verb
growse	1.991	Verb
gryllus	1.991	Noun
guilting	1.991	Verb
gul	1.991	Name
gumballs	1.991	Noun
gummed	1.991	Verb
gushed	1.991	Verb
gushes	1.991	Verb
gyrate	1.991	Verb
hae	1.991	Name
hafiz	1.991	Verb
haggled	1.991	Verb
hakeem	1.991	Verb
hala	1.991	Noun
halfwit	1.991	Noun
hamzah	1.991	Name
handcart	1.991	Noun
handover	1.991	Noun
harangue	1.991	Verb
hardback	1.991	Noun
haricots	1.991	Name
harriers	1.991	Noun
harrumph	1.991	Noun
hasidim	1.991	Noun
hastens	1.991	Verb
hatchway	1.991	Noun
haulers	1.991	Noun
haunch	1.991	Noun
havel	1.991	Name
hawked	1.991	Verb
hayseeds	1.991	Noun
headings	1.991	Noun
hedged	1.991	Verb
heeled	1.991	Verb
hegemony	1.991	Noun
hellion	1.991	Noun
heralded	1.991	Verb
hexagon	1.991	Noun
hexed	1.991	Verb
hezekiah	1.991	Name
hierarch	1.991	Verb
highboy	1.991	Noun
hinch	1.991	Verb
hobbles	1.991	Verb
hobbyist	1.991	Noun
hobnail	1.991	Verb
hockshop	1.991	Noun
hoghead	1.991	Noun
hoho	1.991	Noun
hokum	1.991	Noun
holstein	1.991	Noun
hominid	1.991	Noun
homonym	1.991	Noun
hongkong	1.991	Name
hooted	1.991	Verb
hoovered	1.991	Verb
hornpipe	1.991	Noun
hotcha	1.991	Noun
housesit	1.991	Verb
howler	1.991	Noun
hugeness	1.991	Noun
huger	1.991	Adjective
humanist	1.991	Noun
hunkers	1.991	Noun
huntsman	1.991	Noun
hurlock	1.991	Name
huron	1.991	Name
hurrahs	1.991	Noun
huskers	1.991	Noun
hussars	1.991	Noun
icecap	1.991	Noun
icecaps	1.991	Noun
ides	1.991	Noun
idolizes	1.991	Verb
igniter	1.991	Noun
illing	1.991	Verb
imager	1.991	Noun
immolate	1.991	Verb
imperil	1.991	Verb
inborn	1.991	Adjective
incas	1.991	Name
incurs	1.991	Verb
ind	1.991	Noun
indexes	1.991	Noun
indolent	1.991	Adjective
indulges	1.991	Verb
inf	1.991	Verb
inflames	1.991	Verb
inflow	1.991	Noun
ingress	1.991	Noun
inhibits	1.991	Verb
innovate	1.991	Verb
instills	1.991	Verb
intaglio	1.991	Noun
intranet	1.991	Noun
intros	1.991	Noun
invokes	1.991	Verb
irked	1.991	Verb
ither	1.991	Verb
jama	1.991	Noun
jammers	1.991	Noun
jape	1.991	Noun
jazzing	1.991	Verb
jeered	1.991	Verb
jejunum	1.991	Noun
jeu	1.991	Name
jeux	1.991	Unclassified
jibes	1.991	Verb
jibs	1.991	Noun
jiggles	1.991	Verb
jimp	1.991	Noun
jingo	1.991	Noun
jink	1.991	Verb
jocose	1.991	Adjective
jocund	1.991	Adjective
jokester	1.991	Noun
jokey	1.991	Adjective
jollier	1.991	Adjective
jours	1.991	Verb
jowl	1.991	Noun
juicier	1.991	Adjective
juking	1.991	Verb
junking	1.991	Verb
juris	1.991	Noun
justo	1.991	Name
kabala	1.991	Name
kabob	1.991	Noun
kalo	1.991	Noun
kamala	1.991	Noun
kart	1.991	Verb
kasha	1.991	Noun
katana	1.991	Noun
kava	1.991	Noun
kayaking	1.991	Verb
keef	1.991	Verb
keek	1.991	Verb
keenness	1.991	Noun
keita	1.991	Name
kens	1.991	Name
kerf	1.991	Verb
kerner	1.991	Name
ketchups	1.991	Noun
ketones	1.991	Noun
kiddush	1.991	Noun
kilotons	1.991	Noun
kilter	1.991	Noun
kimchee	1.991	Noun
kingly	1.991	Adjective
kinkier	1.991	Adjective
kips	1.991	Noun
kishka	1.991	Name
kiting	1.991	Verb
kluck	1.991	Name
klystron	1.991	Noun
kneader	1.991	Noun
kneepads	1.991	Noun
knobby	1.991	Adjective
knoweth	1.991	Verb
koalas	1.991	Noun
kola	1.991	Name
koller	1.991	Name
kos	1.991	Name
koto	1.991	Noun
kudu	1.991	Noun
kula	1.991	Noun
kwanza	1.991	Noun
lactated	1.991	Adjective
lagged	1.991	Verb
lairs	1.991	Noun
lamasery	1.991	Noun
lambskin	1.991	Noun
lammed	1.991	Verb
landmass	1.991	Noun
lanyard	1.991	Noun
larges	1.991	Noun
largish	1.991	Adjective
larn	1.991	Verb
lassies	1.991	Noun
lassoed	1.991	Verb
latents	1.991	Noun
lattice	1.991	Noun
laugher	1.991	Noun
layabout	1.991	Noun
layette	1.991	Noun
laymen	1.991	Noun
lcd	1.991	Noun
leaches	1.991	Verb
leafed	1.991	Verb
leaper	1.991	Noun
lechery	1.991	Noun
lectern	1.991	Noun
ledges	1.991	Noun
leeched	1.991	Verb
lek	1.991	Noun
lessee	1.991	Noun
leveler	1.991	Noun
lichen	1.991	Noun
liens	1.991	Noun
limine	1.991	Noun
limpid	1.991	Adjective
limpin	1.991	Noun
limps	1.991	Noun
lindane	1.991	Adjective
linge	1.991	Noun
lingual	1.991	Adjective
linkages	1.991	Noun
linten	1.991	Name
lipa	1.991	Name
lipped	1.991	Verb
lisette	1.991	Noun
litigate	1.991	Verb
livening	1.991	Verb
loa	1.991	Noun
loaders	1.991	Noun
logjam	1.991	Noun
logwood	1.991	Noun
longhair	1.991	Verb
longneck	1.991	Noun
lour	1.991	Noun
louts	1.991	Noun
louver	1.991	Noun
lowlands	1.991	Noun
lubed	1.991	Verb
lugger	1.991	Noun
lunched	1.991	Verb
lunk	1.991	Noun
lurg	1.991	Noun
lyre	1.991	Noun
lysine	1.991	Noun
lyssa	1.991	Noun
machined	1.991	Verb
macrame	1.991	Noun
maffia	1.991	Noun
magnific	1.991	Adjective
mailings	1.991	Noun
maki	1.991	Noun
maleness	1.991	Noun
maligned	1.991	Verb
malum	1.991	Noun
mammoths	1.991	Noun
mandi	1.991	Name
mangler	1.991	Name
manilla	1.991	Name
mantes	1.991	Name
mantras	1.991	Noun
mapo	1.991	Noun
marinas	1.991	Noun
markable	1.991	Adjective
marlins	1.991	Name
marquess	1.991	Noun
marrieds	1.991	Noun
marten	1.991	Noun
mashes	1.991	Noun
mauricio	1.991	Name
maxilla	1.991	Noun
meatus	1.991	Noun
medalist	1.991	Noun
medially	1.991	Adverb
megastar	1.991	Noun
megs	1.991	Name
melanin	1.991	Noun
melded	1.991	Verb
mellows	1.991	Verb
merest	1.991	Adjective
mero	1.991	Noun
mesas	1.991	Noun
mesquita	1.991	Noun
messaged	1.991	Verb
messiahs	1.991	Noun
messiest	1.991	Adjective
mete	1.991	Verb
miaowing	1.991	Name
midrash	1.991	Noun
midships	1.991	Noun
mila	1.991	Name
milchig	1.991	Noun
milkless	1.991	Adjective
milkmen	1.991	Noun
milksop	1.991	Noun
mimeo	1.991	Noun
mimicked	1.991	Verb
mimicry	1.991	Noun
minced	1.991	Adjective
mingler	1.991	Noun
minicam	1.991	Noun
miniver	1.991	Name
minny	1.991	Noun
miscue	1.991	Noun
miserere	1.991	Name
misquote	1.991	Verb
missal	1.991	Noun
missteps	1.991	Noun
mixtures	1.991	Noun
mochas	1.991	Noun
moet	1.991	Verb
mogo	1.991	Noun
moguls	1.991	Noun
mohican	1.991	Noun
moisten	1.991	Verb
mollify	1.991	Verb
molluscs	1.991	Noun
monastic	1.991	Adjective
moneybag	1.991	Noun
monger	1.991	Noun
mongery	1.991	Noun
monsoons	1.991	Noun
montagne	1.991	Noun
moonless	1.991	Adjective
moppet	1.991	Noun
moraine	1.991	Noun
morphia	1.991	Noun
mot	1.991	Noun
motifs	1.991	Noun
motioned	1.991	Verb
mou	1.991	Noun
moulding	1.991	Noun
mpb	1.991	Name
mucker	1.991	Noun
mucks	1.991	Noun
muddied	1.991	Verb
muddling	1.991	Verb
mudslide	1.991	Noun
muezzin	1.991	Noun
mufflers	1.991	Noun
muffles	1.991	Verb
mugshot	1.991	Noun
mulled	1.991	Adjective
multi	1.991	Adjective
mummify	1.991	Verb
munchers	1.991	Noun
murkier	1.991	Adjective
mused	1.991	Verb
muskies	1.991	Name
mutates	1.991	Verb
mutes	1.991	Verb
mutism	1.991	Noun
muzzles	1.991	Noun
nabobs	1.991	Noun
nad	1.991	Noun
nailfile	1.991	Noun
nakedly	1.991	Adverb
nants	1.991	Name
nauseam	1.991	Adverb
navaho	1.991	Noun
necked	1.991	Verb
necropsy	1.991	Noun
needled	1.991	Verb
negated	1.991	Verb
neonatal	1.991	Adjective
newsboys	1.991	Noun
nickers	1.991	Name
nighter	1.991	Noun
nihilism	1.991	Noun
nocturne	1.991	Noun
noisiest	1.991	Adjective
noisome	1.991	Adjective
noodling	1.991	Verb
nooky	1.991	Adjective
northman	1.991	Noun
nov	1.991	Name
novellas	1.991	Noun
nubbin	1.991	Noun
nunchaku	1.991	Noun
nuthatch	1.991	Noun
nutpick	1.991	Noun
nutted	1.991	Verb
nye	1.991	Verb
oafs	1.991	Noun
oakum	1.991	Noun
objet	1.991	Noun
ocht	1.991	Noun
octane	1.991	Noun
octaves	1.991	Noun
oculist	1.991	Noun
offload	1.991	Verb
ohm	1.991	Noun
oleander	1.991	Noun
ology	1.991	Noun
omnibus	1.991	Noun
onetime	1.991	Adjective
onscreen	1.991	Adjective
onside	1.991	Noun
ony	1.991	Noun
oozed	1.991	Verb
opossum	1.991	Noun
optician	1.991	Noun
oration	1.991	Noun
orbiter	1.991	Noun
ordeals	1.991	Noun
orderer	1.991	Noun
organa	1.991	Name
ort	1.991	Verb
outcries	1.991	Noun
outstrip	1.991	Verb
outvoted	1.991	Verb
overact	1.991	Verb
overseen	1.991	Verb
paisans	1.991	Noun
palmetto	1.991	Noun
panacea	1.991	Noun
pancaked	1.991	Verb
papaw	1.991	Verb
papery	1.991	Adjective
papyrus	1.991	Noun
parables	1.991	Noun
pardners	1.991	Noun
parlays	1.991	Noun
paroles	1.991	Noun
paroli	1.991	Noun
parquet	1.991	Noun
parsnip	1.991	Noun
partaken	1.991	Verb
partook	1.991	Verb
pastors	1.991	Noun
patcher	1.991	Name
paucity	1.991	Noun
paunchy	1.991	Noun
payers	1.991	Noun
peahen	1.991	Noun
pederast	1.991	Noun
peeves	1.991	Verb
peewees	1.991	Noun
peiser	1.991	Name
pekinese	1.991	Noun
pelvises	1.991	Noun
pendants	1.991	Noun
pequot	1.991	Noun
perches	1.991	Verb
pere	1.991	Name
perf	1.991	Noun
perishes	1.991	Verb
perkin	1.991	Name
permeate	1.991	Verb
personas	1.991	Noun
perused	1.991	Verb
pervades	1.991	Verb
peseta	1.991	Noun
peterman	1.991	Name
petits	1.991	Noun
phantasm	1.991	Name
phoebes	1.991	Name
phyton	1.991	Noun
pica	1.991	Noun
pickling	1.991	Verb
pigboat	1.991	Noun
pigmy	1.991	Noun
pillock	1.991	Noun
pillowy	1.991	Adjective
pima	1.991	Noun
pimento	1.991	Noun
pinafore	1.991	Noun
pinged	1.991	Verb
pinkish	1.991	Adjective
pinups	1.991	Verb
pipa	1.991	Noun
pipers	1.991	Noun
pirogi	1.991	Noun
pis	1.991	Noun
pissants	1.991	Noun
pitman	1.991	Name
pitter	1.991	Noun
placer	1.991	Noun
plantar	1.991	Noun
plat	1.991	Noun
playbill	1.991	Name
playlist	1.991	Noun
pleated	1.991	Adjective
plex	1.991	Noun
plonking	1.991	Verb
plotter	1.991	Noun
ploughs	1.991	Noun
pock	1.991	Noun
pogroms	1.991	Noun
policed	1.991	Verb
pollywog	1.991	Noun
pomme	1.991	Noun
pommery	1.991	Noun
pompons	1.991	Noun
pons	1.991	Noun
poofter	1.991	Noun
populist	1.991	Adjective
porkpie	1.991	Noun
posada	1.991	Noun
posthole	1.991	Noun
potage	1.991	Noun
potlucks	1.991	Noun
pounces	1.991	Verb
pouncy	1.991	Noun
poundage	1.991	Noun
pourer	1.991	Noun
pouted	1.991	Verb
prattles	1.991	Verb
pree	1.991	Noun
preggers	1.991	Name
preheat	1.991	Verb
premio	1.991	Noun
preshow	1.991	Noun
pressly	1.991	Name
pricy	1.991	Adjective
pries	1.991	Verb
primus	1.991	Noun
prin	1.991	Noun
pritch	1.991	Name
privies	1.991	Noun
proffer	1.991	Verb
prorate	1.991	Verb
prost	1.991	Name
proximo	1.991	Noun
prudish	1.991	Adjective
puddler	1.991	Noun
puffball	1.991	Noun
puggy	1.991	Name
puker	1.991	Noun
pukka	1.991	Adjective
pummeled	1.991	Verb
punjabi	1.991	Adjective
punted	1.991	Verb
purloin	1.991	Noun
purples	1.991	Noun
purport	1.991	Verb
pustules	1.991	Noun
putain	1.991	Noun
putdown	1.991	Noun
putzes	1.991	Noun
pye	1.991	Name
pyjama	1.991	Noun
qatar	1.991	Name
quaff	1.991	Verb
quails	1.991	Verb
quarries	1.991	Noun
quartets	1.991	Noun
quay	1.991	Noun
quechua	1.991	Noun
queerest	1.991	Adjective
queried	1.991	Verb
questing	1.991	Noun
quiches	1.991	Noun
quickens	1.991	Verb
quickies	1.991	Noun
quietens	1.991	Verb
quilted	1.991	Adjective
quipu	1.991	Noun
quizzing	1.991	Verb
quoth	1.991	Noun
radon	1.991	Noun
raga	1.991	Noun
raglan	1.991	Name
ragout	1.991	Noun
railed	1.991	Verb
rall	1.991	Noun
rambled	1.991	Verb
ramblers	1.991	Noun
rambles	1.991	Verb
rankings	1.991	Noun
raper	1.991	Noun
rapeseed	1.991	Noun
raptures	1.991	Noun
rasa	1.991	Noun
rascally	1.991	Adverb
rata	1.991	Adverb
rattan	1.991	Noun
raver	1.991	Noun
reaps	1.991	Verb
rearmed	1.991	Verb
rebates	1.991	Noun
rebuff	1.991	Verb
recommit	1.991	Verb
redcoat	1.991	Noun
redleg	1.991	Verb
reemerge	1.991	Verb
reframe	1.991	Verb
regaling	1.991	Verb
reissue	1.991	Verb
reissued	1.991	Verb
relented	1.991	Verb
relining	1.991	Verb
remaking	1.991	Verb
renaming	1.991	Verb
rending	1.991	Verb
reorder	1.991	Noun
repatch	1.991	Verb
repaving	1.991	Adjective
repays	1.991	Verb
requited	1.991	Verb
requiter	1.991	Noun
resected	1.991	Verb
resized	1.991	Verb
resold	1.991	Verb
resounds	1.991	Verb
resp	1.991	Noun
retakes	1.991	Verb
retold	1.991	Verb
retook	1.991	Verb
reused	1.991	Verb
revamp	1.991	Verb
revelers	1.991	Noun
reveres	1.991	Verb
rewound	1.991	Verb
rheum	1.991	Noun
rhomboid	1.991	Noun
rhumba	1.991	Noun
ricket	1.991	Noun
rifts	1.991	Noun
righter	1.991	Adjective
rimes	1.991	Name
ringle	1.991	Name
ringtone	1.991	Noun
ripa	1.991	Name
ripens	1.991	Verb
rippled	1.991	Verb
rivage	1.991	Name
roadshow	1.991	Noun
rockabye	1.991	Noun
rockman	1.991	Name
roentgen	1.991	Noun
romana	1.991	Noun
rookery	1.991	Noun
rooky	1.991	Adjective
rooter	1.991	Noun
rosalyn	1.991	Name
rosser	1.991	Name
rostrum	1.991	Noun
roughs	1.991	Verb
roux	1.991	Noun
rowboats	1.991	Noun
rte	1.991	Noun
rucker	1.991	Name
rudiment	1.991	Noun
rulings	1.991	Noun
rummies	1.991	Noun
rusts	1.991	Verb
ruths	1.991	Name
ruts	1.991	Noun
sackers	1.991	Noun
sacristy	1.991	Noun
sadden	1.991	Verb
sagittal	1.991	Noun
salade	1.991	Name
salivate	1.991	Verb
saplings	1.991	Noun
sargasso	1.991	Name
sate	1.991	Verb
sauced	1.991	Verb
savoury	1.991	Adjective
scantily	1.991	Adverb
scarcer	1.991	Adjective
scarer	1.991	Noun
scarify	1.991	Verb
scatting	1.991	Verb
scenting	1.991	Verb
schlepp	1.991	Verb
schrank	1.991	Name
sclera	1.991	Noun
scooting	1.991	Verb
scornful	1.991	Adjective
screwier	1.991	Adjective
scrimped	1.991	Verb
scroungy	1.991	Adjective
scullion	1.991	Noun
scuppers	1.991	Verb
seabed	1.991	Noun
seabirds	1.991	Noun
secede	1.991	Verb
selfsame	1.991	Determiner
selle	1.991	#N/A
sem	1.991	Name
semantic	1.991	Adjective
semitic	1.991	Adjective
senhora	1.991	Noun
senores	1.991	Verb
senors	1.991	Noun
sequels	1.991	Noun
serbians	1.991	Noun
serosa	1.991	Noun
serums	1.991	Noun
servos	1.991	Noun
setons	1.991	Noun
settler	1.991	Noun
shabbily	1.991	Adverb
shafter	1.991	Name
shagbag	1.991	Name
shags	1.991	Verb
shamanic	1.991	Adjective
shaper	1.991	Noun
sharpers	1.991	Noun
sheaves	1.991	Noun
sheilas	1.991	Name
sherries	1.991	Noun
shiitake	1.991	Noun
shiite	1.991	Adjective
shimmery	1.991	Adjective
shires	1.991	Noun
shittier	1.991	Adjective
shivah	1.991	Noun
shivvy	1.991	Noun
shoshone	1.991	Noun
shouldst	1.991	Verb
shrift	1.991	Noun
shucked	1.991	Verb
shucker	1.991	Noun
shuffles	1.991	Verb
shyer	1.991	Name
shylocks	1.991	Noun
sibyl	1.991	Name
sickie	1.991	Noun
sideburn	1.991	Noun
sidecars	1.991	Noun
sideless	1.991	Adjective
sidi	1.991	Name
signori	1.991	Noun
silvan	1.991	Noun
silvers	1.991	Name
singable	1.991	Adjective
sinkers	1.991	Noun
sitrep	1.991	Verb
sixtieth	1.991	Number
skaff	1.991	Name
skeezix	1.991	Verb
skewing	1.991	Verb
skidoo	1.991	Verb
skulks	1.991	Verb
skully	1.991	Adverb
skydiver	1.991	Noun
slags	1.991	Noun
slainte	1.991	Name
slapdash	1.991	Noun
slat	1.991	Noun
sleazier	1.991	Adjective
sledders	1.991	Verb
sline	1.991	Name
slingers	1.991	Noun
sloppier	1.991	Adjective
slowness	1.991	Noun
smelter	1.991	Noun
smiting	1.991	Noun
smugly	1.991	Adverb
snogging	1.991	Verb
snowmen	1.991	Noun
snuggly	1.991	Adverb
sodomize	1.991	Verb
solidity	1.991	Noun
solvency	1.991	Noun
someway	1.991	Noun
sonatas	1.991	Noun
sortie	1.991	Noun
soso	1.991	Noun
soupcon	1.991	Noun
spall	1.991	Verb
spangle	1.991	Verb
spanks	1.991	Verb
spearing	1.991	Verb
specie	1.991	Noun
specters	1.991	Noun
speer	1.991	Name
sperms	1.991	Noun
sphinxes	1.991	Noun
spicier	1.991	Adjective
spicks	1.991	Noun
spidery	1.991	Noun
spiegel	1.991	Name
spik	1.991	Noun
spinneys	1.991	Noun
splay	1.991	Noun
splices	1.991	Noun
splitter	1.991	Noun
splotch	1.991	Verb
sponger	1.991	Noun
spyware	1.991	Noun
squalus	1.991	Noun
squasher	1.991	Noun
squatted	1.991	Verb
squeezy	1.991	Adjective
squills	1.991	Noun
squinted	1.991	Verb
squints	1.991	Noun
squishes	1.991	Verb
stabber	1.991	Noun
stabled	1.991	Verb
stade	1.991	Name
stagnate	1.991	Verb
staller	1.991	Name
stamen	1.991	Noun
standers	1.991	Noun
stanzas	1.991	Noun
starkers	1.991	Noun
startles	1.991	Verb
steeled	1.991	Verb
ster	1.991	#N/A
sterner	1.991	Adjective
sternly	1.991	Adverb
stickum	1.991	Noun
stirrer	1.991	Noun
stokers	1.991	Noun
stoning	1.991	Verb
stopgap	1.991	Noun
storied	1.991	Adjective
stra	1.991	Noun
stridor	1.991	Noun
striked	1.991	Verb
stripers	1.991	Noun
striping	1.991	Verb
striven	1.991	Verb
stroker	1.991	Noun
strummer	1.991	Name
stunting	1.991	Verb
stupefy	1.991	Verb
subfloor	1.991	Noun
subnets	1.991	Noun
subpar	1.991	Noun
subsonic	1.991	Adjective
succumbs	1.991	Verb
suchlike	1.991	Adjective
suckage	1.991	Noun
suckles	1.991	Verb
suerte	1.991	Noun
sufferer	1.991	Noun
sufi	1.991	Adjective
suisse	1.991	Name
sukiyaki	1.991	Noun
sulphate	1.991	Noun
sultans	1.991	Noun
sumac	1.991	Noun
sumi	1.991	Noun
summing	1.991	Verb
sunbaked	1.991	Verb
sunbeams	1.991	Noun
sundress	1.991	Noun
sundries	1.991	Noun
sunnier	1.991	Adjective
suntans	1.991	Noun
superego	1.991	Noun
supers	1.991	Noun
supine	1.991	Adjective
supping	1.991	Verb
sura	1.991	Noun
surfeit	1.991	Noun
surnamed	1.991	Verb
suspends	1.991	Verb
swabbie	1.991	Noun
swaddle	1.991	Verb
swamis	1.991	Noun
swaps	1.991	Verb
swathed	1.991	Verb
swats	1.991	Verb
swerves	1.991	Verb
swigs	1.991	Noun
swoops	1.991	Verb
sylvius	1.991	Name
tabling	1.991	Verb
tabula	1.991	Noun
tace	1.991	Noun
tagalong	1.991	Noun
tailbone	1.991	Noun
tainting	1.991	Verb
talus	1.991	Noun
tamil	1.991	Adjective
tampers	1.991	Verb
tankard	1.991	Noun
tapers	1.991	Noun
tapir	1.991	Noun
tare	1.991	Name
tars	1.991	Verb
tarted	1.991	Verb
tatami	1.991	Noun
tattled	1.991	Verb
taxable	1.991	Adjective
teary	1.991	Adjective
teasers	1.991	Noun
techies	1.991	Noun
teds	1.991	Noun
teenie	1.991	Noun
teet	1.991	Name
teheran	1.991	Name
tenses	1.991	Verb
tensor	1.991	Noun
terns	1.991	Noun
terriers	1.991	Noun
tew	1.991	Noun
thalia	1.991	Name
thatll	1.991	Verb
thematic	1.991	Adjective
theorems	1.991	Noun
therese	1.991	Noun
theyll	1.991	Verb
theyve	1.991	Noun
thickly	1.991	Adverb
thos	1.991	Noun
thracian	1.991	Adjective
thruway	1.991	Name
tiffs	1.991	Noun
tikkun	1.991	Verb
tiler	1.991	Noun
tiling	1.991	Noun
tilled	1.991	Verb
timecard	1.991	Noun
tincture	1.991	Noun
tingled	1.991	Verb
tippex	1.991	Name
tizwin	1.991	Noun
toboggan	1.991	Noun
toilsome	1.991	Adjective
tolled	1.991	Verb
toluene	1.991	Noun
tomes	1.991	Noun
tonite	1.991	Noun
tonnes	1.991	Noun
toodle	1.991	Verb
toosie	1.991	Name
topcoats	1.991	Noun
topsides	1.991	Noun
toque	1.991	Noun
toreador	1.991	Name
torqued	1.991	Verb
torrents	1.991	Noun
totes	1.991	Verb
toucan	1.991	Noun
toucher	1.991	Noun
townsmen	1.991	Noun
tramped	1.991	Verb
transect	1.991	Verb
travail	1.991	Noun
treks	1.991	Noun
tricksy	1.991	Noun
trilby	1.991	Noun
trilobal	1.991	Adjective
trims	1.991	Verb
trine	1.991	Noun
tripwire	1.991	Noun
triquet	1.991	Name
trivet	1.991	Noun
trodden	1.991	Verb
trog	1.991	Verb
trounced	1.991	Verb
trucked	1.991	Verb
tsunamis	1.991	Noun
tubbing	1.991	Verb
tula	1.991	Name
tulare	1.991	Verb
tumult	1.991	Noun
tups	1.991	Verb
turfed	1.991	Verb
turfs	1.991	Noun
turnoffs	1.991	Noun
twirlers	1.991	Name
typifies	1.991	Verb
tyros	1.991	Noun
uganda	1.991	Name
uke	1.991	Verb
ulnar	1.991	Adjective
umlauts	1.991	Verb
umph	1.991	Noun
umpteen	1.991	Number
unaided	1.991	Adjective
uncombed	1.991	Adjective
uncurl	1.991	Verb
underarm	1.991	Adjective
underfed	1.991	Adjective
unfed	1.991	Adjective
unformed	1.991	Adjective
unfurl	1.991	Verb
ung	1.991	Name
unhorse	1.991	Verb
unlearn	1.991	Verb
unlived	1.991	Adjective
unloosen	1.991	Noun
unseal	1.991	Verb
unsealed	1.991	Verb
unsocial	1.991	Adjective
untitled	1.991	Adjective
unwary	1.991	Adjective
unwraps	1.991	Verb
uplinks	1.991	Noun
upslope	1.991	Noun
upsy	1.991	Adjective
usar	1.991	Noun
usurer	1.991	Noun
usurping	1.991	Verb
utilised	1.991	Verb
uzbek	1.991	Name
vacating	1.991	Verb
vagal	1.991	Adjective
vagus	1.991	Noun
vamoosed	1.991	Verb
veals	1.991	Noun
venturi	1.991	Noun
verandah	1.991	Noun
veronal	1.991	Noun
verts	1.991	Verb
veuve	1.991	Name
vibrated	1.991	Verb
videoed	1.991	Verb
vied	1.991	Verb
vigils	1.991	Noun
vitry	1.991	Name
vomitus	1.991	Noun
vouches	1.991	Verb
vulgate	1.991	Name
wadded	1.991	Verb
waddles	1.991	Verb
wades	1.991	Verb
waggling	1.991	Verb
waives	1.991	Verb
warbler	1.991	Noun
warfarin	1.991	Noun
warty	1.991	Adjective
washtubs	1.991	Noun
wasters	1.991	Noun
wearies	1.991	Noun
weaseled	1.991	Verb
webbing	1.991	Noun
webpage	1.991	Noun
weeder	1.991	Noun
weeklong	1.991	Noun
ween	1.991	Name
welched	1.991	Verb
welled	1.991	Verb
wend	1.991	Verb
wendish	1.991	Noun
wettest	1.991	Adjective
whaled	1.991	Verb
whar	1.991	Name
whatnots	1.991	Verb
whatsits	1.991	Noun
wherry	1.991	Name
whey	1.991	Noun
whiffy	1.991	Noun
whiles	1.991	Noun
whittler	1.991	Noun
whizzes	1.991	Verb
whopped	1.991	Verb
wigan	1.991	Name
wigwams	1.991	Noun
winced	1.991	Verb
wingate	1.991	Name
wint	1.991	Name
wintered	1.991	Verb
wisdoms	1.991	Noun
witham	1.991	Name
witten	1.991	Name
woodcock	1.991	Noun
woodmen	1.991	Noun
woofers	1.991	Noun
wools	1.991	Noun
woolsey	1.991	Name
wriggly	1.991	Adverb
wurst	1.991	Unclassified
wynne	1.991	Name
yaba	1.991	Name
yaje	1.991	Noun
yamp	1.991	Noun
yatter	1.991	Name
yds	1.991	#N/A
yoi	1.991	Noun
yor	1.991	Noun
yuks	1.991	Noun
zigging	1.991	Verb
zine	1.991	Noun
abase	1.894	Verb
abay	1.894	Name
abb	1.894	Name
abdomens	1.894	Noun
abided	1.894	Verb
abjectly	1.894	Adverb
abloom	1.894	Verb
ablution	1.894	Noun
abounded	1.894	Verb
abscam	1.894	Name
absorber	1.894	Noun
abstruse	1.894	Adjective
acadia	1.894	Name
accost	1.894	Verb
acoma	1.894	Noun
acrylics	1.894	Noun
actuated	1.894	Verb
adapts	1.894	Verb
adar	1.894	Name
adeste	1.894	Name
adherent	1.894	Noun
adheres	1.894	Verb
adjudged	1.894	Verb
adorns	1.894	Verb
adroitly	1.894	Adverb
advices	1.894	Noun
advocaat	1.894	Verb
aerodyne	1.894	Name
affaires	1.894	Noun
afflicts	1.894	Verb
afros	1.894	Noun
afters	1.894	Noun
aggies	1.894	Name
agitato	1.894	Noun
agust	1.894	#N/A
aimer	1.894	Noun
ainu	1.894	Noun
aircrew	1.894	Verb
ais	1.894	Noun
ajoint	1.894	Noun
akee	1.894	Noun
alarum	1.894	Noun
albee	1.894	Name
alc	1.894	Name
alders	1.894	Noun
aleikum	1.894	Noun
alibied	1.894	Verb
aliyah	1.894	Interjection
allaying	1.894	Verb
allergen	1.894	Noun
allspice	1.894	Verb
aln	1.894	#N/A
alphas	1.894	Noun
amar	1.894	Name
amass	1.894	Verb
ambushes	1.894	Noun
amel	1.894	Name
amoebic	1.894	Adjective
amparo	1.894	Noun
amputees	1.894	Noun
amygdala	1.894	Noun
analogs	1.894	Verb
anaphase	1.894	Verb
ancora	1.894	Noun
andante	1.894	Name
andiron	1.894	Noun
anglican	1.894	Adjective
anglos	1.894	Noun
animate	1.894	Adjective
anise	1.894	Noun
annas	1.894	Name
annexing	1.894	Verb
anno	1.894	Adverb
annotate	1.894	Verb
anodized	1.894	Adjective
anthems	1.894	Noun
anthozoa	1.894	Name
antigone	1.894	Noun
apa	1.894	Name
apace	1.894	Adverb
aphasic	1.894	Adjective
aphis	1.894	Noun
apices	1.894	Noun
apostate	1.894	Noun
apres	1.894	Unclassified
aquatics	1.894	Noun
aquavit	1.894	Noun
arb	1.894	Noun
arced	1.894	Verb
archival	1.894	Adjective
ared	1.894	Verb
argand	1.894	Name
argyll	1.894	Name
arised	1.894	Verb
aristos	1.894	Noun
arks	1.894	Noun
armagnac	1.894	Noun
armorers	1.894	Noun
armourer	1.894	Noun
armrests	1.894	Noun
arna	1.894	Name
arr	1.894	Noun
arroz	1.894	Noun
arsenals	1.894	Noun
artic	1.894	Noun
artifice	1.894	Verb
artless	1.894	Adjective
ascared	1.894	Verb
ascends	1.894	Verb
ashet	1.894	Name
asker	1.894	Noun
aspens	1.894	Noun
assman	1.894	Noun
assyrian	1.894	Noun
atavism	1.894	Noun
atmo	1.894	Noun
atolls	1.894	Noun
atomics	1.894	Noun
atomize	1.894	Verb
atremble	1.894	Verb
att	1.894	Noun
aubusson	1.894	Name
audace	1.894	Noun
audibles	1.894	Noun
audibly	1.894	Adverb
auh	1.894	Noun
auric	1.894	Name
auriga	1.894	Name
aussies	1.894	Noun
authored	1.894	Verb
availed	1.894	Verb
avails	1.894	Verb
averil	1.894	Name
averting	1.894	Verb
avo	1.894	Noun
axing	1.894	Verb
axles	1.894	Noun
baal	1.894	Name
backslid	1.894	Adjective
backtalk	1.894	Noun
badinage	1.894	Noun
baggages	1.894	Noun
bagger	1.894	Name
baled	1.894	Verb
balk	1.894	Verb
ballasts	1.894	Noun
balletic	1.894	Adjective
bambini	1.894	Noun
bandbox	1.894	Noun
bandido	1.894	Noun
bandying	1.894	Verb
bangtail	1.894	Noun
baobabs	1.894	Noun
barbar	1.894	Name
bares	1.894	Verb
barkers	1.894	Name
barmen	1.894	Noun
barolo	1.894	Noun
baronial	1.894	Adjective
barragan	1.894	Name
barranca	1.894	Name
barreled	1.894	Verb
barrens	1.894	Noun
bastions	1.894	Noun
batching	1.894	Verb
bate	1.894	Noun
bather	1.894	Noun
batiste	1.894	Name
bauxite	1.894	Noun
bayard	1.894	Name
bayberry	1.894	Noun
beachy	1.894	Noun
beading	1.894	Verb
beaked	1.894	Verb
beaners	1.894	Noun
beatific	1.894	Adjective
bedposts	1.894	Noun
bedsheet	1.894	Noun
beeth	1.894	Name
befouled	1.894	Verb
beholds	1.894	Verb
beiges	1.894	Noun
belabor	1.894	Noun
belaying	1.894	Verb
belched	1.894	Verb
belial	1.894	Name
bellware	1.894	Name
bemused	1.894	Adjective
bengali	1.894	Name
beni	1.894	Name
benj	1.894	Name
berettas	1.894	Name
bergamot	1.894	Verb
berrigan	1.894	Name
berthing	1.894	Verb
besant	1.894	Name
bespoke	1.894	Verb
betas	1.894	Noun
bettered	1.894	Verb
beurre	1.894	Noun
beveled	1.894	Verb
beveling	1.894	Noun
bezants	1.894	Noun
bezique	1.894	Noun
bhutan	1.894	Name
bibby	1.894	Name
biked	1.894	Verb
biliary	1.894	Adjective
billable	1.894	Adjective
billowy	1.894	Adjective
biotics	1.894	Noun
bitchery	1.894	Noun
blackly	1.894	Adverb
blading	1.894	Verb
blat	1.894	Noun
bldg	1.894	Name
bleacher	1.894	Name
blier	1.894	Name
blights	1.894	Noun
blipped	1.894	Verb
blogging	1.894	Verb
blonder	1.894	Adjective
blowgun	1.894	Noun
blowhole	1.894	Noun
blowoff	1.894	Noun
blowups	1.894	Noun
bls	1.894	Name
blub	1.894	Verb
blubbery	1.894	Adjective
bluesmen	1.894	Noun
boaters	1.894	Noun
boatsman	1.894	Noun
bobsleds	1.894	Noun
bocca	1.894	Name
bohunks	1.894	Noun
bol	1.894	Verb
bonhomie	1.894	Noun
bonier	1.894	Adjective
bonitos	1.894	Noun
bonnes	1.894	Name
boor	1.894	Noun
bootless	1.894	Adjective
borachio	1.894	Noun
borehole	1.894	Noun
bosch	1.894	Name
bosporus	1.894	Noun
botches	1.894	Verb
boudoirs	1.894	Noun
bouffant	1.894	Noun
bourdon	1.894	Name
bourse	1.894	Name
bowlful	1.894	Noun
bowwow	1.894	Noun
brahman	1.894	Name
brasil	1.894	Name
breezing	1.894	Verb
breton	1.894	Noun
brevet	1.894	Verb
bricker	1.894	Name
bridled	1.894	Verb
brin	1.894	Noun
brogues	1.894	Noun
bronchus	1.894	Noun
brooded	1.894	Verb
browbeat	1.894	Verb
bruin	1.894	Name
brujo	1.894	Noun
brumby	1.894	Noun
brussel	1.894	Noun
bubber	1.894	Noun
bubbled	1.894	Verb
buccal	1.894	Adjective
buckeyes	1.894	Noun
buda	1.894	Name
budger	1.894	Name
buffalos	1.894	Noun
buffi	1.894	Name
builded	1.894	Verb
bulked	1.894	Verb
bumbler	1.894	Noun
bunching	1.894	Verb
bund	1.894	Noun
bundler	1.894	Noun
bundling	1.894	Verb
bunglers	1.894	Noun
bunkered	1.894	Verb
bunty	1.894	Name
burbling	1.894	Verb
burdock	1.894	Name
burka	1.894	Noun
burked	1.894	Verb
burled	1.894	Verb
burnoose	1.894	Noun
burrower	1.894	Noun
burrs	1.894	Noun
bursa	1.894	Noun
burthen	1.894	Noun
bushido	1.894	Noun
busloads	1.894	Noun
busman	1.894	Noun
bustard	1.894	Noun
bustles	1.894	Noun
busto	1.894	Name
butties	1.894	Noun
buxomly	1.894	Name
cabalist	1.894	Noun
cabling	1.894	Noun
caches	1.894	Noun
caddied	1.894	Verb
cadging	1.894	Verb
cair	1.894	Name
cairn	1.894	Noun
cajoled	1.894	Verb
calabash	1.894	Noun
calender	1.894	Noun
calgon	1.894	Noun
caliban	1.894	Noun
calibers	1.894	Noun
calli	1.894	Name
callo	1.894	Name
calloo	1.894	Noun
callused	1.894	Verb
campos	1.894	Name
campy	1.894	Adjective
canid	1.894	Noun
canna	1.894	Noun
cannie	1.894	Noun
canopies	1.894	Noun
capetown	1.894	Noun
capons	1.894	Noun
caporal	1.894	Noun
capos	1.894	Noun
capstone	1.894	Noun
capsular	1.894	Adjective
carapace	1.894	Noun
carbo	1.894	Noun
careened	1.894	Verb
carioca	1.894	Name
carls	1.894	Name
carnet	1.894	Noun
carnie	1.894	Name
carpools	1.894	Verb
carrozza	1.894	Noun
casco	1.894	Noun
casework	1.894	Noun
cassady	1.894	Name
castoff	1.894	Noun
castoffs	1.894	Noun
catalpa	1.894	Noun
catcalls	1.894	Noun
cate	1.894	Noun
catsup	1.894	Noun
cavort	1.894	Verb
cawker	1.894	Name
caws	1.894	Noun
ceilidh	1.894	Noun
cemetary	1.894	Noun
cepheids	1.894	Noun
cerberus	1.894	Noun
cerium	1.894	Noun
cert	1.894	Noun
cess	1.894	Noun
cesspit	1.894	Noun
cetus	1.894	Noun
chal	1.894	Adjective
challis	1.894	Name
chanson	1.894	Noun
chapping	1.894	Verb
charnel	1.894	Adjective
cheapie	1.894	Noun
cheeping	1.894	Verb
cheesier	1.894	Adjective
cheet	1.894	Verb
chere	1.894	Adjective
chervil	1.894	Verb
cheyney	1.894	Name
chid	1.894	Adjective
chil	1.894	Name
childre	1.894	Name
chiller	1.894	Adjective
chintzy	1.894	Adjective
chisels	1.894	Noun
chocked	1.894	Verb
choiring	1.894	Verb
choler	1.894	Noun
choleric	1.894	Adjective
chorale	1.894	Noun
choses	1.894	Verb
christs	1.894	Name
chroma	1.894	Noun
chugged	1.894	Verb
chugger	1.894	Verb
chumped	1.894	Verb
chumping	1.894	Verb
chunder	1.894	Verb
chunking	1.894	Verb
churchy	1.894	Adjective
chut	1.894	Verb
cicada	1.894	Noun
cicerone	1.894	Noun
ciggies	1.894	Noun
civ	1.894	Number
civilly	1.894	Adverb
clansman	1.894	Noun
clasping	1.894	Verb
cleaved	1.894	Verb
cleaving	1.894	Verb
clerked	1.894	Verb
clews	1.894	Name
cliquey	1.894	Adjective
cloaca	1.894	Noun
clobbers	1.894	Verb
clomped	1.894	Verb
closeted	1.894	Verb
clunked	1.894	Adjective
coachy	1.894	Noun
coalesce	1.894	Verb
coalmine	1.894	Noun
coasted	1.894	Verb
coattail	1.894	Noun
cobbs	1.894	Name
cockpits	1.894	Noun
cockup	1.894	Name
coders	1.894	Noun
cogitate	1.894	Verb
cohosh	1.894	Verb
coif	1.894	Noun
coinage	1.894	Noun
cokey	1.894	Name
collages	1.894	Noun
colludes	1.894	Name
colonist	1.894	Noun
columba	1.894	Name
comfit	1.894	Noun
comite	1.894	Noun
communis	1.894	Noun
composes	1.894	Verb
conc	1.894	Noun
cond	1.894	Noun
condyle	1.894	Noun
conic	1.894	Adjective
connived	1.894	Verb
consoles	1.894	Verb
cont	1.894	Name
contin	1.894	Noun
contra	1.894	Noun
conus	1.894	Name
conv	1.894	Noun
coolants	1.894	Noun
copiers	1.894	Noun
coquille	1.894	Name
corbeau	1.894	Name
cordite	1.894	Noun
cordwood	1.894	Noun
coregent	1.894	Noun
corgis	1.894	Noun
corking	1.894	Verb
corniest	1.894	Adjective
coronas	1.894	Noun
corr	1.894	Noun
corundum	1.894	Noun
corvo	1.894	Name
corvus	1.894	Noun
cote	1.894	Name
coterie	1.894	Noun
cottony	1.894	Adjective
coul	1.894	Noun
courtier	1.894	Noun
coverall	1.894	Noun
cowling	1.894	Noun
cowman	1.894	Noun
cowrie	1.894	Noun
coyly	1.894	Adverb
cozies	1.894	Noun
crappier	1.894	Adjective
crating	1.894	Verb
cre	1.894	Noun
creen	1.894	Noun
cresson	1.894	Noun
cressy	1.894	Noun
crevasse	1.894	Noun
crewcut	1.894	Noun
cribbed	1.894	Verb
cribbing	1.894	Verb
crimping	1.894	Adjective
crinkled	1.894	Verb
crl	1.894	Name
crocks	1.894	Noun
crocus	1.894	Noun
crois	1.894	Noun
crones	1.894	Noun
crooned	1.894	Verb
crossly	1.894	Adverb
croucher	1.894	Noun
croute	1.894	Noun
croydon	1.894	Name
cru	1.894	Unclassified
crudest	1.894	Adjective
crumbed	1.894	Verb
crumby	1.894	Noun
cryonic	1.894	Adjective
cuarto	1.894	Noun
cubics	1.894	Noun
cubing	1.894	Verb
cudbear	1.894	Noun
cuing	1.894	Verb
cuisines	1.894	Noun
cums	1.894	Noun
currie	1.894	Name
curried	1.894	Adjective
currying	1.894	Verb
cursor	1.894	Noun
custards	1.894	Noun
cutey	1.894	Noun
cwm	1.894	Name
cyanic	1.894	Adjective
cyclones	1.894	Noun
czardas	1.894	Noun
czarina	1.894	Name
dae	1.894	Verb
daintily	1.894	Adverb
dammers	1.894	Noun
damnably	1.894	Adverb
dampens	1.894	Verb
danta	1.894	Name
dari	1.894	Name
daringly	1.894	Adverb
darks	1.894	Noun
darvon	1.894	Name
davening	1.894	Verb
daws	1.894	Noun
daybook	1.894	Noun
deadeye	1.894	Name
deafened	1.894	Adjective
deans	1.894	Noun
debark	1.894	Verb
debasing	1.894	Verb
debauch	1.894	Verb
debone	1.894	Verb
debride	1.894	Verb
debugger	1.894	Noun
debunked	1.894	Verb
debuted	1.894	Verb
decaff	1.894	Noun
decurion	1.894	Noun
deeded	1.894	Verb
deepened	1.894	Verb
deigned	1.894	Verb
delator	1.894	Name
delves	1.894	Verb
demeter	1.894	Name
demotic	1.894	Adjective
demoting	1.894	Verb
demurred	1.894	Verb
densest	1.894	Adjective
depeche	1.894	Noun
deprave	1.894	Verb
deputise	1.894	Verb
derbies	1.894	Noun
derided	1.894	Verb
derm	1.894	Noun
dermis	1.894	Noun
despatch	1.894	Verb
despots	1.894	Noun
detente	1.894	Noun
detoured	1.894	Adjective
detoxify	1.894	Verb
deucedly	1.894	Adverb
devalues	1.894	Verb
deviance	1.894	Noun
deviling	1.894	Verb
dhow	1.894	Noun
dialler	1.894	Noun
dialyzed	1.894	Verb
diamante	1.894	Noun
dicer	1.894	Noun
dich	1.894	Verb
dienes	1.894	Name
diffuses	1.894	Verb
digests	1.894	Verb
digitise	1.894	Verb
dimmest	1.894	Adjective
dinettes	1.894	Noun
dingdong	1.894	Noun
diocesan	1.894	Adjective
dioceses	1.894	Noun
diodes	1.894	Noun
dioxins	1.894	Noun
direst	1.894	Adjective
dirham	1.894	Noun
discards	1.894	Verb
discords	1.894	Noun
disfavor	1.894	Noun
disinter	1.894	Verb
dispirit	1.894	Verb
dist	1.894	Noun
disuse	1.894	Noun
ditsy	1.894	Adjective
diuresis	1.894	Noun
divested	1.894	Verb
docken	1.894	Name
doggedly	1.894	Adverb
doit	1.894	Verb
dolling	1.894	Verb
dolor	1.894	Noun
donned	1.894	Verb
doodler	1.894	Noun
dooms	1.894	Noun
doormats	1.894	Noun
doozies	1.894	Noun
dorey	1.894	Name
doty	1.894	Name
douane	1.894	Adjective
doux	1.894	Noun
dowagers	1.894	Noun
dowel	1.894	Noun
downpour	1.894	Noun
doxy	1.894	Noun
dozier	1.894	Name
drachma	1.894	Noun
dragoon	1.894	Noun
drams	1.894	Noun
drapery	1.894	Noun
dratted	1.894	Verb
drek	1.894	Noun
dribs	1.894	Noun
drinky	1.894	Noun
droit	1.894	Verb
drollery	1.894	Noun
drooped	1.894	Verb
dropkick	1.894	Verb
dropsies	1.894	Noun
drowse	1.894	Verb
druidic	1.894	Adjective
dubba	1.894	Noun
dudeen	1.894	Name
duffs	1.894	Noun
dui	1.894	Noun
dullards	1.894	Noun
dumbing	1.894	Verb
dummied	1.894	Verb
dungaree	1.894	Noun
dunst	1.894	Noun
dupatta	1.894	Noun
durbar	1.894	Noun
dvorak	1.894	Name
dwarfed	1.894	Verb
dynamos	1.894	Noun
dyspnea	1.894	Noun
earflaps	1.894	Noun
earldom	1.894	Noun
earmark	1.894	Verb
earmuff	1.894	Verb
earplug	1.894	Noun
earthen	1.894	Adjective
eatable	1.894	Adjective
eateries	1.894	Noun
ebbing	1.894	Verb
edgeways	1.894	Noun
edify	1.894	Verb
educates	1.894	Verb
effete	1.894	Adjective
effigies	1.894	Noun
eggy	1.894	Adjective
egrets	1.894	Noun
eidetic	1.894	Adjective
ejectors	1.894	Noun
elan	1.894	Name
eld	1.894	Verb
eldritch	1.894	Noun
elegante	1.894	Noun
elegy	1.894	Noun
elev	1.894	Noun
elites	1.894	Noun
elkhorn	1.894	Noun
emote	1.894	Verb
emotive	1.894	Adjective
encasing	1.894	Verb
enclave	1.894	Noun
encloses	1.894	Verb
encroach	1.894	Verb
endeared	1.894	Verb
endears	1.894	Verb
enflame	1.894	Verb
enforces	1.894	Verb
ens	1.894	Noun
enslaver	1.894	Noun
entreats	1.894	Verb
entrusts	1.894	Verb
epaulet	1.894	Noun
epics	1.894	Noun
epigram	1.894	Noun
epochal	1.894	Adjective
equating	1.894	Verb
equities	1.894	Noun
erasure	1.894	Noun
erat	1.894	Noun
ergot	1.894	Noun
erotics	1.894	Noun
errs	1.894	Verb
erudite	1.894	Adjective
escobedo	1.894	Name
eses	1.894	Noun
esq	1.894	Noun
estoppel	1.894	Noun
etna	1.894	Name
evades	1.894	Verb
eves	1.894	Name
evildoer	1.894	Noun
eviler	1.894	Noun
evilness	1.894	Noun
evinced	1.894	Verb
evoking	1.894	Verb
exalts	1.894	Verb
exempts	1.894	Verb
exeunt	1.894	Unclassified
existent	1.894	Adjective
exotica	1.894	Noun
exp	1.894	Adjective
exported	1.894	Verb
ext	1.894	Noun
exuded	1.894	Verb
eyedrop	1.894	Noun
eyeglass	1.894	Noun
eyeholes	1.894	Noun
eyeless	1.894	Adjective
eyeshot	1.894	Noun
eyesores	1.894	Noun
facades	1.894	Noun
fack	1.894	Verb
factoid	1.894	Noun
fadeout	1.894	#N/A
faery	1.894	Noun
fajita	1.894	Name
famille	1.894	Noun
famish	1.894	Adjective
farmhand	1.894	Adjective
farrier	1.894	Noun
fasts	1.894	Verb
fatalist	1.894	Noun
fattened	1.894	Verb
faustian	1.894	Adjective
feely	1.894	Adverb
fels	1.894	Verb
fended	1.894	Verb
fermi	1.894	Name
festoon	1.894	Verb
fests	1.894	Noun
fetlocks	1.894	Noun
fiances	1.894	Noun
fictions	1.894	Noun
fideles	1.894	Name
fides	1.894	Noun
fielders	1.894	Noun
filets	1.894	Noun
filmic	1.894	Adjective
filo	1.894	Noun
finagled	1.894	Verb
finales	1.894	Noun
finkel	1.894	Name
finking	1.894	Verb
fino	1.894	Name
fireable	1.894	Adjective
firebase	1.894	Name
firmware	1.894	Noun
fishpond	1.894	Noun
fistfuls	1.894	Noun
fisting	1.894	Verb
fitchee	1.894	Noun
flacks	1.894	Noun
flagman	1.894	Noun
flareup	1.894	Noun
flasks	1.894	Noun
flatmate	1.894	Noun
flattest	1.894	Adjective
flaunts	1.894	Verb
fleecy	1.894	Noun
flensing	1.894	Verb
fleury	1.894	Name
flexure	1.894	Noun
flimflam	1.894	Noun
flincher	1.894	Noun
flints	1.894	Noun
flitter	1.894	Noun
flouted	1.894	Verb
flub	1.894	Noun
flubs	1.894	Noun
fluence	1.894	Noun
fluffier	1.894	Adjective
fluorite	1.894	Noun
fluster	1.894	Noun
flyable	1.894	Adjective
flyleaf	1.894	Noun
flyovers	1.894	Noun
fobbed	1.894	Verb
focussed	1.894	Adjective
fogey	1.894	Noun
fogies	1.894	Noun
folios	1.894	Noun
foll	1.894	Noun
fon	1.894	Noun
fooler	1.894	Noun
footed	1.894	Verb
footling	1.894	Adjective
footpads	1.894	Noun
footrace	1.894	Noun
foppish	1.894	Adjective
fops	1.894	Noun
forays	1.894	Noun
forebear	1.894	Verb
foreleg	1.894	Noun
fores	1.894	Noun
forester	1.894	Noun
foreyard	1.894	Noun
forma	1.894	Noun
forsakes	1.894	Verb
forsooth	1.894	Noun
forums	1.894	Noun
foutre	1.894	Noun
fowling	1.894	Adjective
foxed	1.894	Verb
foxhunt	1.894	Noun
foxiest	1.894	Adjective
fragging	1.894	Adjective
framer	1.894	Noun
fraunch	1.894	Verb
freakier	1.894	Adjective
freebee	1.894	Noun
freemen	1.894	Noun
freights	1.894	Noun
frenetic	1.894	Adjective
frescos	1.894	Noun
fringed	1.894	Adjective
frizzing	1.894	Verb
frogface	1.894	Noun
froggies	1.894	Noun
froward	1.894	Adverb
fructose	1.894	Noun
frumps	1.894	Noun
fryers	1.894	Noun
fuddle	1.894	Verb
fueler	1.894	Name
fulfils	1.894	Verb
fumigant	1.894	Noun
funerary	1.894	Adjective
funfair	1.894	Noun
furred	1.894	Verb
futilely	1.894	Adverb
futz	1.894	Noun
fuzzier	1.894	Adjective
gabbed	1.894	Verb
gabbro	1.894	Noun
gadfly	1.894	Noun
gadgetry	1.894	Noun
galler	1.894	Name
gambia	1.894	Name
gamely	1.894	Name
gamey	1.894	Noun
gamine	1.894	Noun
ganymede	1.894	Name
gape	1.894	Verb
garfish	1.894	Noun
gasbag	1.894	Noun
gavotte	1.894	Noun
gawd	1.894	Name
gazer	1.894	Noun
gemstone	1.894	Noun
geode	1.894	Noun
geodesic	1.894	Adjective
geologic	1.894	Adjective
germy	1.894	Adjective
gestate	1.894	Verb
gestured	1.894	Verb
geysers	1.894	Noun
ghat	1.894	Noun
giantess	1.894	Noun
giardia	1.894	Noun
gibes	1.894	Noun
giddily	1.894	Adverb
giga	1.894	Noun
gillie	1.894	Name
gimmes	1.894	Noun
girlhood	1.894	Noun
gitana	1.894	Noun
gitano	1.894	Noun
gladioli	1.894	Noun
glassful	1.894	Noun
gleamed	1.894	Verb
gleaned	1.894	Verb
gleaning	1.894	Verb
gleet	1.894	Noun
gleets	1.894	Noun
glenwood	1.894	Name
glibly	1.894	Adverb
glibness	1.894	Noun
glims	1.894	Noun
glinting	1.894	Verb
glistens	1.894	Verb
gloater	1.894	Noun
gloaters	1.894	Noun
glor	1.894	Name
glossed	1.894	Verb
gluey	1.894	Noun
gluon	1.894	Noun
gnarled	1.894	Adjective
goalies	1.894	Noun
goanna	1.894	Noun
goateed	1.894	Noun
goatskin	1.894	Noun
godhead	1.894	Noun
godown	1.894	Noun
gog	1.894	Verb
goggling	1.894	Verb
gola	1.894	Noun
goldurn	1.894	Verb
golgotha	1.894	Name
goodby	1.894	Noun
goodish	1.894	Adjective
googly	1.894	Adjective
googol	1.894	Noun
gorged	1.894	Verb
gra	1.894	Noun
grabbers	1.894	Noun
grafter	1.894	Noun
grappled	1.894	Verb
grateman	1.894	Name
gratia	1.894	Noun
greeny	1.894	Noun
greeter	1.894	Noun
grego	1.894	Noun
greyer	1.894	Noun
gridiron	1.894	Noun
grinders	1.894	Noun
groat	1.894	Noun
grommets	1.894	Noun
grooved	1.894	Verb
grosbeak	1.894	Verb
grottoes	1.894	Noun
grounder	1.894	Noun
grouted	1.894	Verb
groveled	1.894	Verb
growler	1.894	Noun
grue	1.894	Name
gruyere	1.894	Noun
guajira	1.894	Name
guanine	1.894	Noun
guaranty	1.894	Adjective
guffaw	1.894	Noun
guiana	1.894	Name
guignol	1.894	Name
guises	1.894	Noun
gullets	1.894	Noun
gullies	1.894	Noun
gunky	1.894	Adjective
gunroom	1.894	Noun
guss	1.894	Verb
gusset	1.894	Noun
gutty	1.894	Adjective
gypping	1.894	Verb
gyrene	1.894	Noun
gyron	1.894	Name
habu	1.894	Name
hackles	1.894	Noun
hadji	1.894	Noun
hadst	1.894	Verb
haft	1.894	Name
halts	1.894	Verb
hame	1.894	Noun
handhold	1.894	Noun
harasser	1.894	Noun
hares	1.894	Noun
harmer	1.894	Noun
harn	1.894	Noun
harped	1.894	Verb
harpin	1.894	Name
hasid	1.894	Adjective
hasp	1.894	Noun
hatchets	1.894	Noun
hauler	1.894	Noun
haunches	1.894	Noun
haut	1.894	Verb
hawser	1.894	Noun
haymaker	1.894	Noun
headroom	1.894	Noun
hearses	1.894	Noun
hecklers	1.894	Noun
hectares	1.894	Noun
hedgerow	1.894	Noun
heeding	1.894	Verb
heedless	1.894	Adjective
heeling	1.894	Noun
helices	1.894	Noun
hellbent	1.894	Noun
hellions	1.894	Noun
hemlocks	1.894	Noun
hepcats	1.894	Noun
heraus	1.894	Unclassified
heriot	1.894	Name
hermits	1.894	Noun
hern	1.894	Verb
hessians	1.894	Noun
hickies	1.894	Noun
hieratic	1.894	Adjective
hight	1.894	Verb
hijacks	1.894	Noun
hijinks	1.894	Noun
hilltops	1.894	Noun
hims	1.894	Noun
hin	1.894	Noun
hindmost	1.894	Adjective
hinds	1.894	Name
hireling	1.894	Noun
hiver	1.894	#N/A
hoagies	1.894	Noun
hoarded	1.894	Verb
hoarsely	1.894	Adverb
hoaxer	1.894	Noun
hob	1.894	Noun
hobnobs	1.894	Verb
hogmanay	1.894	Noun
hogtie	1.894	Noun
holl	1.894	Verb
homed	1.894	Verb
homepage	1.894	Noun
homeric	1.894	Adjective
hondas	1.894	Name
honeypot	1.894	Noun
honkers	1.894	Noun
honoree	1.894	Noun
hookworm	1.894	Noun
horniest	1.894	Adjective
horsed	1.894	Verb
hory	1.894	Name
huckster	1.894	Noun
huddling	1.894	Verb
humanism	1.894	Noun
hummable	1.894	Adjective
humored	1.894	Verb
humors	1.894	Noun
humpy	1.894	Adjective
humus	1.894	Name
hunching	1.894	Verb
hungrily	1.894	Adverb
huntsmen	1.894	Noun
hurdled	1.894	Verb
husks	1.894	Noun
hustles	1.894	Verb
hydrozoa	1.894	Noun
hyssop	1.894	Noun
ibex	1.894	Noun
idolater	1.894	Noun
igloos	1.894	Noun
ignitor	1.894	Noun
ignominy	1.894	Noun
imbibed	1.894	Verb
impanel	1.894	Verb
impel	1.894	Verb
impetigo	1.894	Noun
imposes	1.894	Verb
impounds	1.894	Verb
inchoate	1.894	Verb
incites	1.894	Verb
indented	1.894	Verb
induct	1.894	Verb
inductee	1.894	Noun
inductor	1.894	Noun
infarcts	1.894	Noun
infests	1.894	Verb
infusers	1.894	Noun
ingots	1.894	Noun
inguinal	1.894	Adjective
inhabits	1.894	Verb
insoles	1.894	Noun
instar	1.894	Noun
instated	1.894	Verb
insular	1.894	Adjective
insulter	1.894	Noun
insurers	1.894	Noun
intoned	1.894	Verb
inured	1.894	Verb
inveigle	1.894	Noun
irks	1.894	Verb
ironer	1.894	Noun
ironhead	1.894	Name
ironwork	1.894	Noun
isms	1.894	Noun
isotopic	1.894	Adjective
issuance	1.894	Noun
italic	1.894	Noun
itd	1.894	Noun
itemised	1.894	Adjective
iva	1.894	Name
jacker	1.894	Noun
jacketed	1.894	Adjective
jackpots	1.894	Noun
jaeger	1.894	Name
jamesian	1.894	Adjective
japers	1.894	Noun
japheth	1.894	Name
jarrah	1.894	Noun
jat	1.894	Noun
jaunts	1.894	Noun
jaybirds	1.894	Noun
jayhawk	1.894	Noun
jeer	1.894	Verb
jees	1.894	Noun
jelling	1.894	Verb
jetes	1.894	Noun
jetliner	1.894	Noun
jetted	1.894	Verb
jiggly	1.894	Adverb
jimmying	1.894	Verb
jingly	1.894	Adverb
jives	1.894	Verb
joist	1.894	Noun
jostling	1.894	Verb
jouster	1.894	Noun
juans	1.894	Name
julienne	1.894	Noun
junked	1.894	Verb
jura	1.894	Noun
kaas	1.894	Name
kame	1.894	#N/A
kamerad	1.894	Noun
karts	1.894	Noun
kasbah	1.894	Name
katydid	1.894	Noun
kayakers	1.894	Noun
kayaks	1.894	Noun
kellys	1.894	Name
khalifa	1.894	Name
kibitzer	1.894	Noun
kidders	1.894	Noun
kiel	1.894	Name
kil	1.894	Name
kilim	1.894	Verb
kilogram	1.894	Noun
kiloton	1.894	Noun
kilts	1.894	Noun
kingpins	1.894	Noun
kingship	1.894	Noun
kitschy	1.894	Adjective
kittel	1.894	Name
kitter	1.894	Name
kivu	1.894	Name
kneeled	1.894	Verb
knolls	1.894	Name
knowns	1.894	Noun
knucks	1.894	Noun
kopi	1.894	Name
kor	1.894	Noun
korma	1.894	Noun
kummel	1.894	Noun
kurdish	1.894	Adjective
kyah	1.894	Interjection
kyu	1.894	Name
labourer	1.894	Noun
lackaday	1.894	Noun
laertes	1.894	Name
lakeland	1.894	Name
lamba	1.894	Name
lambie	1.894	Noun
lambkins	1.894	Noun
lamby	1.894	Noun
lamely	1.894	Adverb
laments	1.894	Verb
lamer	1.894	Adjective
lames	1.894	Verb
lancing	1.894	Verb
lanolin	1.894	Noun
lare	1.894	Verb
lares	1.894	#N/A
largess	1.894	Noun
larin	1.894	Name
lascar	1.894	Noun
lath	1.894	Noun
launders	1.894	Verb
laver	1.894	Name
lawmaker	1.894	Noun
leachman	1.894	Name
leafs	1.894	Noun
leanest	1.894	Adjective
lecithin	1.894	Noun
lector	1.894	Noun
leeks	1.894	Noun
legalise	1.894	Verb
leghorn	1.894	Noun
legumes	1.894	Noun
lenders	1.894	Noun
lense	1.894	Noun
leos	1.894	Name
leprous	1.894	Adjective
lethally	1.894	Adverb
levant	1.894	Name
lexic	1.894	Adjective
libelous	1.894	Adjective
liberian	1.894	Adjective
libri	1.894	Name
liebig	1.894	Name
lieder	1.894	Unclassified
lier	1.894	Noun
lifebuoy	1.894	Noun
liken	1.894	Verb
limpy	1.894	Name
lindo	1.894	Name
linesmen	1.894	Noun
lingua	1.894	Noun
linkups	1.894	Noun
lipid	1.894	Adjective
lipper	1.894	Name
lippy	1.894	Adjective
listeria	1.894	Noun
literati	1.894	Noun
litigant	1.894	Noun
liveable	1.894	Adjective
livened	1.894	Verb
livens	1.894	Verb
livings	1.894	Noun
llano	1.894	Name
llb	1.894	Noun
loam	1.894	Noun
loanin	1.894	Noun
lobos	1.894	Noun
locales	1.894	Noun
locknut	1.894	Noun
lofted	1.894	Adjective
loftier	1.894	Adjective
logbooks	1.894	Noun
loggers	1.894	Noun
loggin	1.894	Noun
loka	1.894	Name
lollygag	1.894	Verb
longacre	1.894	Noun
longish	1.894	Adjective
longways	1.894	Noun
looey	1.894	Noun
lookers	1.894	Noun
loonie	1.894	Noun
loos	1.894	Noun
lording	1.894	Verb
lorimer	1.894	Name
lounger	1.894	Adjective
lovat	1.894	Noun
loveseat	1.894	Noun
lowbrows	1.894	Noun
lowness	1.894	Noun
lub	1.894	Noun
lubbers	1.894	Noun
lucking	1.894	Verb
luff	1.894	Verb
luffing	1.894	Verb
lully	1.894	Adverb
lumbered	1.894	Verb
lumen	1.894	Noun
lunges	1.894	Verb
lurched	1.894	Verb
lurker	1.894	Noun
lurkers	1.894	Noun
lysergic	1.894	Adjective
machin	1.894	Name
madding	1.894	Adjective
maestra	1.894	Noun
mala	1.894	Name
malacca	1.894	Name
malade	1.894	Noun
maladies	1.894	Noun
malamute	1.894	Noun
malarial	1.894	Adjective
mallets	1.894	Noun
malthus	1.894	Name
mangling	1.894	Verb
mangold	1.894	Verb
manholes	1.894	Noun
manias	1.894	Noun
manitoba	1.894	Name
maraca	1.894	Noun
marbled	1.894	Adjective
marbling	1.894	Noun
marchand	1.894	Name
marcher	1.894	Noun
marg	1.894	Verb
marica	1.894	Noun
marinade	1.894	Noun
markedly	1.894	Adverb
marmite	1.894	Name
marmoset	1.894	Noun
marmot	1.894	Noun
maroons	1.894	Noun
marques	1.894	Name
marse	1.894	Name
marshy	1.894	Adjective
martens	1.894	Noun
marts	1.894	Noun
marxists	1.894	Noun
mashers	1.894	Noun
masques	1.894	Noun
masterly	1.894	Adjective
matchy	1.894	Adjective
matrices	1.894	Noun
mawkish	1.894	Adjective
maws	1.894	Noun
maxes	1.894	Name
maxims	1.894	Noun
maximums	1.894	Noun
maxing	1.894	Verb
mayfly	1.894	Noun
mayhap	1.894	Verb
meander	1.894	Verb
meanly	1.894	Adverb
mech	1.894	Noun
meese	1.894	Adjective
membered	1.894	Adjective
menders	1.894	Name
meninges	1.894	Noun
merino	1.894	Noun
merk	1.894	Name
merriest	1.894	Adjective
meshed	1.894	Verb
meshing	1.894	Verb
metered	1.894	Adjective
meu	1.894	Noun
mezzo	1.894	Noun
miaow	1.894	Verb
mib	1.894	Name
micron	1.894	Noun
midbrain	1.894	Noun
middled	1.894	Adjective
middy	1.894	Noun
mignons	1.894	Noun
migrates	1.894	Verb
mildness	1.894	Noun
milken	1.894	Name
milpa	1.894	Noun
mimsy	1.894	Noun
minae	1.894	Noun
minutely	1.894	Adverb
minyan	1.894	Noun
miscast	1.894	Verb
miserly	1.894	Adjective
misers	1.894	Noun
mislay	1.894	Verb
missable	1.894	Adjective
misspell	1.894	Verb
misting	1.894	Verb
mither	1.894	Noun
mmf	1.894	Name
moats	1.894	Noun
mobbing	1.894	Verb
mockers	1.894	Noun
mockups	1.894	Noun
moderne	1.894	Name
modiste	1.894	Noun
modulo	1.894	Noun
mog	1.894	Noun
mollies	1.894	Name
molted	1.894	Adjective
momentos	1.894	Noun
mondego	1.894	Name
mongers	1.894	Noun
mooncalf	1.894	Noun
moonface	1.894	Noun
moorland	1.894	Noun
mopeds	1.894	Name
mophead	1.894	Noun
moribund	1.894	Noun
mors	1.894	Noun
mortise	1.894	Verb
moselle	1.894	Name
motorbus	1.894	Noun
moulage	1.894	Noun
mouldy	1.894	Adjective
mouses	1.894	Noun
mousing	1.894	Verb
mozo	1.894	Noun
mss	1.894	Name
mucilage	1.894	Noun
mucosal	1.894	Adjective
muddying	1.894	Verb
mudroom	1.894	Noun
muesli	1.894	Noun
mujeres	1.894	Noun
mulish	1.894	Adjective
muncher	1.894	Noun
murmured	1.894	Verb
mushers	1.894	Noun
mushier	1.894	Adjective
muskogee	1.894	Name
mutable	1.894	Adjective
mutuel	1.894	Noun
muzzy	1.894	Adjective
myeloid	1.894	Adjective
nabbing	1.894	Verb
naik	1.894	Noun
nanga	1.894	Name
nark	1.894	Verb
nauseate	1.894	Verb
naysayer	1.894	Noun
nebulous	1.894	Adjective
necker	1.894	Name
necro	1.894	Noun
nemean	1.894	Adjective
nested	1.894	Verb
netball	1.894	Noun
netsuke	1.894	Verb
neve	1.894	Name
newel	1.894	Noun
nibelung	1.894	Name
nicker	1.894	Noun
niggard	1.894	Noun
nill	1.894	Verb
nisei	1.894	Name
nits	1.894	Noun
nobis	1.894	Noun
noblesse	1.894	Noun
noctis	1.894	Noun
nonce	1.894	Noun
noncoms	1.894	Noun
nonya	1.894	Noun
nooses	1.894	Noun
nosed	1.894	Verb
notched	1.894	Verb
nougats	1.894	Noun
nouvelle	1.894	Name
nowise	1.894	Adverb
nows	1.894	Verb
nucleoid	1.894	Adjective
nudges	1.894	Verb
nuncle	1.894	Noun
nurturer	1.894	Noun
nutcake	1.894	Noun
nuttiest	1.894	Adjective
nymphos	1.894	Noun
oarsman	1.894	Noun
obsidian	1.894	Noun
ocarina	1.894	Noun
octant	1.894	Noun
oddness	1.894	Noun
ods	1.894	Name
oedema	1.894	Noun
offsets	1.894	Verb
oiling	1.894	Verb
omnium	1.894	Noun
opp	1.894	Preposition
opposers	1.894	Noun
opts	1.894	Verb
orale	1.894	Noun
orangy	1.894	Adjective
orlop	1.894	Noun
orts	1.894	Noun
ory	1.894	Adjective
osmotic	1.894	Adjective
osmunda	1.894	Noun
ostler	1.894	Noun
ottomans	1.894	Noun
oust	1.894	Verb
ouster	1.894	Noun
outages	1.894	Noun
outbox	1.894	Noun
outdrew	1.894	Verb
outdrive	1.894	Verb
outfight	1.894	Verb
outsized	1.894	Verb
outsold	1.894	Noun
outtalk	1.894	Verb
overages	1.894	Noun
overdry	1.894	Adjective
overlaps	1.894	Verb
overripe	1.894	Adjective
overtone	1.894	Noun
owd	1.894	Noun
oxalate	1.894	Noun
oximeter	1.894	Noun
oyer	1.894	Noun
paar	1.894	Name
pabulum	1.894	Noun
pachuco	1.894	Noun
paean	1.894	Noun
paesano	1.894	Noun
paik	1.894	Name
pairings	1.894	Noun
paise	1.894	Noun
paled	1.894	Verb
palely	1.894	Adverb
pali	1.894	Adjective
palling	1.894	Verb
palpate	1.894	Verb
pandered	1.894	Verb
panes	1.894	Noun
panini	1.894	Name
pank	1.894	Verb
papier	1.894	Adjective
parasols	1.894	Noun
parate	1.894	Verb
parceled	1.894	Verb
parcher	1.894	Name
pardoner	1.894	Noun
parfaits	1.894	Noun
pariahs	1.894	Noun
parishes	1.894	Noun
parlours	1.894	Noun
parol	1.894	Noun
parotid	1.894	Adjective
parries	1.894	Verb
partie	1.894	Noun
paseo	1.894	Noun
passers	1.894	Noun
pastiche	1.894	Noun
patters	1.894	Noun
paybacks	1.894	Noun
paydays	1.894	Noun
pbx	1.894	Name
peabrain	1.894	Noun
peacenik	1.894	Noun
peaker	1.894	Name
peasy	1.894	Noun
peepshow	1.894	Noun
pellagra	1.894	Noun
pengo	1.894	Noun
peperoni	1.894	Noun
pepino	1.894	Noun
percale	1.894	Noun
perching	1.894	Verb
perfects	1.894	Verb
perforce	1.894	Adverb
pericles	1.894	Noun
perigee	1.894	Noun
perigord	1.894	Name
perjurer	1.894	Noun
perked	1.894	Verb
pers	1.894	Noun
petites	1.894	Noun
petro	1.894	Name
phasmid	1.894	Noun
phenom	1.894	Noun
phial	1.894	Noun
phonemes	1.894	Noun
photic	1.894	Adjective
photoed	1.894	Verb
photog	1.894	Noun
phyllo	1.894	Noun
pia	1.894	Noun
picaroon	1.894	Noun
picayune	1.894	Noun
picketed	1.894	Verb
pickwick	1.894	Name
pidgin	1.894	Noun
piercer	1.894	Noun
pik	1.894	Name
pinder	1.894	Name
pinkly	1.894	Adverb
pinole	1.894	Noun
pipal	1.894	Adjective
piu	1.894	Name
pivots	1.894	Verb
plateful	1.894	Noun
platypus	1.894	Noun
playable	1.894	Adjective
playlet	1.894	Noun
pleat	1.894	Noun
plenties	1.894	Noun
pleny	1.894	Noun
plies	1.894	Verb
plonk	1.894	Noun
plops	1.894	Verb
plowman	1.894	Name
plucker	1.894	Noun
plummets	1.894	Verb
plumper	1.894	Noun
plungers	1.894	Verb
plutarch	1.894	Name
podge	1.894	Verb
poignard	1.894	Noun
polestar	1.894	Noun
poling	1.894	Noun
politest	1.894	Adjective
politico	1.894	Noun
polje	1.894	Name
poltroon	1.894	Noun
polygon	1.894	Name
pomposo	1.894	Name
pomps	1.894	Noun
ponied	1.894	Verb
pontiff	1.894	Noun
poofters	1.894	Noun
pook	1.894	Verb
pooler	1.894	Name
pooty	1.894	Noun
poplin	1.894	Noun
pored	1.894	Verb
porifera	1.894	Noun
porkchop	1.894	Verb
portend	1.894	Verb
possie	1.894	Noun
potrero	1.894	Name
potsy	1.894	Noun
potties	1.894	Noun
potus	1.894	Name
pranked	1.894	Verb
prater	1.894	Noun
pratfall	1.894	Noun
predated	1.894	Adjective
predawn	1.894	Noun
preemies	1.894	Noun
preen	1.894	Verb
premised	1.894	Verb
prequel	1.894	Noun
presell	1.894	Verb
presoak	1.894	Noun
pretax	1.894	Noun
prickers	1.894	Noun
prisms	1.894	Noun
priv	1.894	Noun
probated	1.894	Verb
probity	1.894	Noun
procaine	1.894	Noun
proles	1.894	Noun
promiss	1.894	Verb
pronging	1.894	Verb
proto	1.894	Noun
protozoa	1.894	Noun
protrude	1.894	Verb
provable	1.894	Adjective
provisos	1.894	Noun
psalmist	1.894	Noun
psalmody	1.894	Noun
psammead	1.894	Noun
publican	1.894	Noun
puddly	1.894	Adverb
pugs	1.894	Noun
pulpy	1.894	Adjective
pulsate	1.894	Verb
pumas	1.894	Noun
pumpers	1.894	Noun
punic	1.894	Adjective
punitory	1.894	Adjective
pupate	1.894	Verb
purports	1.894	Verb
purred	1.894	Verb
pustule	1.894	Noun
qed	1.894	Unclassified
qiana	1.894	Noun
quacked	1.894	Verb
quaintly	1.894	Adverb
quant	1.894	Noun
quasars	1.894	Noun
quat	1.894	Verb
quenches	1.894	Verb
quests	1.894	Noun
queued	1.894	Verb
quids	1.894	Noun
quieting	1.894	Verb
quietus	1.894	Noun
quiff	1.894	Noun
quila	1.894	Noun
quinella	1.894	Noun
quintin	1.894	Name
quisling	1.894	Verb
quonset	1.894	Noun
rabbeted	1.894	Verb
racoons	1.894	Noun
racquets	1.894	Noun
rada	1.894	Name
radioing	1.894	Verb
rads	1.894	Noun
raffled	1.894	Verb
rafter	1.894	Noun
railhead	1.894	Noun
rakish	1.894	Adjective
rami	1.894	Noun
ramrods	1.894	Noun
rancour	1.894	Noun
rani	1.894	Name
ransomed	1.894	Verb
rashness	1.894	Noun
rasping	1.894	Adjective
ratfink	1.894	Noun
ravines	1.894	Noun
rawest	1.894	Adjective
rawhided	1.894	Verb
rawhider	1.894	Noun
razing	1.894	Verb
realists	1.894	Noun
rearward	1.894	Adjective
reaumur	1.894	Name
reawaken	1.894	Verb
rebozo	1.894	Name
recept	1.894	Noun
reclaims	1.894	Verb
reclines	1.894	Verb
recoiled	1.894	Verb
redbones	1.894	Noun
reddened	1.894	Adjective
redraft	1.894	Verb
reducer	1.894	Noun
redux	1.894	Noun
reeled	1.894	Verb
reformat	1.894	Verb
reframed	1.894	Verb
reft	1.894	Noun
regia	1.894	Noun
regimens	1.894	Noun
regrow	1.894	Verb
regrowth	1.894	Noun
reheated	1.894	Name
reinsert	1.894	Verb
relishes	1.894	Verb
reloads	1.894	Noun
relock	1.894	Noun
remakes	1.894	Verb
remixed	1.894	Verb
reoccur	1.894	Verb
replayed	1.894	Verb
reposing	1.894	Verb
repot	1.894	Noun
repulses	1.894	Verb
req	1.894	Adjective
requite	1.894	Verb
reseal	1.894	Verb
resealed	1.894	Verb
reshaped	1.894	Verb
resins	1.894	Noun
resubmit	1.894	Verb
retails	1.894	Verb
retiree	1.894	Noun
retirees	1.894	Noun
retooled	1.894	Verb
retraced	1.894	Verb
retreads	1.894	Noun
revamped	1.894	Verb
revenger	1.894	Noun
reviles	1.894	Verb
rewing	1.894	Verb
rezoned	1.894	Verb
rhd	1.894	Name
rhizopus	1.894	Noun
rhombus	1.894	Noun
rhonchi	1.894	Noun
rideable	1.894	Adjective
rids	1.894	Verb
riesling	1.894	Noun
riling	1.894	Verb
rine	1.894	Noun
ringlets	1.894	Noun
ringtail	1.894	Noun
rinker	1.894	Noun
rinsing	1.894	Verb
riper	1.894	Adjective
rivaled	1.894	Verb
rive	1.894	Verb
riveter	1.894	Noun
roaster	1.894	Noun
rochet	1.894	Name
rococo	1.894	Adjective
rodham	1.894	Name
rogering	1.894	Verb
roiling	1.894	Verb
romancer	1.894	Noun
rompers	1.894	Noun
rood	1.894	Noun
roofy	1.894	Adjective
roon	1.894	Name
roquet	1.894	Name
rosaria	1.894	Noun
rotarian	1.894	Noun
rowel	1.894	Noun
royster	1.894	Noun
ruble	1.894	Noun
rudders	1.894	Noun
ruggedly	1.894	Adverb
rugger	1.894	Noun
rumania	1.894	Name
runabout	1.894	Noun
rusa	1.894	Noun
rustles	1.894	Noun
sab	1.894	Verb
sabbat	1.894	Noun
sabras	1.894	Name
sachet	1.894	Noun
sachets	1.894	Noun
sacral	1.894	Adjective
sagas	1.894	Noun
sagesse	1.894	Name
sah	1.894	Name
salat	1.894	Verb
salus	1.894	Name
salvor	1.894	Name
samara	1.894	Name
samoa	1.894	Name
samoans	1.894	Noun
samurais	1.894	Noun
sandbar	1.894	Noun
sandbars	1.894	Noun
sandhogs	1.894	Noun
sanger	1.894	Name
sangha	1.894	Name
sasa	1.894	Name
sashayed	1.894	Verb
satiate	1.894	Verb
satiated	1.894	Verb
satiety	1.894	Noun
saunters	1.894	Verb
saute	1.894	Verb
savanna	1.894	Name
saviours	1.894	Noun
scaglia	1.894	Name
scalpers	1.894	Noun
scap	1.894	Noun
scarfs	1.894	Noun
sch	1.894	Noun
schism	1.894	Noun
schizos	1.894	Noun
schmoes	1.894	Noun
schooler	1.894	Noun
schtick	1.894	Noun
scoopers	1.894	Noun
scoots	1.894	Verb
scorers	1.894	Noun
scotoma	1.894	Noun
scrod	1.894	Noun
scudder	1.894	Name
scull	1.894	Verb
sculpts	1.894	Verb
scuttles	1.894	Verb
seafarer	1.894	Noun
seafront	1.894	Noun
sealy	1.894	Adverb
seaports	1.894	Noun
seascape	1.894	Noun
seceded	1.894	Verb
seceding	1.894	Verb
secretes	1.894	Verb
seders	1.894	Noun
segues	1.894	Noun
selector	1.894	Noun
selenic	1.894	Adjective
sepia	1.894	Noun
septal	1.894	Adjective
sequela	1.894	Noun
serapes	1.894	Noun
servo	1.894	Noun
severals	1.894	Noun
sextus	1.894	Name
shakeup	1.894	Noun
shally	1.894	Adverb
shamming	1.894	Verb
shant	1.894	Noun
shanties	1.894	Noun
sheered	1.894	Verb
sherpas	1.894	Noun
shiller	1.894	Name
shimmers	1.894	Verb
shimmied	1.894	Verb
shinny	1.894	Adjective
shipload	1.894	Noun
shirker	1.894	Noun
shirks	1.894	Noun
shoed	1.894	Verb
shola	1.894	Name
shooed	1.894	Verb
shopkeep	1.894	Verb
shopworn	1.894	Adjective
shotty	1.894	Noun
shrilly	1.894	Adverb
shrimpy	1.894	Name
shrinky	1.894	Adjective
shutouts	1.894	Noun
shyest	1.894	Adjective
sicca	1.894	Name
siccing	1.894	Verb
sickles	1.894	Noun
sidestep	1.894	Verb
sidewall	1.894	Noun
sieges	1.894	Noun
sifters	1.894	Noun
sifts	1.894	Verb
sigmoid	1.894	Adjective
sikhs	1.894	Noun
silents	1.894	Noun
silkworm	1.894	Noun
silphid	1.894	Adjective
simper	1.894	Noun
siring	1.894	Verb
sited	1.894	Verb
sitz	1.894	Noun
sizzled	1.894	Verb
sked	1.894	Verb
skeeters	1.894	Noun
skel	1.894	Noun
skipjack	1.894	Noun
skirl	1.894	Noun
skitter	1.894	Verb
skitters	1.894	Verb
skunky	1.894	Adjective
skyhook	1.894	Verb
slake	1.894	Verb
slaking	1.894	Verb
slalom	1.894	Noun
slattern	1.894	Noun
slav	1.894	Adjective
slee	1.894	Name
sleeker	1.894	Adjective
slickest	1.894	Adjective
slicks	1.894	Noun
slimiest	1.894	Adjective
slod	1.894	Verb
sloe	1.894	Name
sloped	1.894	Verb
sloppily	1.894	Adverb
slothful	1.894	Adjective
slouches	1.894	Verb
slovenly	1.894	Adjective
slugfest	1.894	Adjective
slushy	1.894	Adjective
sma	1.894	Noun
smegma	1.894	Noun
smeller	1.894	Noun
smiler	1.894	Name
smilers	1.894	Name
smirks	1.894	Noun
smoothes	1.894	Verb
smudging	1.894	Verb
snacked	1.894	Verb
snagging	1.894	Verb
snappier	1.894	Adjective
snarly	1.894	Adverb
sneers	1.894	Verb
snew	1.894	Verb
snipping	1.894	Verb
snood	1.894	Noun
snooper	1.894	Noun
snoopers	1.894	Noun
snoots	1.894	Noun
snowbank	1.894	Noun
snuffbox	1.894	Noun
socials	1.894	Noun
soldered	1.894	Verb
solders	1.894	Noun
soloed	1.894	Verb
songbook	1.894	Noun
sooners	1.894	Name
sopped	1.894	Verb
sorer	1.894	Adjective
sorren	1.894	Name
souffl	1.894	Noun
sourced	1.894	Verb
sov	1.894	Noun
spacers	1.894	Noun
spaetzle	1.894	Noun
spaniels	1.894	Noun
spanker	1.894	Noun
sparkler	1.894	Noun
spatters	1.894	Noun
spaying	1.894	Verb
speckles	1.894	Noun
spect	1.894	Noun
speedily	1.894	Adverb
spencers	1.894	Name
sperling	1.894	Name
spica	1.894	Noun
spinous	1.894	Adjective
spinout	1.894	Noun
spl	1.894	Name
spode	1.894	Noun
sportive	1.894	Adjective
spouted	1.894	Verb
spouts	1.894	Verb
sprigs	1.894	Noun
sprites	1.894	Noun
spudded	1.894	Verb
spudding	1.894	Verb
spurring	1.894	Verb
squalls	1.894	Noun
squarish	1.894	Adjective
squired	1.894	Verb
squirmy	1.894	Adjective
squoze	1.894	Verb
ssp	1.894	Name
stacker	1.894	Name
staid	1.894	Adjective
stampers	1.894	Name
stapes	1.894	Noun
starches	1.894	Noun
starky	1.894	Name
statuary	1.894	Noun
staving	1.894	Verb
steamcar	1.894	Noun
steeling	1.894	Verb
steen	1.894	Name
steepest	1.894	Adjective
stele	1.894	Noun
stellas	1.894	Name
stemmed	1.894	Verb
stentor	1.894	Noun
steppes	1.894	Noun
sternest	1.894	Adjective
stetsons	1.894	Name
stiffing	1.894	Verb
stiflers	1.894	Noun
stilly	1.894	Adjective
stim	1.894	Noun
stockman	1.894	Name
stoical	1.894	Adjective
stoics	1.894	Noun
stonier	1.894	Adjective
storax	1.894	Verb
stouts	1.894	Noun
straggly	1.894	Adverb
streaked	1.894	Verb
streaker	1.894	Noun
stret	1.894	Noun
striae	1.894	Noun
stubbing	1.894	Verb
stuber	1.894	Name
stuffers	1.894	Noun
stupids	1.894	Noun
subedit	1.894	#N/A
subsist	1.894	Verb
subsoil	1.894	Noun
succubae	1.894	Noun
sudsy	1.894	Adjective
suedes	1.894	Noun
suer	1.894	Verb
sugi	1.894	Noun
sullies	1.894	Verb
sulphide	1.894	Noun
sunbelt	1.894	Noun
sunt	1.894	Name
supplant	1.894	Verb
surd	1.894	Noun
swacked	1.894	Verb
swanning	1.894	Verb
swifter	1.894	Adjective
swigging	1.894	Verb
swingles	1.894	Verb
swinney	1.894	Name
swisher	1.894	Name
swivels	1.894	Verb
swoons	1.894	Verb
syn	1.894	Name
synching	1.894	Verb
syncopal	1.894	Adjective
syrups	1.894	Noun
tabac	1.894	Noun
tacitly	1.894	Adverb
taconite	1.894	Noun
taha	1.894	Noun
tailings	1.894	Noun
taipan	1.894	Noun
taipo	1.894	Name
talmudic	1.894	Adjective
tamarind	1.894	Noun
tambo	1.894	Name
tamp	1.894	Verb
tams	1.894	Name
tana	1.894	Name
tannic	1.894	Adjective
tantalum	1.894	Noun
tardies	1.894	Noun
tarrying	1.894	Verb
tartary	1.894	Name
tastings	1.894	Noun
tatoos	1.894	Noun
tatting	1.894	Noun
tatty	1.894	Adjective
teashop	1.894	Noun
teched	1.894	Verb
teddies	1.894	Noun
temped	1.894	Verb
tenable	1.894	Adjective
teniente	1.894	Name
tenon	1.894	Noun
tenser	1.894	Adjective
tensing	1.894	Verb
terminer	1.894	Noun
terraces	1.894	Noun
terrie	1.894	Name
tetra	1.894	Name
thalamus	1.894	Noun
theorise	1.894	Verb
theremin	1.894	Noun
thiamine	1.894	Noun
thimbles	1.894	Noun
thir	1.894	Noun
thirsted	1.894	Verb
thistles	1.894	Noun
thrasher	1.894	Noun
thuggees	1.894	Noun
thymus	1.894	Noun
tiddy	1.894	Adjective
tidier	1.894	Adjective
tig	1.894	Noun
timor	1.894	Name
tinder	1.894	Noun
tings	1.894	Noun
tinier	1.894	Adjective
tinkler	1.894	Noun
tinkly	1.894	Adverb
tintype	1.894	Noun
tipoff	1.894	Noun
tirades	1.894	Noun
tireder	1.894	Noun
tiresias	1.894	Noun
titbit	1.894	Noun
titbits	1.894	Noun
tittie	1.894	Noun
toadies	1.894	Noun
toadying	1.894	Verb
tobaccos	1.894	Noun
toeshoes	1.894	Noun
toiletry	1.894	Noun
tomfool	1.894	Noun
tomkin	1.894	Name
tommyrot	1.894	Verb
tonal	1.894	Adjective
tonights	1.894	Noun
toolshed	1.894	Adjective
tootsy	1.894	Noun
topmost	1.894	Adjective
topples	1.894	Verb
torpor	1.894	Noun
torsion	1.894	Noun
torsos	1.894	Noun
torts	1.894	Noun
tos	1.894	Noun
tosspot	1.894	Noun
touchups	1.894	Noun
touts	1.894	Noun
townsman	1.894	Noun
toxemia	1.894	Noun
toyland	1.894	Name
tragical	1.894	Adjective
trancing	1.894	Verb
trannie	1.894	Noun
trapezes	1.894	Noun
trashes	1.894	Verb
travois	1.894	Noun
trawlers	1.894	Noun
trekking	1.894	Verb
tresses	1.894	Noun
triassic	1.894	Name
trike	1.894	Verb
triplex	1.894	Verb
tripling	1.894	Verb
tripods	1.894	Noun
tripolis	1.894	Name
tritium	1.894	Noun
troilus	1.894	Name
trolled	1.894	Verb
trollops	1.894	Noun
trooping	1.894	Verb
troughs	1.894	Noun
trounce	1.894	Verb
truckman	1.894	Noun
trysts	1.894	Noun
tsars	1.894	Noun
tsp	1.894	Noun
tst	1.894	Name
tsuris	1.894	Noun
tuber	1.894	Noun
tue	1.894	Noun
tufan	1.894	Name
tuitions	1.894	Noun
tulsi	1.894	Noun
tumorous	1.894	Adjective
tump	1.894	Verb
tupped	1.894	Name
turbojet	1.894	Noun
tushies	1.894	Noun
twats	1.894	Noun
tweeters	1.894	Noun
tweeting	1.894	Adjective
twinning	1.894	Verb
typified	1.894	Verb
typify	1.894	Verb
tzedakah	1.894	Name
tzetze	1.894	Noun
ubi	1.894	Noun
ufology	1.894	Noun
uhuru	1.894	Name
ulla	1.894	Name
umpires	1.894	Noun
unbathed	1.894	Adjective
uncivil	1.894	Adjective
unclasp	1.894	Verb
unclog	1.894	Verb
uncorked	1.894	Verb
uncuffed	1.894	Adjective
underpay	1.894	Verb
unfazed	1.894	Adjective
unfroze	1.894	Verb
unfurls	1.894	Verb
ungainly	1.894	Adjective
ungraded	1.894	Adjective
unguided	1.894	Adjective
unhip	1.894	Noun
unjam	1.894	Verb
unknow	1.894	Verb
unlatch	1.894	Verb
unlit	1.894	Adjective
unliving	1.894	Verb
unmanner	1.894	Name
unmapped	1.894	Adjective
unneeded	1.894	Adjective
unpaved	1.894	Adjective
unperson	1.894	Noun
unpin	1.894	Noun
unplugs	1.894	Verb
unranked	1.894	Adjective
unring	1.894	Verb
unsaddle	1.894	Verb
unsalted	1.894	Adjective
unseat	1.894	Verb
unsettle	1.894	Verb
unstated	1.894	Adjective
unstick	1.894	Noun
untucked	1.894	Adjective
upended	1.894	Verb
upfield	1.894	Noun
upgoing	1.894	Adjective
upholds	1.894	Verb
upstarts	1.894	Noun
uptempo	1.894	Noun
urdu	1.894	Name
uremia	1.894	Noun
urgers	1.894	Noun
usefully	1.894	Adverb
uti	1.894	Name
vagaries	1.894	Noun
valences	1.894	Noun
vales	1.894	Noun
valeting	1.894	Verb
valises	1.894	Noun
valorous	1.894	Adjective
vamped	1.894	Verb
vamping	1.894	Verb
vaporise	1.894	Verb
vaporous	1.894	Adjective
varietal	1.894	Adjective
variola	1.894	Noun
veldt	1.894	Noun
veloute	1.894	Noun
venality	1.894	Noun
venusian	1.894	Adjective
verges	1.894	Noun
verity	1.894	Noun
vesicles	1.894	Noun
vetting	1.894	Verb
vexation	1.894	Noun
vexer	1.894	Noun
vicarage	1.894	Noun
viceroys	1.894	Noun
vicuna	1.894	Noun
vide	1.894	Unclassified
vier	1.894	Noun
viewings	1.894	Noun
vilely	1.894	Adverb
vinegary	1.894	Adjective
violette	1.894	Unclassified
vireo	1.894	Noun
visigoth	1.894	Noun
vivat	1.894	Noun
vocally	1.894	Adverb
voiture	1.894	Noun
volcanos	1.894	Noun
voluble	1.894	Adjective
wadi	1.894	Name
waggles	1.894	Name
wagoneer	1.894	Name
waifs	1.894	Noun
waka	1.894	Name
walkways	1.894	Noun
wallies	1.894	Noun
wallman	1.894	Noun
walloped	1.894	Verb
wallowed	1.894	Verb
wallower	1.894	Noun
wanky	1.894	Adjective
warmouth	1.894	Noun
warping	1.894	Verb
warps	1.894	Verb
warthogs	1.894	Noun
washouts	1.894	Noun
waspish	1.894	Adjective
wattles	1.894	Noun
wavers	1.894	Verb
waw	1.894	Noun
waylay	1.894	Verb
wazir	1.894	Name
wearable	1.894	Adjective
wearily	1.894	Adverb
wearying	1.894	Verb
wedging	1.894	Verb
weeper	1.894	Noun
welders	1.894	Noun
wellhead	1.894	Noun
weskit	1.894	Verb
wetsuit	1.894	Noun
wetters	1.894	Noun
whiffed	1.894	Verb
whiffle	1.894	Noun
whig	1.894	Adjective
whinging	1.894	Verb
whispery	1.894	Adjective
whiten	1.894	Verb
whizbang	1.894	Name
whomping	1.894	Verb
whooshed	1.894	Verb
whorl	1.894	Noun
whosever	1.894	Verb
whosis	1.894	Name
wickets	1.894	Noun
wicky	1.894	Adjective
widdy	1.894	Noun
widens	1.894	Verb
widgets	1.894	Noun
wielder	1.894	Noun
wilcoxon	1.894	Name
wiling	1.894	Verb
willer	1.894	Name
willers	1.894	Name
willowy	1.894	Adjective
windiest	1.894	Adjective
wis	1.894	Noun
witchery	1.894	Noun
witters	1.894	Name
wolfed	1.894	Verb
wolfen	1.894	Noun
wolfs	1.894	Noun
wombs	1.894	Noun
wonks	1.894	Noun
woodbine	1.894	Name
woodshop	1.894	Noun
woofy	1.894	Noun
woollen	1.894	Adjective
woops	1.894	Interjection
workweek	1.894	Noun
worthies	1.894	Noun
worthily	1.894	Adverb
wreckers	1.894	Noun
wrestles	1.894	Verb
wrings	1.894	Verb
wrongest	1.894	Adjective
xeroxing	1.894	Verb
xylem	1.894	Verb
yakked	1.894	Verb
yapped	1.894	Verb
yapper	1.894	Noun
yardage	1.894	Noun
yark	1.894	Name
yarmulka	1.894	Noun
yawing	1.894	Verb
yeasts	1.894	Verb
yens	1.894	Noun
yentas	1.894	Noun
yente	1.894	Name
yeth	1.894	Name
yetzer	1.894	Noun
yob	1.894	Noun
yodeled	1.894	Verb
yond	1.894	Noun
youngs	1.894	Name
yrs	1.894	Noun
yuccas	1.894	Noun
yucch	1.894	Verb
yules	1.894	Noun
zambezi	1.894	Name
zigged	1.894	Verb
zigs	1.894	Verb
zigzags	1.894	Noun
zimmy	1.894	Name
zinnia	1.894	Name
zippered	1.894	Verb
zlotys	1.894	Noun
zona	1.894	Name
zooms	1.894	Verb
aahing	1.769	Verb
aas	1.769	Noun
abaft	1.769	Verb
abates	1.769	Verb
abbe	1.769	Name
abbess	1.769	Noun
abeyance	1.769	Noun
ablest	1.769	Adjective
abogado	1.769	Noun
abstains	1.769	Verb
abuts	1.769	Verb
abuzz	1.769	Noun
abysses	1.769	Noun
academe	1.769	Noun
accesses	1.769	Verb
acclaims	1.769	Verb
accrual	1.769	Noun
accruing	1.769	Verb
acetyl	1.769	Noun
acher	1.769	Noun
achingly	1.769	Adverb
acidemia	1.769	Noun
acrid	1.769	Adjective
acromion	1.769	Noun
actuals	1.769	Noun
actuator	1.769	Noun
addenda	1.769	Noun
adders	1.769	Noun
addr	1.769	Noun
adenine	1.769	Name
adepts	1.769	Noun
adjourns	1.769	Verb
adnexal	1.769	Adjective
adorably	1.769	Adverb
adorning	1.769	Verb
aer	1.769	Noun
aesir	1.769	Noun
afb	1.769	Noun
afd	1.769	Noun
affably	1.769	Adverb
affirms	1.769	Verb
affright	1.769	Noun
agate	1.769	Noun
agave	1.769	Verb
agen	1.769	Noun
aggress	1.769	Verb
agos	1.769	Noun
ague	1.769	Noun
agura	1.769	Noun
ailed	1.769	Verb
airburst	1.769	Verb
airdrome	1.769	Noun
airdrop	1.769	Noun
aire	1.769	Noun
airfares	1.769	Noun
aiwan	1.769	Adjective
aking	1.769	Verb
alai	1.769	Noun
alarums	1.769	Noun
alaskans	1.769	Noun
albe	1.769	Name
albinism	1.769	Noun
alcazar	1.769	Name
alcoves	1.769	Noun
aldrins	1.769	Name
alef	1.769	Verb
alertly	1.769	Adverb
aleutian	1.769	Name
alginate	1.769	Verb
alibiing	1.769	Verb
alighted	1.769	Verb
alit	1.769	Adjective
allele	1.769	Noun
allover	1.769	Verb
allyou	1.769	Noun
alo	1.769	Noun
alpheus	1.769	Name
alw	1.769	Verb
amable	1.769	Adjective
amandine	1.769	Noun
amant	1.769	Noun
amaranth	1.769	Noun
ambled	1.769	Verb
amending	1.769	Verb
amigas	1.769	Noun
amil	1.769	Verb
amnesiac	1.769	Adjective
amnesic	1.769	Adjective
amusers	1.769	Noun
amyls	1.769	Noun
anarchic	1.769	Adjective
anglers	1.769	Noun
animas	1.769	Noun
animates	1.769	Verb
animator	1.769	Noun
anions	1.769	Noun
anisette	1.769	Noun
annuals	1.769	Noun
anonyme	1.769	Noun
anosmia	1.769	Noun
antes	1.769	Noun
anther	1.769	Noun
antonyms	1.769	Noun
anuran	1.769	Noun
apatite	1.769	Noun
apelike	1.769	Adjective
aphonia	1.769	Noun
apiary	1.769	Noun
apologia	1.769	Noun
appal	1.769	Verb
appals	1.769	Verb
appeaser	1.769	Noun
apr	1.769	Noun
aquifer	1.769	Noun
aquilino	1.769	Noun
arborist	1.769	Noun
arbors	1.769	Noun
arbour	1.769	Noun
arbutus	1.769	Unclassified
arcanum	1.769	Noun
archaism	1.769	Noun
arcturus	1.769	Noun
arcuate	1.769	Adjective
arder	1.769	Verb
areally	1.769	Adverb
arest	1.769	Adjective
arette	1.769	Noun
arew	1.769	Noun
argle	1.769	Verb
ariki	1.769	Noun
arioso	1.769	Noun
arrestee	1.769	Noun
arretez	1.769	Verb
arsine	1.769	Verb
arsing	1.769	Verb
ary	1.769	Noun
asana	1.769	Noun
ascetics	1.769	Noun
ascites	1.769	Noun
ascorbic	1.769	Adjective
ascribed	1.769	Verb
aseptic	1.769	Adjective
assailed	1.769	Verb
assam	1.769	Name
assayed	1.769	Verb
assizes	1.769	Noun
asst	1.769	Name
assuaged	1.769	Verb
astr	1.769	Noun
astrally	1.769	Adverb
astre	1.769	Noun
ataraxia	1.769	Noun
atef	1.769	Name
atelier	1.769	Noun
athing	1.769	Verb
athwart	1.769	Verb
atlases	1.769	Noun
atomies	1.769	Noun
atomiser	1.769	Noun
atropos	1.769	Noun
attains	1.769	Verb
auberge	1.769	Name
auguries	1.769	Noun
auk	1.769	Noun
aureole	1.769	Noun
aureus	1.769	Noun
auroral	1.769	Adjective
austral	1.769	Noun
autobus	1.769	Noun
autumns	1.769	Noun
availing	1.769	Verb
avance	1.769	Noun
avie	1.769	Name
avoider	1.769	Noun
avow	1.769	Verb
avowed	1.769	Adjective
avulsion	1.769	Noun
aways	1.769	Noun
awee	1.769	Noun
awl	1.769	Noun
axilla	1.769	Noun
axon	1.769	Noun
baaing	1.769	Name
babbie	1.769	Name
babu	1.769	Noun
baches	1.769	Noun
bacilli	1.769	Noun
backbend	1.769	Noun
backie	1.769	Noun
backway	1.769	Noun
bacons	1.769	Noun
baddies	1.769	Noun
baggers	1.769	Noun
bago	1.769	Noun
bailo	1.769	Noun
bakeshop	1.769	Noun
balancer	1.769	Noun
balao	1.769	Noun
balden	1.769	Verb
baldhead	1.769	Noun
baldric	1.769	Adjective
balers	1.769	Noun
ballade	1.769	Noun
ballcock	1.769	Noun
ballista	1.769	Noun
ballo	1.769	Noun
ballute	1.769	Noun
bandanas	1.769	Noun
bangalow	1.769	Noun
bangled	1.769	Verb
banishes	1.769	Verb
bankside	1.769	Noun
barbero	1.769	Name
barbet	1.769	Noun
barbican	1.769	Noun
barbone	1.769	Name
barbwire	1.769	Noun
barflies	1.769	Verb
bargemen	1.769	Noun
barhop	1.769	Verb
barony	1.769	Noun
barracan	1.769	Adjective
barres	1.769	Name
bartends	1.769	Verb
baseness	1.769	Noun
bassie	1.769	Name
bassoons	1.769	Noun
bathers	1.769	Noun
bathyal	1.769	Adjective
batsman	1.769	Noun
batwing	1.769	Noun
bawds	1.769	Noun
beadier	1.769	Adjective
beadwork	1.769	Noun
beaning	1.769	Verb
bearish	1.769	Adjective
beata	1.769	Name
beatable	1.769	Adjective
bedrolls	1.769	Noun
beebee	1.769	Name
beefer	1.769	Noun
befoul	1.769	Verb
begats	1.769	Verb
behooved	1.769	Verb
behove	1.769	Verb
behoves	1.769	Verb
belabour	1.769	Verb
beldame	1.769	Noun
belfries	1.769	Noun
belies	1.769	Verb
bellying	1.769	Verb
belter	1.769	Noun
beltless	1.769	Adjective
belying	1.769	Verb
bengals	1.769	Name
benic	1.769	Adjective
benignly	1.769	Adverb
benin	1.769	Name
beno	1.769	Name
benzenes	1.769	Noun
benzine	1.769	Noun
benzo	1.769	Noun
berbers	1.769	Noun
berliner	1.769	Noun
berlins	1.769	Name
berne	1.769	Name
berretta	1.769	Noun
berthed	1.769	Verb
bertin	1.769	Noun
berwick	1.769	Name
besieges	1.769	Verb
bespeaks	1.769	Verb
betroth	1.769	Noun
betta	1.769	Noun
bewilder	1.769	Verb
bhandari	1.769	Noun
bibb	1.769	Name
bibelots	1.769	Noun
bidets	1.769	Noun
biennale	1.769	Name
bier	1.769	Noun
biggety	1.769	Adjective
biggins	1.769	Name
bijoux	1.769	Verb
bilder	1.769	Verb
bilged	1.769	Verb
billets	1.769	Verb
bima	1.769	Noun
binaries	1.769	Noun
binged	1.769	Verb
bingeing	1.769	Verb
bingos	1.769	Noun
binocs	1.769	Noun
binomial	1.769	Adjective
bint	1.769	Noun
bioassay	1.769	Verb
biogenic	1.769	Adjective
biopic	1.769	Adjective
biplane	1.769	Noun
biplanes	1.769	Noun
birdied	1.769	Verb
birding	1.769	Verb
birt	1.769	Name
bisect	1.769	Noun
bisects	1.769	Verb
bismark	1.769	Noun
bist	1.769	Noun
bittern	1.769	Noun
bitumen	1.769	Noun
blackens	1.769	Verb
blaggard	1.769	Noun
blander	1.769	Adjective
bleary	1.769	Adjective
blintze	1.769	Noun
blitzes	1.769	Verb
blo	1.769	Noun
bloater	1.769	Noun
blocs	1.769	Noun
blondest	1.769	Adjective
blooey	1.769	Noun
blotched	1.769	Verb
blotters	1.769	Noun
blowfly	1.769	Adverb
blubbed	1.769	Verb
blueish	1.769	Adjective
bluenose	1.769	Noun
bluffers	1.769	Noun
blurs	1.769	Verb
blushy	1.769	Adjective
boas	1.769	Noun
boaster	1.769	Noun
boatel	1.769	Name
bocci	1.769	Name
boddle	1.769	Noun
bodied	1.769	Verb
bodiless	1.769	Adjective
boe	1.769	Noun
bogging	1.769	Verb
boggled	1.769	Verb
bojo	1.769	Noun
boldface	1.769	Noun
boles	1.769	Name
bolide	1.769	Noun
bolling	1.769	Verb
bollix	1.769	Verb
bollixed	1.769	Verb
bolsters	1.769	Verb
bombards	1.769	Noun
bombe	1.769	Verb
bonder	1.769	Noun
boniface	1.769	Name
bonking	1.769	Verb
booboo	1.769	Noun
boodlers	1.769	Noun
boodles	1.769	Name
boogied	1.769	Verb
bookend	1.769	Verb
bookers	1.769	Noun
bops	1.769	Verb
borates	1.769	Noun
bord	1.769	Noun
borer	1.769	Noun
borstal	1.769	Name
bossiest	1.769	Adjective
bota	1.769	Noun
bott	1.769	Name
botulin	1.769	Noun
boucher	1.769	Name
bouncier	1.769	Adjective
bounden	1.769	Noun
bourn	1.769	Noun
bovines	1.769	Verb
bowlegs	1.769	Noun
bowlines	1.769	Noun
boxman	1.769	Noun
boychick	1.769	Verb
boyos	1.769	Noun
brach	1.769	Noun
brahm	1.769	Noun
brained	1.769	Verb
brainer	1.769	Noun
brakemen	1.769	Noun
brakie	1.769	Noun
brandish	1.769	Noun
brasilia	1.769	Name
brassie	1.769	Noun
braw	1.769	Noun
brawly	1.769	Name
braying	1.769	Verb
brazier	1.769	Noun
breading	1.769	Verb
bretons	1.769	Noun
briars	1.769	Noun
bricking	1.769	Verb
brights	1.769	Adjective
brims	1.769	Verb
brindle	1.769	Noun
bringed	1.769	Verb
bringers	1.769	Noun
bromides	1.769	Noun
bromine	1.769	Name
brooder	1.769	Noun
bruja	1.769	Noun
brushers	1.769	Noun
bubs	1.769	Noun
buckhorn	1.769	Verb
buddie	1.769	Noun
buddle	1.769	Verb
budgie	1.769	Noun
buffered	1.769	Adjective
bugbear	1.769	Name
buglers	1.769	Noun
buildups	1.769	Noun
bulbar	1.769	Noun
bulbed	1.769	Verb
bulgy	1.769	Adjective
bulimics	1.769	Noun
bulkier	1.769	Adjective
bulled	1.769	Verb
bulwarks	1.769	Noun
bumpier	1.769	Adjective
bunce	1.769	Verb
bunning	1.769	Verb
bunter	1.769	Noun
bunton	1.769	Name
bunyip	1.769	Noun
bura	1.769	Name
burble	1.769	Verb
burbled	1.769	Adjective
burgs	1.769	Noun
buri	1.769	Name
burian	1.769	Noun
burkas	1.769	Noun
burny	1.769	Adjective
buro	1.769	Noun
burring	1.769	Verb
busby	1.769	Name
bushings	1.769	Noun
bushwah	1.769	Interjection
busied	1.769	Verb
bustled	1.769	Verb
buttling	1.769	Verb
buttress	1.769	Verb
buyouts	1.769	Noun
bylines	1.769	Noun
byronic	1.769	Adjective
byword	1.769	Noun
caba	1.769	#N/A
caballos	1.769	Noun
cabals	1.769	Noun
cabanas	1.769	Noun
cabriole	1.769	Noun
cack	1.769	Noun
caddies	1.769	Noun
cadenza	1.769	Noun
caduceus	1.769	Noun
cadwell	1.769	Verb
caecum	1.769	Noun
caftans	1.769	Noun
cahoot	1.769	Verb
caisson	1.769	Noun
cakey	1.769	Noun
calchas	1.769	Noun
calles	1.769	Noun
cambio	1.769	Noun
camion	1.769	Noun
camomile	1.769	Noun
camorra	1.769	Name
campagne	1.769	Noun
campeche	1.769	Name
canape	1.769	Verb
candela	1.769	Name
candida	1.769	Noun
candide	1.769	Noun
candiru	1.769	Noun
canion	1.769	Name
cannelle	1.769	Noun
canonize	1.769	Verb
cantrips	1.769	Noun
canty	1.769	Adjective
capably	1.769	Adverb
capitols	1.769	Noun
caplet	1.769	Noun
caplin	1.769	Name
caprices	1.769	Noun
capron	1.769	Name
caput	1.769	Verb
carabao	1.769	Noun
carabid	1.769	Adjective
carbines	1.769	Noun
carbonic	1.769	Adjective
careworn	1.769	Adjective
carhop	1.769	Noun
carnac	1.769	Name
carnauba	1.769	Noun
carotids	1.769	Noun
carpel	1.769	Noun
carps	1.769	Noun
carrow	1.769	Name
carryout	1.769	Verb
cartage	1.769	Verb
carvers	1.769	Name
casaba	1.769	Noun
casal	1.769	Noun
casebook	1.769	Noun
caseful	1.769	Adjective
caseless	1.769	Adjective
casement	1.769	Noun
cassava	1.769	Noun
cassone	1.769	Verb
cassy	1.769	Noun
catamite	1.769	Noun
catarrh	1.769	Noun
catnaps	1.769	Noun
cattery	1.769	Noun
caucuses	1.769	Noun
caudally	1.769	Adverb
cautions	1.769	Verb
cavalero	1.769	Noun
cavelike	1.769	Adjective
cavey	1.769	Noun
cavitate	1.769	Verb
cavorts	1.769	Verb
cays	1.769	Noun
cayuse	1.769	Noun
ccw	1.769	Name
ceded	1.769	Verb
ceding	1.769	Verb
celeries	1.769	Noun
cellists	1.769	Noun
cements	1.769	Verb
centimes	1.769	Noun
centroid	1.769	Noun
cephalic	1.769	Adjective
cepheid	1.769	Noun
cest	1.769	Adjective
ceviche	1.769	Noun
chairmen	1.769	Noun
chalking	1.769	Verb
cham	1.769	Noun
chametz	1.769	Verb
chammies	1.769	Noun
chandu	1.769	Noun
chapatis	1.769	Noun
chapbook	1.769	Noun
chaplet	1.769	Noun
chara	1.769	Noun
charro	1.769	Noun
chasten	1.769	Verb
chatchka	1.769	Name
chateaus	1.769	Noun
chatelet	1.769	Name
cheerily	1.769	Adverb
cheero	1.769	Noun
cheesing	1.769	Verb
chela	1.769	Name
chemmy	1.769	Noun
chenier	1.769	Name
chequers	1.769	Noun
cherubic	1.769	Adjective
cherubim	1.769	Noun
chesser	1.769	Noun
chessman	1.769	Noun
chewinks	1.769	Noun
chiasm	1.769	Noun
chichi	1.769	Noun
chiefest	1.769	Adjective
chiggers	1.769	Noun
childbed	1.769	Noun
chiles	1.769	Name
chinch	1.769	Verb
chinning	1.769	Verb
chintzes	1.769	Noun
chitose	1.769	Verb
chloryl	1.769	Noun
chokers	1.769	Noun
choky	1.769	Adjective
cholla	1.769	Name
chooser	1.769	Noun
choosey	1.769	Noun
chordata	1.769	Noun
chuff	1.769	Verb
chugs	1.769	Verb
cigaret	1.769	Noun
cilia	1.769	Noun
cioppino	1.769	Noun
cit	1.769	Unclassified
citric	1.769	Adjective
cive	1.769	Verb
civvy	1.769	Noun
clackety	1.769	Adjective
clake	1.769	Name
clamber	1.769	Verb
clamors	1.769	Noun
clanked	1.769	Verb
claque	1.769	Noun
clar	1.769	Name
classism	1.769	Noun
classmen	1.769	Noun
clavier	1.769	Noun
clawless	1.769	Adjective
clays	1.769	Noun
cleavers	1.769	Verb
clept	1.769	Verb
clifftop	1.769	Noun
cliffy	1.769	Noun
clk	1.769	Name
clockers	1.769	Name
clothier	1.769	Noun
clouts	1.769	Noun
clowned	1.769	Verb
clownish	1.769	Verb
cloy	1.769	Noun
cloying	1.769	Adjective
clucked	1.769	Verb
clumped	1.769	Verb
clumsier	1.769	Adjective
clutchy	1.769	Adjective
cobber	1.769	Noun
cobs	1.769	Verb
cochair	1.769	Noun
cocytus	1.769	Adjective
codicils	1.769	Noun
codling	1.769	Noun
coenzyme	1.769	Noun
coerces	1.769	Verb
coff	1.769	Noun
coffle	1.769	Noun
cogito	1.769	Noun
cogwheel	1.769	Noun
cohanim	1.769	Noun
coifed	1.769	Adjective
coiffeur	1.769	Noun
coiling	1.769	Verb
collards	1.769	Noun
collated	1.769	Verb
collides	1.769	Verb
colliers	1.769	Noun
colly	1.769	Adverb
colmar	1.769	Noun
cometary	1.769	Adjective
communed	1.769	Verb
compte	1.769	Noun
computes	1.769	Verb
concha	1.769	Noun
conclave	1.769	Noun
coneys	1.769	Noun
confit	1.769	Verb
connive	1.769	Verb
connote	1.769	Verb
conte	1.769	Name
contorts	1.769	Verb
contrail	1.769	Noun
coper	1.769	Noun
coppery	1.769	Adjective
coracoid	1.769	Noun
coranto	1.769	Noun
corbeil	1.769	Name
corbet	1.769	Name
cornice	1.769	Noun
cornrow	1.769	Verb
cornu	1.769	Noun
coronals	1.769	Noun
cortege	1.769	Noun
corvina	1.769	Noun
cosiness	1.769	Noun
costed	1.769	Verb
coteau	1.769	Noun
cotes	1.769	Name
couchant	1.769	Noun
couche	1.769	Noun
couched	1.769	Verb
coud	1.769	Verb
coulees	1.769	Noun
coulier	1.769	Name
coumarin	1.769	Noun
couplet	1.769	Noun
coursed	1.769	Verb
cousinly	1.769	Adverb
coverts	1.769	Noun
coves	1.769	Noun
cowered	1.769	Verb
cowpoke	1.769	Noun
cowshed	1.769	Noun
coyness	1.769	Noun
cpd	1.769	Name
crabbed	1.769	Verb
crabber	1.769	Noun
crackly	1.769	Adverb
craftier	1.769	Adjective
craggy	1.769	Adjective
crampon	1.769	Noun
craned	1.769	Verb
craning	1.769	Verb
crappers	1.769	Noun
cratch	1.769	Verb
cravenly	1.769	Adverb
crayfish	1.769	Noun
creaked	1.769	Verb
creat	1.769	Verb
creatin	1.769	Noun
credere	1.769	Noun
cremona	1.769	Noun
creoles	1.769	Noun
crinoid	1.769	Noun
crippler	1.769	Noun
croakers	1.769	Noun
croat	1.769	Name
crofters	1.769	Name
crofts	1.769	Name
cronk	1.769	Verb
crosse	1.769	Name
crosslet	1.769	Noun
crossley	1.769	Name
crotchet	1.769	Verb
cruciate	1.769	Noun
crum	1.769	Noun
crumping	1.769	Verb
crumples	1.769	Verb
cryogen	1.769	Name
cubist	1.769	Noun
cubit	1.769	Noun
cuda	1.769	Name
cuddies	1.769	Noun
cueball	1.769	Noun
cueing	1.769	Verb
culls	1.769	Noun
culottes	1.769	Noun
cultivar	1.769	Noun
cunners	1.769	Noun
cuppin	1.769	Name
curating	1.769	Verb
curette	1.769	Noun
curney	1.769	Noun
currant	1.769	Noun
currants	1.769	Noun
curtal	1.769	Adjective
curtsies	1.769	Verb
cusping	1.769	Verb
cutaways	1.769	Noun
cutups	1.769	Noun
cynips	1.769	Noun
cynosure	1.769	Noun
cytosine	1.769	Verb
czarist	1.769	Noun
dabba	1.769	Noun
dabbed	1.769	Verb
dacoits	1.769	Noun
dacron	1.769	Noun
dahlias	1.769	Noun
daleth	1.769	Name
dallying	1.769	Verb
dama	1.769	Noun
damiana	1.769	Name
dandlers	1.769	Noun
danglers	1.769	Noun
danseuse	1.769	Verb
dap	1.769	Noun
dappled	1.769	Adjective
dareful	1.769	Adjective
darted	1.769	Verb
dastards	1.769	Noun
datable	1.769	Adjective
daters	1.769	Noun
dato	1.769	Noun
daubing	1.769	Verb
daubs	1.769	Noun
dauner	1.769	Name
daunt	1.769	Verb
daunts	1.769	Verb
dayan	1.769	Name
daylong	1.769	Noun
daymare	1.769	Verb
daymares	1.769	Noun
daystar	1.769	Noun
daytimes	1.769	Noun
dbl	1.769	Adjective
deadens	1.769	Verb
deadman	1.769	Noun
deafen	1.769	Verb
debater	1.769	Noun
debbies	1.769	Name
debits	1.769	Noun
deboned	1.769	Verb
decease	1.769	Noun
declasse	1.769	Unclassified
decorous	1.769	Adjective
decoying	1.769	Verb
deducing	1.769	Verb
deeming	1.769	Verb
deferens	1.769	Noun
defiles	1.769	Verb
deflates	1.769	Verb
defusion	1.769	Noun
deified	1.769	Verb
delate	1.769	Verb
dele	1.769	Noun
delict	1.769	Noun
demised	1.769	Verb
demote	1.769	Verb
demurely	1.769	Adverb
deneb	1.769	Noun
denizen	1.769	Noun
denuded	1.769	Verb
deplane	1.769	Noun
deplores	1.769	Verb
deploys	1.769	Verb
deranges	1.769	Verb
derecho	1.769	Noun
derisive	1.769	Adjective
descents	1.769	Noun
despairs	1.769	Noun
despert	1.769	Noun
despoil	1.769	Verb
detailer	1.769	Noun
detoxed	1.769	Verb
detune	1.769	Noun
devall	1.769	Name
devi	1.769	Noun
deviancy	1.769	Noun
devilry	1.769	Noun
devolves	1.769	Verb
dexies	1.769	Noun
dhamma	1.769	Noun
diable	1.769	Name
diadem	1.769	Noun
dialer	1.769	Noun
diapered	1.769	Verb
dickeys	1.769	Noun
dickies	1.769	Noun
didactic	1.769	Adjective
diddums	1.769	Noun
didie	1.769	Noun
didoes	1.769	Noun
dietetic	1.769	Adjective
diffusor	1.769	Noun
digestif	1.769	Noun
dilates	1.769	Verb
dilatory	1.769	Adjective
dilling	1.769	Verb
dills	1.769	Noun
dilution	1.769	Noun
dimmers	1.769	Noun
dimmock	1.769	Name
dineros	1.769	Noun
dingly	1.769	Name
dirhams	1.769	Noun
dirts	1.769	Noun
disburse	1.769	Verb
disdains	1.769	Verb
disjoint	1.769	Adjective
disodium	1.769	Noun
dissects	1.769	Verb
disses	1.769	Verb
dite	1.769	Noun
diurnal	1.769	Adjective
div	1.769	Number
dividers	1.769	Noun
divorcer	1.769	Noun
divvied	1.769	Verb
divvying	1.769	Verb
dizzies	1.769	Noun
djibouti	1.769	Name
dlr	1.769	Name
dobs	1.769	Noun
docker	1.769	Noun
dodos	1.769	Noun
doeth	1.769	Verb
doffed	1.769	Verb
dogmen	1.769	Noun
dogsbody	1.769	Noun
dogsled	1.769	Adjective
dogwoods	1.769	Noun
doles	1.769	Verb
dollops	1.769	Noun
dolomite	1.769	Noun
domineer	1.769	Noun
donet	1.769	Name
donum	1.769	Name
doodlers	1.769	Noun
dool	1.769	Noun
doolally	1.769	Adverb
doolie	1.769	Name
dooming	1.769	Verb
doria	1.769	Name
dorkiest	1.769	Name
dorking	1.769	Name
dorsalis	1.769	Noun
dorsi	1.769	Noun
dotard	1.769	Noun
doub	1.769	Verb
doubler	1.769	Name
doucet	1.769	Noun
douches	1.769	Verb
douma	1.769	Noun
douses	1.769	Verb
dousing	1.769	Verb
dowse	1.769	Verb
dowsed	1.769	Verb
dowsers	1.769	Noun
doz	1.769	Noun
dozers	1.769	Noun
drachmas	1.769	Noun
dragger	1.769	Noun
dragoman	1.769	Noun
dreamily	1.769	Adverb
drear	1.769	Verb
dredges	1.769	Noun
dribbler	1.769	Noun
driller	1.769	Noun
dripper	1.769	Noun
drizzles	1.769	Noun
droplet	1.769	Noun
droppage	1.769	Noun
drow	1.769	Name
drownded	1.769	Verb
drowsier	1.769	Adjective
drubbing	1.769	Verb
drunkest	1.769	Adjective
duddie	1.769	Name
duelist	1.769	Noun
duellist	1.769	Noun
dugouts	1.769	Noun
dully	1.769	Adverb
dumbed	1.769	Verb
dumbhead	1.769	Noun
dumbly	1.769	Adverb
dumbos	1.769	Noun
dumpers	1.769	Noun
dumpier	1.769	Name
dumpings	1.769	Noun
dunger	1.769	Name
dunkers	1.769	Noun
dunnest	1.769	Adjective
duodenal	1.769	Adjective
durned	1.769	Verb
dustpans	1.769	Noun
dustup	1.769	Noun
dutching	1.769	Noun
dwarfing	1.769	Verb
dwarfish	1.769	Adjective
dybbuk	1.769	Noun
dys	1.769	Noun
dystonic	1.769	Adjective
earaches	1.769	Noun
eardrop	1.769	Noun
earings	1.769	Noun
easeful	1.769	Adjective
eaver	1.769	Verb
ebbed	1.769	Verb
echogram	1.769	Noun
ecoute	1.769	Verb
edam	1.769	Noun
edibles	1.769	Noun
edified	1.769	Verb
effable	1.769	Adjective
eggers	1.769	Name
eggless	1.769	Adjective
egoism	1.769	Noun
egomania	1.769	Noun
egret	1.769	Noun
eider	1.769	Noun
ejecta	1.769	Noun
elicited	1.769	Verb
elitism	1.769	Noun
elopes	1.769	Verb
emailing	1.769	Verb
embarks	1.769	Verb
embarras	1.769	Noun
embitter	1.769	Verb
embolic	1.769	Adjective
emend	1.769	Verb
emer	1.769	Noun
emetic	1.769	Noun
eminency	1.769	Noun
emoting	1.769	Verb
empiric	1.769	Adjective
emptiest	1.769	Adjective
empyrean	1.769	Adjective
emulsify	1.769	Verb
enacting	1.769	Verb
enameled	1.769	Adjective
enc	1.769	#N/A
encase	1.769	Noun
enders	1.769	Noun
endowing	1.769	Verb
endows	1.769	Verb
enfant	1.769	Noun
enfolded	1.769	Verb
enigmas	1.769	Noun
enkindle	1.769	Verb
enlarges	1.769	Verb
enmeshed	1.769	Verb
enounced	1.769	Verb
enrages	1.769	Verb
enraging	1.769	Verb
enriches	1.769	Verb
enshrine	1.769	Noun
enslaves	1.769	Verb
ensnared	1.769	Verb
enthral	1.769	Adjective
entices	1.769	Verb
entrants	1.769	Noun
entreaty	1.769	Noun
entrer	1.769	Noun
eocene	1.769	Name
eohippus	1.769	Noun
eparch	1.769	Noun
ephemera	1.769	Noun
epicure	1.769	Noun
epicures	1.769	Verb
epitaphs	1.769	Noun
epsilons	1.769	Noun
equalled	1.769	Verb
ericas	1.769	Noun
erring	1.769	Verb
escalan	1.769	Adjective
escarole	1.769	Noun
eschews	1.769	Verb
escudos	1.769	Noun
escuela	1.769	Noun
espouse	1.769	Verb
espoused	1.769	Verb
espy	1.769	Noun
estado	1.769	Noun
esteems	1.769	Noun
ester	1.769	Name
esthetic	1.769	Noun
estrange	1.769	Verb
etcher	1.769	Noun
ethernet	1.769	Noun
etoile	1.769	#N/A
eugenia	1.769	Noun
everyway	1.769	Noun
evicts	1.769	Verb
evilest	1.769	Adjective
evilly	1.769	Adverb
evincing	1.769	Verb
ewes	1.769	Noun
excising	1.769	Verb
excrete	1.769	Verb
exhaled	1.769	Verb
exorcize	1.769	Verb
exotics	1.769	Noun
expat	1.769	Verb
expos	1.769	Noun
extensor	1.769	Noun
extol	1.769	Verb
extolled	1.769	Verb
exuding	1.769	Verb
exulted	1.769	Adjective
eyepiece	1.769	Noun
eyetooth	1.769	Noun
facially	1.769	Adverb
facias	1.769	Noun
faden	1.769	Noun
fader	1.769	Noun
faeries	1.769	Name
fairing	1.769	Verb
fairways	1.769	Noun
faits	1.769	Noun
faky	1.769	Adjective
falconry	1.769	Noun
faller	1.769	Noun
falun	1.769	Name
fandom	1.769	Noun
fanleaf	1.769	Verb
fantasie	1.769	Noun
fardels	1.769	Noun
farouche	1.769	Noun
farriers	1.769	Noun
fascial	1.769	Adjective
fash	1.769	Noun
fasthold	1.769	Noun
fatals	1.769	Noun
fathomed	1.769	Verb
fattens	1.769	Verb
fauns	1.769	Verb
fecund	1.769	Adjective
fedoras	1.769	Noun
feelies	1.769	Name
feis	1.769	Name
fencer	1.769	Noun
fends	1.769	Verb
fent	1.769	Noun
ferments	1.769	Verb
fermium	1.769	Noun
ferreiro	1.769	Name
ferrous	1.769	Adjective
fervour	1.769	Noun
fessed	1.769	Verb
festa	1.769	Noun
festered	1.769	Verb
festers	1.769	Noun
fetes	1.769	Noun
fetters	1.769	Noun
feverous	1.769	Adjective
fezzes	1.769	Noun
fezzy	1.769	Name
fiacre	1.769	Noun
fiancees	1.769	Noun
fibbers	1.769	Noun
fibroid	1.769	Adjective
fichus	1.769	Noun
fidding	1.769	Verb
fied	1.769	Verb
fifes	1.769	Noun
fike	1.769	Name
filbert	1.769	Noun
filberts	1.769	Noun
filched	1.769	Verb
filmgoer	1.769	Verb
filmland	1.769	Name
finny	1.769	Name
fip	1.769	Verb
firebox	1.769	Noun
firebugs	1.769	Noun
firmed	1.769	Verb
firmest	1.769	Adjective
fisheye	1.769	Noun
fishhook	1.769	Noun
fishmeal	1.769	Noun
fishpot	1.769	Noun
fishtail	1.769	Noun
fitful	1.769	Adjective
fitters	1.769	Noun
fixe	1.769	Noun
fizzed	1.769	Verb
flails	1.769	Verb
flanken	1.769	Name
flannels	1.769	Noun
flashers	1.769	Noun
flatland	1.769	Noun
flaying	1.769	Verb
flecked	1.769	Verb
flection	1.769	Noun
fledge	1.769	Verb
fledging	1.769	Adjective
fleetly	1.769	Adverb
flemings	1.769	Name
fleshpot	1.769	Noun
flexors	1.769	Noun
flinger	1.769	Name
floorman	1.769	Noun
flopper	1.769	Noun
floridly	1.769	Adverb
flosser	1.769	Noun
flosses	1.769	Verb
floury	1.769	Adjective
flubbed	1.769	Verb
fluffed	1.769	Verb
flybys	1.769	Noun
foamed	1.769	Adjective
fobs	1.769	Noun
foetuses	1.769	Noun
fogbound	1.769	Noun
fogy	1.769	Noun
foible	1.769	Noun
foiling	1.769	Verb
folacin	1.769	Noun
folky	1.769	Adjective
foment	1.769	Noun
fonts	1.769	Noun
foodless	1.769	Adjective
foody	1.769	Adjective
footfall	1.769	Noun
footsy	1.769	Adjective
footy	1.769	Adjective
foppery	1.769	Noun
forelegs	1.769	Verb
forelock	1.769	Noun
foresail	1.769	Noun
forestay	1.769	Noun
forested	1.769	Adjective
forgiver	1.769	Noun
forints	1.769	Noun
formalin	1.769	Noun
formals	1.769	Noun
formin	1.769	Noun
formy	1.769	Adjective
forsee	1.769	Noun
forsook	1.769	Verb
fortier	1.769	Name
foulness	1.769	Noun
founds	1.769	Verb
fourths	1.769	Number
fow	1.769	Noun
foxhound	1.769	Noun
foxier	1.769	Adjective
foxtrots	1.769	Noun
fragged	1.769	Verb
franking	1.769	Noun
fraying	1.769	Verb
freen	1.769	Name
freezy	1.769	Name
fretful	1.769	Adjective
frieze	1.769	Noun
frigates	1.769	Verb
frighted	1.769	Verb
frights	1.769	Noun
frijole	1.769	Noun
frijoles	1.769	Noun
fringing	1.769	Verb
frise	1.769	Name
frises	1.769	Verb
frizz	1.769	Verb
frocking	1.769	Noun
frogfish	1.769	Noun
frond	1.769	Noun
frowny	1.769	Noun
frowzy	1.769	Adjective
frugging	1.769	Verb
fruiting	1.769	Verb
fud	1.769	Name
fudging	1.769	Verb
fuerte	1.769	Name
fulltime	1.769	Noun
fumed	1.769	Verb
fundi	1.769	Noun
funked	1.769	Verb
furbelow	1.769	Noun
furore	1.769	Noun
furriers	1.769	Name
fusils	1.769	Verb
fusses	1.769	Verb
fusspot	1.769	Noun
futurity	1.769	Noun
gabbling	1.769	Verb
gadabout	1.769	Noun
gadwall	1.769	Noun
gaffe	1.769	Noun
gagster	1.769	Noun
gainers	1.769	Noun
gaiting	1.769	Verb
galas	1.769	Noun
galled	1.769	Verb
galloped	1.769	Verb
galosh	1.769	Verb
gamete	1.769	Noun
gametes	1.769	Noun
gamin	1.769	Noun
gantang	1.769	Name
gaoler	1.769	Noun
gara	1.769	Name
garlicky	1.769	Adjective
garnered	1.769	Verb
garon	1.769	Noun
garrets	1.769	Noun
gasthaus	1.769	Unclassified
gatemen	1.769	Noun
gatherer	1.769	Noun
gaw	1.769	Verb
gawkers	1.769	Noun
geat	1.769	Name
geb	1.769	Noun
geeing	1.769	Verb
geekier	1.769	Adjective
geld	1.769	Verb
geldings	1.769	Noun
genera	1.769	Noun
genet	1.769	Name
genomes	1.769	Noun
gentil	1.769	Noun
gentled	1.769	Verb
geodetic	1.769	Adjective
geomancy	1.769	Noun
gerkin	1.769	Noun
germinal	1.769	Name
gervais	1.769	Noun
geryon	1.769	Noun
geta	1.769	Noun
getter	1.769	Noun
getups	1.769	Noun
ghats	1.769	Noun
ghosted	1.769	Verb
ghosty	1.769	Adjective
gibber	1.769	Verb
gibbet	1.769	Noun
gibe	1.769	Noun
gigged	1.769	Verb
gigging	1.769	Verb
gilberts	1.769	Name
gimel	1.769	Verb
ginks	1.769	Noun
ginn	1.769	Name
ginning	1.769	Verb
gippy	1.769	Adjective
gipsies	1.769	Noun
girling	1.769	Name
girt	1.769	Verb
gits	1.769	Noun
giveback	1.769	Name
glabella	1.769	Noun
gladden	1.769	Verb
gladier	1.769	Adjective
glares	1.769	Verb
glasser	1.769	Name
glassman	1.769	Name
glazier	1.769	Adjective
glean	1.769	Verb
gleaner	1.769	Noun
glints	1.769	Noun
glist	1.769	Noun
globule	1.769	Noun
glommed	1.769	Verb
glooming	1.769	Adjective
glooms	1.769	Noun
glop	1.769	Noun
glossary	1.769	Noun
gloving	1.769	Verb
glowworm	1.769	Noun
gluhwein	1.769	Noun
glycerol	1.769	Noun
goatees	1.769	Noun
gobblers	1.769	Noun
goby	1.769	Noun
godchild	1.769	Noun
goen	1.769	Name
goiters	1.769	Noun
golding	1.769	Name
golfs	1.769	Noun
gollies	1.769	Noun
golliwog	1.769	Noun
gonged	1.769	Verb
gooding	1.769	Name
goofier	1.769	Noun
goos	1.769	Noun
gooses	1.769	Noun
goosing	1.769	Verb
goosy	1.769	Name
gores	1.769	Name
gorp	1.769	Verb
gouger	1.769	Noun
gougers	1.769	Noun
goup	1.769	Noun
gouts	1.769	Noun
gowans	1.769	Noun
gowland	1.769	Name
grackle	1.769	Noun
grails	1.769	Noun
grammars	1.769	Noun
granary	1.769	Noun
grandly	1.769	Adverb
grands	1.769	Noun
grano	1.769	Noun
granular	1.769	Adjective
granule	1.769	Noun
granules	1.769	Noun
grappler	1.769	Noun
grassed	1.769	Verb
gravitas	1.769	Noun
grayed	1.769	Verb
grayer	1.769	Noun
graying	1.769	Adjective
grazers	1.769	Noun
grazes	1.769	Verb
gre	1.769	Noun
gree	1.769	Name
greedily	1.769	Adverb
greeters	1.769	Noun
gret	1.769	Noun
griffon	1.769	Noun
grifted	1.769	Verb
grilles	1.769	Noun
grimaces	1.769	Verb
grinded	1.769	Verb
gristly	1.769	Adverb
gritted	1.769	Verb
grittier	1.769	Adjective
gritting	1.769	Verb
grizzle	1.769	Noun
groff	1.769	Noun
groomers	1.769	Noun
gropers	1.769	Noun
grote	1.769	Verb
grovers	1.769	Name
grumbled	1.769	Verb
grumbler	1.769	Noun
grumps	1.769	Noun
grunions	1.769	Noun
guar	1.769	Noun
guardo	1.769	Name
gudgeon	1.769	Noun
guelph	1.769	Name
guilted	1.769	Verb
gulfing	1.769	Verb
gulped	1.769	Verb
gumboil	1.769	Noun
gunda	1.769	Name
gunmetal	1.769	Adjective
gunwale	1.769	Noun
gunwales	1.769	Noun
gutsiest	1.769	Name
guzzles	1.769	Verb
gye	1.769	Noun
gyre	1.769	Noun
gyrenes	1.769	Noun
gyrus	1.769	Noun
hackie	1.769	Noun
hackin	1.769	Noun
hackney	1.769	Noun
haddie	1.769	Noun
hade	1.769	Verb
hagia	1.769	Name
hairtail	1.769	Verb
hajj	1.769	Name
hake	1.769	Noun
halogen	1.769	Noun
haltered	1.769	Verb
halved	1.769	Verb
hambone	1.769	Noun
hamel	1.769	Name
hames	1.769	Noun
hamming	1.769	Verb
handier	1.769	Adjective
handiest	1.769	Adjective
handsel	1.769	Noun
hangmen	1.769	Noun
hankered	1.769	Verb
hankers	1.769	Noun
haoles	1.769	Noun
hardhat	1.769	Verb
hardhats	1.769	Noun
hardily	1.769	Adverb
hardline	1.769	Adjective
hareem	1.769	Verb
harems	1.769	Noun
harman	1.769	Name
harmel	1.769	Name
harpers	1.769	Name
harpist	1.769	Noun
harpists	1.769	Noun
harrows	1.769	Noun
hasnt	1.769	#N/A
hasting	1.769	Verb
hateable	1.769	Adjective
hatless	1.769	Adjective
hattery	1.769	Noun
haulage	1.769	Noun
hause	1.769	Name
hawed	1.769	Verb
haycock	1.769	Name
hazed	1.769	Verb
headachy	1.769	Adjective
headwear	1.769	Noun
hearer	1.769	Noun
heartful	1.769	Adjective
hearths	1.769	Noun
heartier	1.769	Adjective
hebraic	1.769	Noun
heckles	1.769	Verb
hectare	1.769	Noun
hedonist	1.769	Noun
heer	1.769	Verb
hefted	1.769	Verb
heisting	1.769	Verb
helical	1.769	Adjective
helminth	1.769	Noun
helvetic	1.769	Adjective
hematite	1.769	Noun
hencoop	1.769	Noun
heo	1.769	Noun
heralds	1.769	Noun
heresies	1.769	Noun
herl	1.769	Noun
hermetic	1.769	Adjective
herniate	1.769	Verb
herons	1.769	Noun
heteros	1.769	Noun
hewed	1.769	Verb
hexing	1.769	Verb
hiatal	1.769	Adjective
highlife	1.769	Noun
hilar	1.769	Adjective
hinders	1.769	Verb
hinging	1.769	Verb
hipbone	1.769	Noun
hirst	1.769	Name
hist	1.769	Noun
hoagy	1.769	Name
hoards	1.769	Verb
hoaxed	1.769	Verb
hoboing	1.769	Verb
hobs	1.769	Noun
hoedowns	1.769	Noun
hogger	1.769	Noun
hogtied	1.769	Verb
hoister	1.769	Noun
holdouts	1.769	Noun
holi	1.769	Noun
homeling	1.769	Verb
hominoid	1.769	Noun
honduran	1.769	Adjective
hooches	1.769	Noun
hoodies	1.769	Noun
hookah	1.769	Noun
hoovers	1.769	Noun
hoper	1.769	Noun
hornero	1.769	Noun
hosel	1.769	Noun
hotbox	1.769	Noun
hotcake	1.769	Verb
hotlines	1.769	Noun
hotpot	1.769	Noun
hotspot	1.769	Noun
hotspots	1.769	Noun
hotspur	1.769	Noun
hough	1.769	Name
housel	1.769	Noun
houser	1.769	Name
housers	1.769	Name
hts	1.769	Noun
hubbies	1.769	Noun
hulas	1.769	Noun
hulked	1.769	Verb
hulks	1.769	Noun
humbugs	1.769	Noun
humorist	1.769	Noun
humoured	1.769	Verb
hutches	1.769	Noun
hybrida	1.769	Noun
hyd	1.769	Verb
hye	1.769	Noun
hyphae	1.769	Noun
hyphema	1.769	Noun
hyping	1.769	Verb
hyrax	1.769	Noun
iamb	1.769	Noun
iambics	1.769	Noun
iba	1.769	Noun
iceboat	1.769	Noun
icebound	1.769	Verb
iceboxes	1.769	Noun
icefall	1.769	Noun
ideation	1.769	Noun
idee	1.769	Noun
idlest	1.769	Adjective
idolise	1.769	Verb
idolises	1.769	Verb
idyll	1.769	Noun
ifrit	1.769	Noun
igitur	1.769	Noun
ignorer	1.769	Noun
iii	1.769	Number
ilea	1.769	Name
ileus	1.769	Noun
illest	1.769	Adjective
illogic	1.769	Adjective
illusory	1.769	Adjective
imaged	1.769	Verb
imbed	1.769	Verb
imbuing	1.769	Verb
immunize	1.769	Verb
impaling	1.769	Verb
imparts	1.769	Verb
impasto	1.769	Noun
impinged	1.769	Verb
impious	1.769	Adjective
implodes	1.769	Verb
imputed	1.769	Verb
imu	1.769	Noun
inanely	1.769	Adverb
incising	1.769	Verb
incubi	1.769	Noun
indef	1.769	Verb
indexed	1.769	Verb
indexer	1.769	Noun
indices	1.769	Noun
indies	1.769	Noun
indurite	1.769	Noun
infame	1.769	Noun
infarct	1.769	Noun
infers	1.769	Verb
infra	1.769	Adverb
ingests	1.769	Verb
ingle	1.769	Verb
ingot	1.769	Noun
inimical	1.769	Adjective
injures	1.769	Verb
injust	1.769	Verb
inkblot	1.769	Noun
inkblots	1.769	Noun
inker	1.769	Noun
inlays	1.769	Verb
inputs	1.769	Verb
inquires	1.769	Verb
insole	1.769	Noun
instable	1.769	Adjective
instants	1.769	Noun
instate	1.769	Verb
int	1.769	Noun
integers	1.769	Noun
intercut	1.769	Verb
intima	1.769	Noun
intimal	1.769	Adjective
intime	1.769	Noun
intuited	1.769	Verb
inv	1.769	Noun
inverter	1.769	Noun
inverts	1.769	Verb
invitee	1.769	Noun
iodized	1.769	Verb
ionised	1.769	Verb
iou	1.769	Noun
ipse	1.769	Unclassified
iranian	1.769	Adjective
ise	1.769	Verb
islander	1.769	Noun
isotonic	1.769	Adjective
iwa	1.769	Noun
jacobean	1.769	Adjective
jacquard	1.769	Noun
jailing	1.769	Verb
jailor	1.769	Noun
jalopies	1.769	Noun
jalops	1.769	Noun
jamb	1.769	Noun
jambo	1.769	Noun
jambon	1.769	Name
jangled	1.769	Verb
jangles	1.769	Verb
jawline	1.769	Verb
jazzman	1.769	Noun
jete	1.769	Noun
jeunesse	1.769	Unclassified
jewry	1.769	Name
jiao	1.769	Noun
jiffies	1.769	Noun
jigaboos	1.769	Noun
jigsaws	1.769	Noun
jilt	1.769	Verb
jilting	1.769	Verb
jimjams	1.769	Noun
jingled	1.769	Verb
jobbers	1.769	Noun
jobson	1.769	Name
jocker	1.769	Noun
jockeyed	1.769	Verb
jodhpur	1.769	Verb
jointed	1.769	Verb
jolliest	1.769	Adjective
jolting	1.769	Verb
jonquil	1.769	Noun
journos	1.769	Noun
jovian	1.769	Adjective
joyant	1.769	Name
jugheads	1.769	Noun
jujube	1.769	Verb
juked	1.769	Verb
junkers	1.769	Noun
juntas	1.769	Noun
justicer	1.769	Noun
jutes	1.769	Noun
kaffirs	1.769	Noun
kafiri	1.769	Noun
kain	1.769	Verb
kaisers	1.769	Noun
kaka	1.769	Name
kansans	1.769	Noun
kaph	1.769	Noun
kapok	1.769	Verb
karo	1.769	Noun
karoo	1.769	Noun
kats	1.769	Verb
kazoos	1.769	Noun
keat	1.769	Name
keffiyeh	1.769	Noun
keisters	1.769	Noun
kenneled	1.769	Verb
kepi	1.769	Noun
keratin	1.769	Noun
kerel	1.769	Name
kerns	1.769	Noun
kero	1.769	Noun
kesar	1.769	Verb
ketone	1.769	Verb
kidskin	1.769	Noun
kifs	1.769	Noun
killy	1.769	Adverb
kimbo	1.769	Name
kinbote	1.769	Name
kindles	1.769	Verb
kindlier	1.769	Adjective
kine	1.769	Noun
kinfolks	1.769	Noun
kiri	1.769	Name
kirkyard	1.769	Name
kishon	1.769	Name
kitted	1.769	Verb
kittles	1.769	Noun
klaxons	1.769	Noun
knab	1.769	#N/A
knacker	1.769	Noun
knackers	1.769	Noun
kneeler	1.769	Noun
kneepad	1.769	Noun
knifing	1.769	Verb
knifings	1.769	Noun
knitter	1.769	Noun
knotting	1.769	Verb
knuckler	1.769	Noun
kokam	1.769	Noun
kolas	1.769	Name
kon	1.769	Name
koolau	1.769	Noun
kop	1.769	Name
kops	1.769	Noun
korin	1.769	Name
kors	1.769	Name
kowtowed	1.769	Verb
kultur	1.769	Noun
kurta	1.769	Name
labile	1.769	Noun
lackland	1.769	Name
laconic	1.769	Adjective
lacuna	1.769	Noun
laddered	1.769	Verb
lades	1.769	Noun
lairy	1.769	Noun
laissez	1.769	Verb
lambeau	1.769	Noun
lambent	1.769	Noun
lambkin	1.769	Noun
lamed	1.769	Verb
lancets	1.769	Noun
lanyards	1.769	Noun
lapsing	1.769	Verb
larker	1.769	Name
larkspur	1.769	Noun
laserjet	1.769	Noun
lassoes	1.769	Noun
lassoing	1.769	Verb
lated	1.769	Adjective
latency	1.769	Noun
latinate	1.769	Adjective
latke	1.769	Noun
lauded	1.769	Verb
lauds	1.769	Noun
lav	1.769	Noun
lavishly	1.769	Adverb
lawyerly	1.769	Adverb
laze	1.769	Verb
lbw	1.769	Adverb
leached	1.769	Verb
leacher	1.769	Noun
leaching	1.769	Noun
leaflet	1.769	Noun
leakages	1.769	Noun
leant	1.769	Verb
leavened	1.769	Adjective
leavers	1.769	Noun
lechers	1.769	Noun
leds	1.769	Noun
leered	1.769	Verb
leeward	1.769	Adverb
leftists	1.769	Noun
legatos	1.769	Noun
legging	1.769	Verb
legman	1.769	Noun
lehrman	1.769	Name
lekker	1.769	Adjective
lemurs	1.769	Noun
lenience	1.769	Noun
lenten	1.769	Verb
lento	1.769	Name
lethe	1.769	Name
leveret	1.769	Noun
levying	1.769	Verb
lewdly	1.769	Adverb
lewises	1.769	Name
libbers	1.769	Noun
libeled	1.769	Verb
liber	1.769	Noun
libera	1.769	Noun
liberum	1.769	Noun
lickers	1.769	Noun
lickety	1.769	Adjective
lidless	1.769	Adjective
ligated	1.769	Verb
liger	1.769	Noun
lightish	1.769	Adjective
likening	1.769	Verb
likest	1.769	Adjective
lile	1.769	Noun
lilium	1.769	Unclassified
lim	1.769	Verb
liman	1.769	Name
limiteds	1.769	Noun
linker	1.769	Noun
linky	1.769	Adjective
linnet	1.769	Noun
linotype	1.769	Noun
linty	1.769	Noun
lipids	1.769	Noun
lipoma	1.769	Noun
liqueurs	1.769	Noun
lithe	1.769	Adjective
liveries	1.769	Noun
liverish	1.769	Verb
livor	1.769	Noun
loafs	1.769	Verb
loather	1.769	Name
lobs	1.769	Verb
locater	1.769	Noun
locaters	1.769	Noun
loci	1.769	Noun
lockets	1.769	Noun
lockups	1.769	Noun
locoweed	1.769	Verb
logistic	1.769	Adjective
logon	1.769	Noun
logy	1.769	Noun
loiters	1.769	Noun
lollies	1.769	Noun
lollypop	1.769	Noun
longies	1.769	Noun
longship	1.769	Noun
lood	1.769	Verb
loof	1.769	Noun
lookup	1.769	Noun
loomed	1.769	Verb
looses	1.769	Verb
loosest	1.769	Adjective
loping	1.769	Verb
lopping	1.769	Verb
loran	1.769	Name
lorded	1.769	Verb
lordosis	1.769	Noun
loudness	1.769	Noun
loupe	1.769	Noun
louses	1.769	Noun
lousing	1.769	Verb
louvers	1.769	Noun
loveful	1.769	Adjective
lubberly	1.769	Adverb
lucan	1.769	Name
luckies	1.769	Noun
luckless	1.769	Adjective
lumbers	1.769	Verb
lummy	1.769	Noun
lumpiest	1.769	Adjective
lunars	1.769	Noun
lunas	1.769	Name
lunate	1.769	Noun
lunging	1.769	Adjective
lupine	1.769	Noun
lurches	1.769	Verb
lurked	1.769	Verb
lushing	1.769	Verb
lustily	1.769	Adverb
lut	1.769	Verb
lychgate	1.769	Name
lygus	1.769	Name
lynchers	1.769	Noun
lynches	1.769	Verb
lyra	1.769	Name
lyricism	1.769	Noun
lyse	1.769	Verb
lysis	1.769	Noun
maces	1.769	Verb
machan	1.769	Noun
madres	1.769	Name
maestros	1.769	Noun
mafiosi	1.769	Noun
magdalen	1.769	Name
maggiore	1.769	Noun
magnates	1.769	Noun
magnetos	1.769	Noun
magots	1.769	Name
magpies	1.769	Noun
magyars	1.769	Noun
maha	1.769	Name
mahdi	1.769	Noun
mahone	1.769	Name
mainmast	1.769	Noun
majora	1.769	Noun
makable	1.769	Adjective
makeups	1.769	Noun
malar	1.769	Name
malaya	1.769	Name
malays	1.769	Noun
malefic	1.769	Adjective
mallards	1.769	Noun
maltreat	1.769	Verb
malvin	1.769	Name
mana	1.769	Noun
manatees	1.769	Noun
mandala	1.769	Noun
manes	1.769	Noun
manfully	1.769	Adverb
manhoods	1.769	Noun
manhunts	1.769	Noun
manics	1.769	Noun
manse	1.769	Noun
mantles	1.769	Noun
manton	1.769	Name
manuring	1.769	Verb
manus	1.769	Name
manx	1.769	Adjective
maquette	1.769	Noun
marimba	1.769	Noun
marled	1.769	Adjective
marly	1.769	Name
marm	1.769	Noun
maro	1.769	Noun
marring	1.769	Verb
masers	1.769	Noun
matadors	1.769	Noun
mateless	1.769	Adjective
materiel	1.769	Noun
matrons	1.769	Noun
mattock	1.769	Noun
matza	1.769	Noun
mauls	1.769	Verb
maxima	1.769	Noun
maximal	1.769	Adjective
maximise	1.769	Verb
mayest	1.769	Adjective
mcg	1.769	Noun
meads	1.769	Noun
meatier	1.769	Adjective
meconium	1.769	Noun
mediated	1.769	Verb
medica	1.769	Name
medicals	1.769	Noun
medio	1.769	Noun
medusan	1.769	Adjective
meed	1.769	Noun
megabits	1.769	Noun
megabyte	1.769	Noun
megara	1.769	#N/A
megawatt	1.769	Verb
megillah	1.769	Noun
meiosis	1.769	Noun
memoire	1.769	Noun
menorahs	1.769	Noun
menses	1.769	Noun
mentored	1.769	Verb
mercers	1.769	Name
merd	1.769	Noun
merfolk	1.769	Noun
merling	1.769	Name
meshugga	1.769	Noun
mesilla	1.769	Name
meson	1.769	Noun
mestizos	1.769	Noun
meting	1.769	Verb
metros	1.769	#N/A
mezcal	1.769	Noun
mfd	1.769	Name
mgr	1.769	Name
miaows	1.769	Verb
miasms	1.769	Noun
midpoint	1.769	Noun
midriffs	1.769	Noun
midsized	1.769	Adjective
midwifed	1.769	Verb
mightly	1.769	Name
mikvah	1.769	Noun
milanese	1.769	Noun
mildest	1.769	Adjective
miler	1.769	Noun
militate	1.769	Verb
millenia	1.769	Noun
milter	1.769	Name
mima	1.769	Name
mimetic	1.769	Adjective
minaret	1.769	Noun
minces	1.769	Verb
minders	1.769	Noun
minge	1.769	Noun
minicams	1.769	Verb
minim	1.769	Noun
minimax	1.769	Noun
minimums	1.769	Noun
minimus	1.769	Noun
minis	1.769	Noun
minisub	1.769	Noun
minot	1.769	Verb
misc	1.769	Noun
mise	1.769	Noun
mishear	1.769	Verb
missives	1.769	Noun
mistery	1.769	Noun
mitre	1.769	Noun
mizar	1.769	Verb
moaners	1.769	Noun
moccasin	1.769	Noun
modality	1.769	Noun
moderns	1.769	Noun
modifier	1.769	Noun
modifies	1.769	Verb
mohawks	1.769	Noun
moke	1.769	Name
moko	1.769	Noun
mone	1.769	Verb
monetize	1.769	Verb
moneyed	1.769	Adjective
moneyman	1.769	Noun
monic	1.769	Adjective
monkfish	1.769	Noun
mooched	1.769	Verb
moodily	1.769	Adverb
moony	1.769	Adjective
moorman	1.769	Name
mooth	1.769	Noun
morels	1.769	Noun
morphs	1.769	Noun
mortared	1.769	Verb
moseys	1.769	Verb
moshing	1.769	Noun
mossy	1.769	Adjective
motile	1.769	Adjective
mottled	1.769	Adjective
moussed	1.769	Verb
movingly	1.769	Adverb
mown	1.769	Verb
muckers	1.769	Noun
mudpack	1.769	Verb
muds	1.769	Noun
mudsling	1.769	Verb
muffs	1.769	Noun
muggs	1.769	Name
mukluk	1.769	Verb
muktar	1.769	Noun
mulching	1.769	Adjective
mulefoot	1.769	Noun
mullah	1.769	Name
mullens	1.769	Noun
mullets	1.769	Noun
mummers	1.769	Noun
mummery	1.769	Noun
mumming	1.769	Verb
mund	1.769	Noun
muscly	1.769	Adverb
mustards	1.769	Noun
mustnt	1.769	Verb
mutely	1.769	Adverb
mutinied	1.769	Verb
muttons	1.769	Noun
mutuals	1.769	Noun
muzzler	1.769	Noun
mysel	1.769	Verb
mzee	1.769	Noun
naiad	1.769	Noun
nailhead	1.769	Noun
naively	1.769	Adverb
nak	1.769	Name
namby	1.769	Noun
nanoid	1.769	Noun
nards	1.769	Noun
narwhals	1.769	Name
natrium	1.769	Noun
natron	1.769	Name
natter	1.769	Noun
nauseum	1.769	Noun
nawab	1.769	Noun
nea	1.769	Noun
nebulae	1.769	Noun
neckwear	1.769	Noun
needful	1.769	Adjective
needham	1.769	Name
neer	1.769	Noun
negroid	1.769	Name
negus	1.769	Noun
neighed	1.769	Verb
neomycin	1.769	Noun
neonates	1.769	Verb
nepalese	1.769	Adjective
nertz	1.769	Verb
nesh	1.769	#N/A
nessus	1.769	Name
neuritis	1.769	Noun
neurone	1.769	Noun
neutrals	1.769	Noun
newsy	1.769	Noun
niacin	1.769	Noun
niagra	1.769	Name
nicety	1.769	Noun
nichts	1.769	Unclassified
nidal	1.769	Name
nigella	1.769	Noun
nimrods	1.769	Noun
ninos	1.769	Noun
nitrite	1.769	Noun
nitty	1.769	Adjective
nixing	1.769	Verb
nobby	1.769	Name
nobelium	1.769	Noun
nodule	1.769	Noun
noes	1.769	Noun
nolle	1.769	Noun
nomen	1.769	Noun
nonevent	1.769	Noun
nonpaid	1.769	Verb
nonslip	1.769	Adjective
nonunion	1.769	Noun
noonday	1.769	Noun
normals	1.769	Noun
nosegay	1.769	Noun
noshing	1.769	Verb
nostic	1.769	Name
notepads	1.769	Noun
novela	1.769	Noun
novella	1.769	Noun
noways	1.769	Noun
nth	1.769	Number
nubs	1.769	Noun
nudism	1.769	Noun
nudnik	1.769	Noun
nuking	1.769	Verb
nul	1.769	Verb
nullus	1.769	Noun
nunc	1.769	Unclassified
nuzzled	1.769	Verb
nymphal	1.769	Adjective
nymphet	1.769	Noun
oafish	1.769	Adjective
oaken	1.769	Adjective
oba	1.769	#N/A
obdurate	1.769	Adjective
oblate	1.769	Verb
oboes	1.769	Noun
obsesses	1.769	Verb
obviate	1.769	Verb
occiput	1.769	Noun
occlude	1.769	Verb
ocelot	1.769	Verb
ocotillo	1.769	Noun
oct	1.769	Name
octopi	1.769	Noun
oculus	1.769	Name
odder	1.769	Adjective
odel	1.769	Name
odours	1.769	Noun
ohms	1.769	Noun
oii	1.769	Noun
oik	1.769	Noun
oilpaper	1.769	Noun
oinks	1.769	Verb
oint	1.769	Verb
okaying	1.769	Verb
olympiad	1.769	Noun
onca	1.769	Noun
oncidium	1.769	Noun
oneida	1.769	Noun
onerous	1.769	Adjective
onliest	1.769	Adjective
onlooker	1.769	Noun
oozy	1.769	Adjective
ophir	1.769	Name
opining	1.769	Verb
opposer	1.769	Noun
orate	1.769	Verb
oratorio	1.769	Noun
orators	1.769	Noun
orl	1.769	Verb
ormolu	1.769	Noun
orotund	1.769	Noun
ose	1.769	Name
ossa	1.769	Noun
osseous	1.769	Adjective
ostinato	1.769	Noun
otoscope	1.769	Noun
ototoxic	1.769	Adjective
outdoing	1.769	Verb
outdrink	1.769	Verb
outfly	1.769	Adverb
outfox	1.769	Verb
outgrows	1.769	Verb
outguess	1.769	Verb
outlasts	1.769	Verb
outlawry	1.769	Noun
outlays	1.769	Noun
outplay	1.769	Verb
outruns	1.769	Verb
outsell	1.769	Verb
outstare	1.769	Verb
outstay	1.769	Verb
outswim	1.769	Verb
outwater	1.769	Noun
outwork	1.769	Noun
overate	1.769	Verb
overbid	1.769	Verb
overbill	1.769	Verb
overby	1.769	Name
overdub	1.769	Verb
overfond	1.769	Noun
overlaid	1.769	Verb
overleaf	1.769	Adverb
overlock	1.769	Noun
overpay	1.769	Verb
overpays	1.769	Verb
overrate	1.769	Verb
oversea	1.769	Noun
oversew	1.769	Verb
overtax	1.769	Verb
ovoid	1.769	Adjective
oxblood	1.769	Verb
oxbow	1.769	Noun
oxidants	1.769	Noun
oxidase	1.769	Noun
oxidizer	1.769	Noun
oxman	1.769	Name
packings	1.769	Noun
padroni	1.769	Noun
pageboys	1.769	Noun
paisanos	1.769	Noun
pala	1.769	Noun
palais	1.769	Noun
palest	1.769	Adjective
palfrey	1.769	Noun
palmtop	1.769	Noun
palmy	1.769	Adjective
palsied	1.769	Verb
paly	1.769	Name
panatela	1.769	Noun
panders	1.769	Verb
pandowdy	1.769	Adjective
pandy	1.769	Name
panelled	1.769	Verb
papacy	1.769	Noun
papists	1.769	Noun
papooses	1.769	Verb
papules	1.769	Noun
paras	1.769	Noun
parc	1.769	Noun
parch	1.769	Verb
pared	1.769	Verb
paren	1.769	Noun
parentis	1.769	Adverb
paresis	1.769	Noun
pareus	1.769	Name
parli	1.769	Noun
parodies	1.769	Noun
paroxysm	1.769	Noun
parried	1.769	Verb
pars	1.769	Noun
parsec	1.769	Noun
parsing	1.769	Verb
parsnips	1.769	Noun
parvenus	1.769	Noun
pase	1.769	Verb
passings	1.769	Noun
passives	1.769	Noun
passkeys	1.769	Noun
pata	1.769	Noun
pathless	1.769	Adjective
patin	1.769	Name
pato	1.769	Noun
pattee	1.769	Noun
pattypan	1.769	Noun
pau	1.769	Noun
paves	1.769	Verb
peacoat	1.769	Noun
peaky	1.769	Adjective
pean	1.769	Adjective
peart	1.769	Name
peason	1.769	Name
pectins	1.769	Noun
pedalled	1.769	Verb
peddlar	1.769	Adjective
peddled	1.769	Verb
pedlars	1.769	Noun
peds	1.769	Noun
peelers	1.769	Noun
peiping	1.769	Name
pelvics	1.769	Noun
penances	1.769	Noun
pendent	1.769	Noun
pendente	1.769	Noun
penning	1.769	Verb
penology	1.769	Noun
peony	1.769	Noun
peplum	1.769	Noun
pepped	1.769	Verb
peppier	1.769	Adjective
pepsin	1.769	Noun
perfuse	1.769	Verb
perianal	1.769	Adjective
permed	1.769	Adjective
perms	1.769	Noun
perplex	1.769	Verb
perse	1.769	Noun
perturb	1.769	Verb
peste	1.769	Noun
pesters	1.769	Verb
pesthole	1.769	Noun
petrify	1.769	Verb
pfennig	1.769	Noun
phenix	1.769	Noun
phlegmy	1.769	Adjective
phono	1.769	Noun
phoo	1.769	Noun
phrygia	1.769	Noun
phut	1.769	Verb
physalia	1.769	Noun
pibroch	1.769	Noun
picadors	1.769	Noun
picante	1.769	Noun
pickaxes	1.769	Noun
pickler	1.769	Noun
pict	1.769	Noun
piedra	1.769	Noun
pieta	1.769	Noun
piff	1.769	Noun
pigmies	1.769	Noun
pigskins	1.769	Noun
pil	1.769	Name
pilcher	1.769	Name
pilin	1.769	Noun
pilsner	1.769	Noun
pimpled	1.769	Adjective
pinballs	1.769	Noun
pinked	1.769	Verb
pinker	1.769	Adjective
pinkeye	1.769	Verb
pinkos	1.769	Noun
pinocle	1.769	Noun
pinon	1.769	Noun
pintos	1.769	Name
pinus	1.769	Noun
pinworms	1.769	Noun
pions	1.769	Noun
pippins	1.769	Noun
piquancy	1.769	Noun
piques	1.769	Verb
pirozhki	1.769	Noun
piscine	1.769	Verb
pisk	1.769	Noun
pissers	1.769	Noun
pizazz	1.769	Verb
plaice	1.769	Noun
plainest	1.769	Adjective
planking	1.769	Noun
plasm	1.769	Noun
plateaus	1.769	Noun
plater	1.769	Noun
plinking	1.769	Verb
pliocene	1.769	Name
plodders	1.769	Noun
plods	1.769	Verb
plowmen	1.769	Noun
plugger	1.769	Noun
plummy	1.769	Noun
plumped	1.769	Verb
plunked	1.769	Verb
plunks	1.769	Verb
plushy	1.769	Adjective
pluton	1.769	Noun
poaches	1.769	Verb
podcast	1.769	Noun
podesta	1.769	Name
poetical	1.769	Adjective
poha	1.769	Name
pointier	1.769	Noun
polars	1.769	Name
poleaxed	1.769	Verb
polecats	1.769	Noun
polemic	1.769	Noun
politick	1.769	Verb
polluter	1.769	Noun
pommy	1.769	Adjective
poms	1.769	Noun
pontifex	1.769	Noun
pooed	1.769	Verb
popery	1.769	Noun
popover	1.769	Noun
populous	1.769	Adjective
porc	1.769	Noun
porkers	1.769	Noun
posited	1.769	Verb
positron	1.769	Noun
posits	1.769	Verb
potables	1.769	Noun
potful	1.769	Adjective
potti	1.769	Name
pouched	1.769	Verb
pounders	1.769	Noun
poussin	1.769	Noun
pouter	1.769	Noun
poy	1.769	Noun
pranced	1.769	Verb
pranging	1.769	Verb
prate	1.769	Noun
prating	1.769	Verb
preciso	1.769	Noun
predate	1.769	Verb
prefaced	1.769	Verb
prefaces	1.769	Noun
prefects	1.769	Noun
prefixes	1.769	Noun
preman	1.769	Name
prendre	1.769	Noun
preps	1.769	Noun
presage	1.769	Verb
presold	1.769	Verb
presser	1.769	Noun
pressie	1.769	Noun
prester	1.769	Name
pret	1.769	Verb
preta	1.769	Name
pretexts	1.769	Noun
priapism	1.769	Noun
pricier	1.769	Adjective
prie	1.769	Noun
prigs	1.769	Noun
prill	1.769	Name
primero	1.769	Name
primers	1.769	Noun
primos	1.769	Noun
primped	1.769	Verb
priori	1.769	Adjective
prn	1.769	Name
profaner	1.769	Noun
profs	1.769	Noun
profuse	1.769	Adjective
prog	1.769	Noun
prole	1.769	Name
pronged	1.769	Verb
propound	1.769	Verb
prosequi	1.769	Noun
proteges	1.769	Noun
prov	1.769	Verb
prowled	1.769	Verb
proxima	1.769	Name
prudery	1.769	Noun
prussic	1.769	Adjective
psia	1.769	#N/A
pua	1.769	Noun
pueblos	1.769	Noun
pugilism	1.769	Noun
pugilist	1.769	Noun
puky	1.769	Adjective
pul	1.769	Noun
puling	1.769	Verb
pulis	1.769	Noun
pullers	1.769	Noun
pullmans	1.769	Noun
pulping	1.769	Verb
pulsated	1.769	Verb
punchier	1.769	Adjective
punny	1.769	Noun
pupae	1.769	Noun
pupas	1.769	Noun
puppetry	1.769	Noun
pur	1.769	Noun
purblind	1.769	Adjective
purdon	1.769	Noun
purists	1.769	Noun
purled	1.769	Verb
purs	1.769	Noun
pursed	1.769	Verb
purulent	1.769	Adjective
putdowns	1.769	Noun
puting	1.769	Verb
putrefy	1.769	Verb
putti	1.769	Name
pylori	1.769	Noun
pyorrhea	1.769	Noun
pyres	1.769	Noun
pyrite	1.769	Noun
pyrrhus	1.769	Noun
pythias	1.769	Name
quackery	1.769	Noun
qual	1.769	Name
qualm	1.769	Verb
quanti	1.769	Noun
quashed	1.769	Verb
quatrain	1.769	Noun
queerer	1.769	Adjective
queering	1.769	Verb
quelled	1.769	Verb
quenelle	1.769	Noun
quibbles	1.769	Noun
quicks	1.769	Noun
quietude	1.769	Noun
quinones	1.769	Noun
quinta	1.769	Name
quintal	1.769	Adjective
quinze	1.769	Name
quiting	1.769	Verb
quito	1.769	Name
quixotes	1.769	Name
rabbity	1.769	Adjective
racker	1.769	Noun
radeau	1.769	Name
radion	1.769	Noun
raffia	1.769	Noun
rafted	1.769	Verb
ragbags	1.769	Noun
rageous	1.769	Adjective
raggy	1.769	Adjective
ragman	1.769	Noun
railcar	1.769	Noun
raisers	1.769	Noun
rajahs	1.769	Noun
raki	1.769	Noun
rallye	1.769	Verb
rampages	1.769	Noun
rampler	1.769	Name
ranched	1.769	Verb
ranchero	1.769	Noun
randier	1.769	Adjective
randle	1.769	Name
randoms	1.769	Noun
ranker	1.769	Noun
rankest	1.769	Adjective
ransoms	1.769	Noun
ranted	1.769	Verb
rapacity	1.769	Noun
rarified	1.769	Verb
rassling	1.769	Verb
rattraps	1.769	Noun
rattus	1.769	Noun
ravager	1.769	Noun
ravers	1.769	Noun
raviolis	1.769	Noun
rawness	1.769	Noun
reactant	1.769	Adjective
reagents	1.769	Noun
rearming	1.769	Verb
reassert	1.769	Verb
reassume	1.769	Verb
reave	1.769	Verb
rebekah	1.769	Name
rebop	1.769	Noun
reburial	1.769	Adjective
rebury	1.769	Verb
recking	1.769	Verb
reclothe	1.769	Verb
rectums	1.769	Noun
recur	1.769	Verb
recurs	1.769	Verb
redbird	1.769	Noun
redbirds	1.769	Noun
redden	1.769	Verb
redlined	1.769	Verb
refered	1.769	Verb
reffing	1.769	Verb
refilter	1.769	Verb
refiner	1.769	Noun
refinish	1.769	Verb
refired	1.769	#N/A
reflets	1.769	Noun
refract	1.769	Verb
refreeze	1.769	Verb
refs	1.769	Noun
refusals	1.769	Noun
regally	1.769	Adverb
regalo	1.769	Noun
reget	1.769	Verb
rego	1.769	Name
rehabs	1.769	Noun
rehiring	1.769	Verb
rehung	1.769	Verb
reined	1.769	Verb
reinvite	1.769	Noun
reissues	1.769	Verb
reivers	1.769	Verb
rejigger	1.769	Verb
relaxer	1.769	Noun
relearn	1.769	Verb
relegate	1.769	Verb
relents	1.769	Verb
relict	1.769	Noun
relives	1.769	Verb
reloader	1.769	Noun
relume	1.769	Verb
remorses	1.769	Noun
remount	1.769	Verb
remounts	1.769	Verb
removals	1.769	Noun
remuda	1.769	Noun
rends	1.769	Verb
renews	1.769	Verb
rennet	1.769	Noun
reoccurs	1.769	Verb
reorient	1.769	Noun
replate	1.769	Verb
repledge	1.769	Verb
reposed	1.769	Verb
reposes	1.769	Verb
reposit	1.769	Verb
reproof	1.769	Noun
reprove	1.769	Verb
reran	1.769	Noun
rerecord	1.769	Noun
rerig	1.769	Verb
rescan	1.769	Noun
reseed	1.769	Verb
reseeded	1.769	Verb
resend	1.769	Verb
reshapes	1.769	Verb
reship	1.769	Noun
restage	1.769	Verb
restaged	1.769	Verb
restitch	1.769	Verb
resty	1.769	Noun
retailer	1.769	Noun
rethread	1.769	Verb
retorts	1.769	Verb
retraces	1.769	Verb
retracts	1.769	Verb
retune	1.769	Noun
retunes	1.769	Noun
retype	1.769	Verb
reunites	1.769	Verb
reveries	1.769	Noun
revote	1.769	Verb
revues	1.769	Noun
rew	1.769	Noun
rewashes	1.769	Verb
rewinds	1.769	Verb
rexes	1.769	Name
rhea	1.769	Name
rhenish	1.769	Adjective
rhinitis	1.769	Noun
rhodium	1.769	Noun
rhymer	1.769	Noun
ricers	1.769	Noun
ricinus	1.769	Noun
ridable	1.769	Adjective
ridged	1.769	Adjective
ridgy	1.769	Adjective
ries	1.769	Noun
righten	1.769	Verb
righties	1.769	Noun
rimmer	1.769	Name
rinses	1.769	Noun
ripcord	1.769	Noun
ripeness	1.769	Noun
ripest	1.769	Adjective
riskiest	1.769	Adjective
risus	1.769	Noun
ritually	1.769	Adverb
riviere	1.769	Name
rivulet	1.769	Noun
rivulets	1.769	Noun
rix	1.769	Name
roadbed	1.769	Noun
rogan	1.769	Name
rogered	1.769	Verb
rollick	1.769	Verb
romped	1.769	Verb
rond	1.769	Verb
rongeur	1.769	Noun
roofers	1.769	Noun
roosted	1.769	Verb
roosts	1.769	Verb
rootless	1.769	Adjective
rootling	1.769	Verb
rosehill	1.769	Name
rosettes	1.769	Noun
rota	1.769	Noun
rottener	1.769	Noun
rouble	1.769	Noun
rouche	1.769	Name
rouged	1.769	Adjective
roundly	1.769	Adverb
roundups	1.769	Noun
rouses	1.769	Verb
roved	1.769	Verb
rowdier	1.769	Name
rowels	1.769	Noun
rubric	1.769	Noun
ruddock	1.769	Name
ruffly	1.769	Adverb
ruiner	1.769	Noun
ruing	1.769	Verb
rumpy	1.769	Name
rundle	1.769	Noun
runic	1.769	Adjective
runnion	1.769	Name
runout	1.769	Noun
runover	1.769	Noun
rupee	1.769	Noun
rustics	1.769	Noun
ryen	1.769	Name
saa	1.769	Noun
sabin	1.769	Name
sacrum	1.769	Noun
saddler	1.769	Noun
sager	1.769	Noun
sahibs	1.769	Noun
sailfish	1.769	Noun
sailings	1.769	Noun
sainte	1.769	Unclassified
salchow	1.769	Noun
saleable	1.769	Adjective
salinity	1.769	Noun
sall	1.769	Verb
salmons	1.769	Noun
salutary	1.769	Adjective
salvoed	1.769	Verb
salvos	1.769	Noun
salvy	1.769	Name
saman	1.769	Noun
sambas	1.769	Noun
sambos	1.769	Noun
sandbank	1.769	Noun
sandier	1.769	Adjective
sangamon	1.769	Noun
sapin	1.769	Name
sapper	1.769	Noun
sapphic	1.769	Adjective
sarongs	1.769	Noun
satai	1.769	Noun
sates	1.769	Noun
satiny	1.769	Noun
satiric	1.769	Adjective
saur	1.769	Verb
sav	1.769	Noun
savaging	1.769	Verb
savoured	1.769	Verb
savoyard	1.769	Name
scalable	1.769	Adjective
scalary	1.769	Name
scampers	1.769	Verb
scareder	1.769	Verb
scart	1.769	Name
scathe	1.769	Noun
scats	1.769	Noun
scepters	1.769	Noun
scherzo	1.769	Noun
schiz	1.769	Noun
schlump	1.769	Noun
schmos	1.769	Noun
schnooks	1.769	Noun
scirocco	1.769	Name
scolds	1.769	Verb
scorning	1.769	Verb
scotties	1.769	Noun
scourges	1.769	Noun
scours	1.769	Verb
scr	1.769	Noun
scrag	1.769	Noun
scraggy	1.769	Adjective
scree	1.769	Noun
scribbly	1.769	Adjective
scrotal	1.769	Adjective
scrumpy	1.769	Noun
scudding	1.769	Verb
scuffled	1.769	Verb
scungili	1.769	Noun
scurries	1.769	Verb
scytale	1.769	Noun
scythian	1.769	Adjective
sds	1.769	Name
seacraft	1.769	Verb
seater	1.769	Noun
seatings	1.769	Noun
seawall	1.769	Noun
seclude	1.769	Verb
secours	1.769	Verb
secretor	1.769	Noun
secundus	1.769	Name
sedating	1.769	Verb
sedges	1.769	Noun
seediest	1.769	Adjective
seedpod	1.769	Verb
seeling	1.769	Verb
segued	1.769	Verb
selenite	1.769	Noun
sellable	1.769	Adjective
semite	1.769	Noun
senoras	1.769	Noun
sensile	1.769	Adjective
sensus	1.769	Noun
sepoy	1.769	Noun
sepoys	1.769	Noun
sequelae	1.769	Noun
serfdom	1.769	Noun
serosal	1.769	Noun
serratus	1.769	Adjective
serv	1.769	Noun
servitor	1.769	Noun
setters	1.769	Noun
severer	1.769	Name
severs	1.769	Verb
sexists	1.769	Noun
sextants	1.769	Noun
sfm	1.769	Name
shabbier	1.769	Adjective
shadrach	1.769	Verb
shakier	1.769	Adjective
shallot	1.769	Noun
shamble	1.769	Verb
shandy	1.769	Noun
sharer	1.769	Noun
sharpish	1.769	Verb
shawnee	1.769	Name
sheaf	1.769	Noun
sheaths	1.769	Noun
sheeted	1.769	Verb
shies	1.769	Verb
shilla	1.769	Name
shimmies	1.769	Noun
shindigs	1.769	Noun
shiniest	1.769	Adjective
shippy	1.769	Name
shirked	1.769	Verb
shirkers	1.769	Noun
shirty	1.769	Noun
shivaree	1.769	Noun
shoetree	1.769	Noun
shoguns	1.769	Noun
shole	1.769	Noun
shoon	1.769	Noun
shootist	1.769	Noun
shor	1.769	Noun
shouter	1.769	Noun
shouters	1.769	Noun
showmen	1.769	Noun
shuting	1.769	Verb
shying	1.769	Verb
sibs	1.769	Noun
sickler	1.769	Noun
sidelong	1.769	Adjective
sideman	1.769	Noun
sidewise	1.769	Adverb
siemens	1.769	Name
sieur	1.769	#N/A
sillies	1.769	Noun
silurian	1.769	Adjective
silvas	1.769	Name
simians	1.769	Noun
simmered	1.769	Verb
simmers	1.769	Verb
simonize	1.769	Verb
simpers	1.769	Verb
simson	1.769	Name
singes	1.769	Verb
sinky	1.769	Name
sinter	1.769	Name
sipes	1.769	Verb
sipple	1.769	Name
sirup	1.769	Noun
sisal	1.769	Noun
sissonne	1.769	Noun
sistren	1.769	Noun
sitch	1.769	Noun
siting	1.769	Noun
sittings	1.769	Noun
sixish	1.769	Adverb
sizer	1.769	Noun
skeane	1.769	Noun
skedge	1.769	Noun
skelp	1.769	Verb
skycaps	1.769	Noun
skylarks	1.769	Noun
skyways	1.769	Noun
sla	1.769	Noun
slaked	1.769	Verb
slanging	1.769	Verb
slavey	1.769	Noun
sleave	1.769	Noun
sleepily	1.769	Adverb
sleighs	1.769	Noun
sleuths	1.769	Noun
slimier	1.769	Adjective
sliming	1.769	Verb
slimmest	1.769	Adjective
slims	1.769	Verb
slinked	1.769	Verb
slinks	1.769	Verb
slipway	1.769	Noun
slitch	1.769	Noun
slithy	1.769	Adjective
slogged	1.769	Verb
slogging	1.769	Verb
sloshes	1.769	Verb
slouched	1.769	Verb
sloucher	1.769	Noun
slugabed	1.769	Verb
sluggers	1.769	Noun
sluicing	1.769	Verb
slummy	1.769	Adjective
slurry	1.769	Noun
slutting	1.769	Verb
smacker	1.769	Noun
smarting	1.769	Verb
smelts	1.769	Noun
smidgin	1.769	Noun
smileys	1.769	Noun
smit	1.769	Noun
smitch	1.769	Noun
smiter	1.769	Noun
smogless	1.769	Adjective
smokies	1.769	Noun
smooched	1.769	Verb
snafus	1.769	Noun
snaggy	1.769	Name
snaky	1.769	Adjective
snaring	1.769	Verb
sneakier	1.769	Adjective
sneezer	1.769	Noun
sniffly	1.769	Adverb
sniggles	1.769	Noun
sniped	1.769	Verb
snippety	1.769	Noun
snitcher	1.769	Noun
snoozer	1.769	Noun
snoozy	1.769	Name
snowshoe	1.769	Verb
snubs	1.769	Verb
snuffles	1.769	Verb
soave	1.769	Verb
socky	1.769	Adjective
sodomise	1.769	Verb
soever	1.769	Verb
soh	1.769	Noun
soke	1.769	Name
solder	1.769	Verb
soldiery	1.769	Noun
soloing	1.769	Verb
solute	1.769	Noun
solvable	1.769	Adjective
solvers	1.769	Noun
someways	1.769	Noun
songster	1.769	Noun
songy	1.769	Noun
sonorous	1.769	Adjective
sooey	1.769	Noun
sooky	1.769	Name
soonish	1.769	Verb
sora	1.769	Noun
sorbets	1.769	Noun
sorbitol	1.769	Verb
sorest	1.769	Adjective
sortied	1.769	Verb
soubise	1.769	Noun
souchong	1.769	Verb
souled	1.769	Verb
sounders	1.769	Noun
souring	1.769	Verb
southing	1.769	Adjective
spacial	1.769	Adjective
spackled	1.769	Verb
spanners	1.769	Noun
sparker	1.769	Noun
sparkled	1.769	Verb
sparred	1.769	Verb
spars	1.769	Noun
spawns	1.769	Verb
speckly	1.769	Adverb
spectate	1.769	Verb
spectres	1.769	Noun
spences	1.769	Name
spense	1.769	Name
spews	1.769	Verb
spicey	1.769	Name
spigots	1.769	Noun
spinet	1.769	Noun
spinney	1.769	Noun
splayed	1.769	Verb
spleens	1.769	Noun
splet	1.769	Name
splines	1.769	Noun
splinted	1.769	Verb
spongers	1.769	Noun
spooney	1.769	Noun
sporran	1.769	Noun
sprits	1.769	Noun
spritzed	1.769	Verb
sps	1.769	Noun
spurge	1.769	Noun
spurns	1.769	Verb
squarest	1.769	Adjective
squashy	1.769	Adjective
squatty	1.769	Adjective
squdge	1.769	Noun
squiffed	1.769	Verb
squiffy	1.769	Adjective
squiggle	1.769	Noun
squireen	1.769	Noun
squirmed	1.769	Verb
squirms	1.769	Verb
squirter	1.769	Noun
squit	1.769	Noun
stabile	1.769	Adjective
stagy	1.769	Adjective
standee	1.769	Noun
stander	1.769	Name
standeth	1.769	Verb
stanza	1.769	Noun
staplers	1.769	Noun
starker	1.769	Name
starless	1.769	Adjective
stayer	1.769	Noun
staysail	1.769	Verb
stealy	1.769	Adjective
stearate	1.769	Verb
stenos	1.769	Noun
stent	1.769	Adjective
stenton	1.769	Name
steptoe	1.769	Name
stewpot	1.769	Noun
sticked	1.769	Verb
stickier	1.769	Adjective
stickman	1.769	Noun
stiffest	1.769	Adjective
stiffly	1.769	Adverb
stilt	1.769	Noun
stilton	1.769	Name
stine	1.769	Name
stinkbug	1.769	Verb
stinkpot	1.769	Noun
stinting	1.769	Verb
stints	1.769	Noun
stipe	1.769	Name
stivers	1.769	Name
stocker	1.769	Noun
stockers	1.769	Noun
stoles	1.769	Noun
stolid	1.769	Adjective
stoped	1.769	Verb
stoper	1.769	Name
stoutly	1.769	Adverb
stoved	1.769	Verb
stowing	1.769	Verb
strad	1.769	Noun
strafes	1.769	Verb
strate	1.769	Name
stratum	1.769	Noun
streamer	1.769	Noun
strew	1.769	Verb
strewed	1.769	Verb
strident	1.769	Adjective
strived	1.769	Verb
strutted	1.769	Verb
stubbled	1.769	Adjective
stubbly	1.769	Adjective
stuffier	1.769	Adjective
stumper	1.769	Noun
stumping	1.769	Verb
stunners	1.769	Noun
stylet	1.769	Noun
stylised	1.769	Verb
stylo	1.769	Noun
suba	1.769	Name
subadult	1.769	Noun
subduing	1.769	Verb
subfix	1.769	Verb
sublease	1.769	Verb
sublets	1.769	Noun
suborned	1.769	Verb
subsumed	1.769	Verb
subtlest	1.769	Adjective
subtotal	1.769	Adjective
subtype	1.769	Noun
sudd	1.769	Noun
sudser	1.769	Noun
suff	1.769	Name
suffix	1.769	Noun
suiters	1.769	Noun
sull	1.769	Name
sullying	1.769	Verb
summoner	1.769	Noun
sunbaths	1.769	Noun
sunbird	1.769	Noun
sunburns	1.769	Noun
sunder	1.769	Verb
sundered	1.769	Verb
sunni	1.769	Noun
supremos	1.769	Noun
surg	1.769	Noun
surtax	1.769	Noun
surtout	1.769	Verb
sutras	1.769	Noun
suzettes	1.769	Noun
swabbies	1.769	Noun
swaddled	1.769	Verb
swags	1.769	Noun
swearers	1.769	Noun
sweetens	1.769	Verb
swelter	1.769	Verb
swiggers	1.769	Noun
swindles	1.769	Noun
swiper	1.769	Noun
swished	1.769	Verb
swishy	1.769	Adjective
swiveled	1.769	Verb
swizz	1.769	Verb
synchs	1.769	Noun
synoptic	1.769	Adjective
syrupy	1.769	Adjective
syzygy	1.769	Noun
taal	1.769	Adjective
tabbies	1.769	Noun
tache	1.769	Noun
tackiest	1.769	Adjective
tacking	1.769	Verb
tackler	1.769	Noun
taffrail	1.769	Noun
taints	1.769	Verb
taka	1.769	Noun
taked	1.769	Verb
talles	1.769	Name
tallish	1.769	Verb
tallying	1.769	Verb
taloned	1.769	Adjective
tamarack	1.769	Name
tames	1.769	Verb
tamping	1.769	Verb
tangelo	1.769	Noun
tangoed	1.769	Verb
tansey	1.769	Name
tapper	1.769	Noun
tappings	1.769	Noun
tapu	1.769	Noun
tardily	1.769	Adverb
tarr	1.769	Name
tarried	1.769	Verb
tass	1.769	Name
tassie	1.769	Noun
tastiest	1.769	Adjective
tatou	1.769	Noun
tatted	1.769	Verb
tatu	1.769	Name
tautness	1.769	Noun
taverna	1.769	Noun
taxmen	1.769	Noun
tck	1.769	Name
teabag	1.769	Noun
teabags	1.769	Noun
teachery	1.769	Noun
teared	1.769	Verb
teasle	1.769	Name
technic	1.769	Adjective
tecum	1.769	Noun
tedder	1.769	Noun
tedeschi	1.769	Noun
teem	1.769	Verb
teems	1.769	Verb
teer	1.769	Name
teleph	1.769	Noun
telt	1.769	Verb
temblor	1.769	Noun
tempera	1.769	Noun
templum	1.769	Noun
tempos	1.769	Noun
tenancy	1.769	Noun
tendril	1.769	Noun
tention	1.769	Noun
tepees	1.769	Noun
tercel	1.769	Noun
terming	1.769	Verb
terrazzo	1.769	Noun
tessera	1.769	Noun
testator	1.769	Noun
tetras	1.769	Noun
teuton	1.769	Name
teutons	1.769	Noun
thankee	1.769	Noun
theistic	1.769	Adjective
thenar	1.769	Adjective
thicko	1.769	Noun
thicky	1.769	Name
thinglet	1.769	Noun
thirsts	1.769	Verb
thresh	1.769	Verb
throu	1.769	Noun
thuggery	1.769	Noun
thuggish	1.769	Verb
thujone	1.769	Noun
thwack	1.769	Verb
tibial	1.769	Adjective
tickly	1.769	Adjective
tidiness	1.769	Noun
tiepin	1.769	Noun
tiffin	1.769	Noun
tiffy	1.769	Noun
tift	1.769	Name
tigris	1.769	Name
tikes	1.769	Noun
tikka	1.769	Noun
tilbury	1.769	Name
tiled	1.769	Verb
tillet	1.769	Noun
tilter	1.769	Noun
timbal	1.769	Noun
timbrel	1.769	Noun
timidly	1.769	Adverb
tinhorns	1.769	Noun
tinkled	1.769	Verb
tinny	1.769	Adjective
tiro	1.769	Noun
tiros	1.769	Verb
titania	1.769	Noun
tithes	1.769	Noun
tithing	1.769	Noun
titi	1.769	Noun
titmice	1.769	Noun
titre	1.769	Noun
titters	1.769	Verb
tln	1.769	Noun
tng	1.769	Noun
toasties	1.769	Noun
toccata	1.769	Noun
toeing	1.769	Verb
toffy	1.769	Noun
toked	1.769	Verb
toking	1.769	Verb
tole	1.769	Noun
tollgate	1.769	Noun
toltec	1.769	Noun
tonality	1.769	Noun
tonk	1.769	Verb
tonne	1.769	Noun
tonsure	1.769	Noun
tontine	1.769	Noun
toolach	1.769	Verb
toolhead	1.769	Noun
tooted	1.769	Verb
tooter	1.769	Noun
toothier	1.769	Adjective
topi	1.769	Noun
topman	1.769	Noun
topmen	1.769	Noun
topspin	1.769	Noun
torchy	1.769	Noun
torte	1.769	Noun
tortes	1.769	Noun
toston	1.769	Name
totten	1.769	Name
totter	1.769	Verb
totty	1.769	Noun
toughens	1.769	Verb
toughs	1.769	Noun
toupees	1.769	Noun
tovar	1.769	Noun
tovarich	1.769	Verb
toweling	1.769	Verb
toxify	1.769	Verb
trabuco	1.769	Name
trachoma	1.769	Noun
tramway	1.769	Noun
transits	1.769	Noun
trawling	1.769	Verb
treacly	1.769	Adverb
treaded	1.769	Verb
treader	1.769	Name
treater	1.769	Noun
treeing	1.769	Verb
treeless	1.769	Adjective
trekked	1.769	Verb
trekkers	1.769	Noun
tremolo	1.769	Noun
trenched	1.769	Adjective
trending	1.769	Verb
tressel	1.769	Verb
trevis	1.769	Name
treys	1.769	Noun
trialed	1.769	Verb
trickers	1.769	Noun
trickles	1.769	Verb
trigram	1.769	Name
trinary	1.769	Adjective
trios	1.769	Noun
triplet	1.769	Noun
triptych	1.769	Verb
trisome	1.769	Adjective
trisomy	1.769	Noun
triste	1.769	Noun
tristram	1.769	Name
trocar	1.769	Noun
tromped	1.769	Verb
trooped	1.769	Verb
tropes	1.769	Noun
troths	1.769	Noun
trotty	1.769	Noun
troupers	1.769	Noun
troupes	1.769	Noun
trouts	1.769	Noun
trow	1.769	Noun
truism	1.769	Noun
trun	1.769	Verb
trysting	1.769	Verb
tsubo	1.769	Noun
tua	1.769	Noun
tubas	1.769	Noun
tubful	1.769	Noun
tubules	1.769	Noun
tuckahoe	1.769	Name
tuft	1.769	Noun
tufted	1.769	Adjective
tugboats	1.769	Noun
tumulus	1.769	Noun
tuppenny	1.769	Adjective
tupping	1.769	Verb
turbid	1.769	Adjective
turbos	1.769	Noun
turfdom	1.769	Noun
turmeric	1.769	Adjective
turtled	1.769	Verb
tusked	1.769	Adjective
tutee	1.769	Noun
tutting	1.769	Verb
tuxedoes	1.769	Noun
twanging	1.769	Verb
tweaky	1.769	Adjective
tweeny	1.769	Adjective
tweezer	1.769	Noun
tweezes	1.769	Verb
twi	1.769	Noun
twiddled	1.769	Verb
twigged	1.769	Verb
twilit	1.769	Adjective
tympanic	1.769	Adjective
tyne	1.769	Name
typists	1.769	Noun
tyrannis	1.769	Noun
tyrian	1.769	Adjective
tyrolean	1.769	Adjective
ubiquity	1.769	Noun
uds	1.769	Verb
ulcered	1.769	Adjective
ultimo	1.769	Unclassified
umbo	1.769	Noun
umped	1.769	Verb
umpiring	1.769	Verb
unapt	1.769	Verb
unasked	1.769	Adjective
unbend	1.769	Verb
unbless	1.769	Adjective
unbolt	1.769	Verb
unbossed	1.769	Adjective
unbottle	1.769	Verb
unbought	1.769	Verb
unbuild	1.769	Verb
uncashed	1.769	Adjective
uncaught	1.769	Verb
unchaste	1.769	Noun
uncheck	1.769	Verb
uncock	1.769	Noun
uncoded	1.769	Adjective
uncoil	1.769	Verb
unctuous	1.769	Adjective
underlit	1.769	Adjective
undoable	1.769	Adjective
unemploy	1.769	Noun
unerring	1.769	Adjective
unevenly	1.769	Adverb
unfired	1.769	Adjective
ungrip	1.769	Verb
unhooks	1.769	Verb
unhorsed	1.769	Adjective
unifies	1.769	Verb
unionism	1.769	Noun
unkissed	1.769	Adjective
unlineal	1.769	Adjective
unlovely	1.769	Adjective
unloving	1.769	Adjective
unmasks	1.769	Verb
unmended	1.769	Adjective
unmount	1.769	Verb
unpeel	1.769	Verb
unpeeled	1.769	Adjective
unpick	1.769	Verb
unpretty	1.769	Adjective
unquiet	1.769	Adjective
unreason	1.769	Noun
unrinsed	1.769	Adjective
unripe	1.769	Adjective
unrolls	1.769	Verb
unsaved	1.769	Adjective
unscrews	1.769	Verb
unseated	1.769	Verb
unsee	1.769	Noun
unsex	1.769	Verb
unshaved	1.769	Adjective
unship	1.769	Noun
unshod	1.769	Adjective
unshrink	1.769	Verb
unsmoked	1.769	Adjective
unstably	1.769	Adverb
untaxed	1.769	Adjective
unties	1.769	Noun
untimed	1.769	Adjective
untruths	1.769	Noun
untwist	1.769	Noun
unwedded	1.769	Adjective
unwisely	1.769	Adverb
unwish	1.769	Verb
unwound	1.769	Verb
upland	1.769	Noun
uploads	1.769	Noun
upmarket	1.769	Adjective
upraised	1.769	Verb
upsides	1.769	Noun
upsurge	1.769	Noun
uptick	1.769	Noun
upway	1.769	Noun
ure	1.769	Verb
urea	1.769	Noun
urethral	1.769	Adjective
useable	1.769	Adjective
usuals	1.769	Noun
utilise	1.769	Verb
utilizes	1.769	Verb
uvres	1.769	Noun
vache	1.769	Noun
vadis	1.769	Verb
vagary	1.769	Noun
vainest	1.769	Adjective
valse	1.769	Noun
valuing	1.769	Verb
vampiric	1.769	Adjective
vandyke	1.769	Noun
vang	1.769	Noun
variants	1.769	Noun
vassals	1.769	Noun
vaster	1.769	Adjective
vau	1.769	Name
vaus	1.769	Noun
vectored	1.769	Verb
vei	1.769	Noun
veiny	1.769	Adjective
vellum	1.769	Noun
velvets	1.769	Noun
venging	1.769	Adjective
venta	1.769	Noun
verbals	1.769	Noun
verbena	1.769	Name
verbum	1.769	Name
verruca	1.769	Noun
vertex	1.769	Noun
vertices	1.769	Verb
verus	1.769	Noun
vesicle	1.769	Noun
vestment	1.769	Noun
viaducts	1.769	Noun
vicars	1.769	Noun
victus	1.769	Name
vigorish	1.769	Verb
vild	1.769	Noun
vina	1.769	Noun
vinyls	1.769	Noun
viol	1.769	Noun
viridian	1.769	Adjective
virology	1.769	Noun
vis	1.769	Number
viscose	1.769	Noun
viscus	1.769	Noun
vison	1.769	Noun
vitas	1.769	Name
vitiate	1.769	Verb
vivace	1.769	Noun
vizir	1.769	Noun
voile	1.769	Noun
volleyed	1.769	Verb
volumen	1.769	Name
vomiter	1.769	Noun
vomitous	1.769	Adjective
vorpal	1.769	Adjective
voyagers	1.769	Noun
voyaging	1.769	Verb
wabe	1.769	Noun
wackier	1.769	Adjective
wacks	1.769	Noun
wacs	1.769	Noun
waddies	1.769	Noun
waffler	1.769	Noun
waggled	1.769	Verb
waggly	1.769	Adjective
wain	1.769	Noun
wainscot	1.769	Noun
walkaway	1.769	Noun
wallahs	1.769	Noun
wangled	1.769	Verb
wanty	1.769	Name
warbird	1.769	Noun
wariness	1.769	Noun
warmup	1.769	Noun
warred	1.769	Verb
washday	1.769	Noun
washy	1.769	Adjective
wassail	1.769	Noun
waster	1.769	Noun
wastrel	1.769	Name
wastrels	1.769	Noun
waugh	1.769	Name
wavery	1.769	Noun
waxwork	1.769	Noun
waybills	1.769	Noun
weariest	1.769	Adjective
websters	1.769	Name
wedgy	1.769	Adjective
weepers	1.769	Noun
wees	1.769	Noun
weft	1.769	Noun
weirdie	1.769	Noun
welchers	1.769	Noun
wends	1.769	Verb
wenny	1.769	Name
werent	1.769	Adjective
weskits	1.769	Noun
westland	1.769	Noun
whacky	1.769	Adjective
whammed	1.769	Verb
whatd	1.769	Verb
whatsis	1.769	Noun
whelk	1.769	Noun
whelmed	1.769	Verb
whens	1.769	Noun
whets	1.769	Verb
whiffing	1.769	Verb
whiffs	1.769	Noun
whippets	1.769	Noun
whippy	1.769	Name
whirled	1.769	Verb
whited	1.769	Verb
whittles	1.769	Verb
whity	1.769	Noun
whod	1.769	Verb
whoof	1.769	Verb
whoopers	1.769	Noun
whoreson	1.769	Noun
wigdom	1.769	Noun
wilts	1.769	Verb
windsurf	1.769	Verb
wingers	1.769	Noun
wingless	1.769	Adjective
wingtips	1.769	Noun
winkles	1.769	Noun
winkling	1.769	Verb
winless	1.769	Adjective
wipeouts	1.769	Noun
wirehair	1.769	Noun
wireman	1.769	Noun
wisen	1.769	Noun
wisher	1.769	Noun
wishy	1.769	Name
wising	1.769	Verb
wittier	1.769	Adjective
wizened	1.769	Adjective
woad	1.769	Noun
wobbled	1.769	Verb
wobblies	1.769	Noun
wog	1.769	Noun
wogs	1.769	Noun
woks	1.769	Noun
wolfish	1.769	Adjective
woolens	1.769	Noun
woozle	1.769	Noun
wordage	1.769	Noun
wordless	1.769	Adjective
workdays	1.769	Noun
wot	1.769	Determiner
wowing	1.769	Verb
wows	1.769	Noun
wriggled	1.769	Verb
wriggles	1.769	Verb
writs	1.769	Noun
wro	1.769	Noun
wryly	1.769	Adverb
wyvern	1.769	Noun
xeroxes	1.769	Name
yacking	1.769	Verb
yakitori	1.769	Noun
yakka	1.769	Noun
yardarms	1.769	Noun
yardman	1.769	Noun
yate	1.769	Noun
yawls	1.769	Verb
yeahs	1.769	Noun
yearlong	1.769	Noun
yeggs	1.769	Noun
yellowy	1.769	Adjective
yeomen	1.769	Name
yerba	1.769	Noun
yeses	1.769	Noun
yest	1.769	Name
yester	1.769	Noun
yew	1.769	Noun
yids	1.769	Noun
yipe	1.769	Verb
yodeler	1.769	Noun
yodelers	1.769	Noun
yodeller	1.769	Noun
yogic	1.769	Adjective
yomer	1.769	#N/A
yurt	1.769	Noun
yus	1.769	Noun
zaftig	1.769	Verb
zagged	1.769	Verb
zags	1.769	Verb
zar	1.769	Name
zebedee	1.769	Name
zink	1.769	Verb
zionism	1.769	Noun
zionists	1.769	Noun
zloty	1.769	Noun
zodiacal	1.769	Adjective
zuni	1.769	Adjective
zwieback	1.769	Noun
zygoma	1.769	Noun
aahed	1.593	Verb
aal	1.593	Adjective
aarrgh	1.593	Verb
aarrghh	1.593	Noun
abaca	1.593	Noun
abacuses	1.593	Noun
abastard	1.593	Noun
abating	1.593	Verb
abbesses	1.593	Noun
abd	1.593	Noun
abele	1.593	Noun
abettor	1.593	Noun
abiders	1.593	Noun
abit	1.593	Noun
abjure	1.593	Verb
ablate	1.593	Verb
ablated	1.593	Verb
ablation	1.593	Noun
abler	1.593	Adjective
abomasum	1.593	Noun
aborning	1.593	Verb
abortive	1.593	Adjective
aborts	1.593	Verb
abrade	1.593	Verb
abraid	1.593	Verb
abridge	1.593	Noun
abrogate	1.593	Verb
absit	1.593	Verb
abulia	1.593	Noun
abutting	1.593	Verb
abyssal	1.593	Noun
academes	1.593	Noun
acanthus	1.593	Adjective
accadian	1.593	Adjective
acceded	1.593	Verb
accented	1.593	Verb
accolade	1.593	Noun
accosts	1.593	Verb
accoutre	1.593	Noun
accrete	1.593	Verb
accrues	1.593	Verb
acentric	1.593	Adjective
acetates	1.593	Noun
acetic	1.593	Adjective
achar	1.593	Noun
achiness	1.593	Noun
ackee	1.593	Noun
acnes	1.593	Noun
acquirer	1.593	Noun
acta	1.593	Name
actg	1.593	Noun
actings	1.593	Noun
actinic	1.593	Adjective
actioner	1.593	Noun
actives	1.593	Noun
actory	1.593	Adjective
actu	1.593	Noun
actuate	1.593	Verb
adages	1.593	Noun
adamas	1.593	Noun
adance	1.593	Noun
adaption	1.593	Noun
adaptors	1.593	Noun
addling	1.593	Verb
adduce	1.593	Verb
adduced	1.593	Verb
adductor	1.593	Noun
adelante	1.593	Noun
adenia	1.593	Name
adenoma	1.593	Noun
adequacy	1.593	Noun
adieus	1.593	Noun
adjoined	1.593	Adjective
adjoints	1.593	Verb
adjudge	1.593	Verb
adjure	1.593	Verb
adjuvant	1.593	Adjective
admittee	1.593	Noun
adnexa	1.593	Noun
adopter	1.593	Noun
adorers	1.593	Noun
adrop	1.593	Noun
adust	1.593	Verb
adv	1.593	Noun
adverted	1.593	Verb
aedes	1.593	Verb
aeolian	1.593	Adjective
aeons	1.593	Noun
aerate	1.593	Verb
aerating	1.593	Verb
aeration	1.593	Noun
aerie	1.593	Noun
aeries	1.593	Noun
aeron	1.593	Name
aerosols	1.593	Noun
aery	1.593	Adjective
afer	1.593	Verb
affaire	1.593	Noun
affiant	1.593	Noun
affiche	1.593	Noun
affixed	1.593	Verb
afflatus	1.593	Noun
afghanis	1.593	Noun
agar	1.593	Name
agarose	1.593	Noun
agates	1.593	Noun
agenting	1.593	Adjective
ager	1.593	Noun
ageratum	1.593	Noun
aggro	1.593	Noun
agha	1.593	Name
agist	1.593	Noun
agists	1.593	Noun
agit	1.593	Noun
agitprop	1.593	Noun
aglet	1.593	Noun
agnosia	1.593	Noun
agonist	1.593	Noun
agora	1.593	Noun
agoras	1.593	Noun
agr	1.593	Verb
agreat	1.593	Verb
agrement	1.593	Noun
agt	1.593	#N/A
aguacate	1.593	Noun
agy	1.593	Noun
ahorse	1.593	Verb
aidable	1.593	Adjective
aider	1.593	Noun
aileron	1.593	Noun
aioli	1.593	Noun
airdate	1.593	Noun
airfoil	1.593	Noun
airiness	1.593	Noun
airings	1.593	Noun
airlifts	1.593	Noun
airlocks	1.593	Noun
airwave	1.593	Noun
ajog	1.593	Noun
akamatsu	1.593	Name
akasa	1.593	Noun
aked	1.593	Verb
akkadian	1.593	Adjective
ako	1.593	Noun
akra	1.593	Name
alaskas	1.593	Name
alb	1.593	Name
albion	1.593	Name
alce	1.593	Noun
aldermen	1.593	Noun
alecs	1.593	Noun
alehouse	1.593	Noun
alem	1.593	Noun
alembic	1.593	Adjective
alg	1.593	Verb
algin	1.593	Noun
alguacil	1.593	Noun
ality	1.593	Noun
alkalize	1.593	Verb
alkane	1.593	Noun
alkyd	1.593	Noun
allays	1.593	Verb
allgood	1.593	Name
allium	1.593	Name
allots	1.593	Verb
alludes	1.593	Verb
allured	1.593	Verb
alluvial	1.593	Adjective
almanacs	1.593	Noun
aloes	1.593	Noun
alow	1.593	Noun
alpacas	1.593	Noun
alteza	1.593	Name
althaea	1.593	Noun
altruist	1.593	Noun
alumna	1.593	Noun
alveolus	1.593	Noun
amah	1.593	Noun
amanita	1.593	Noun
amasses	1.593	Verb
ambients	1.593	Noun
ambling	1.593	Verb
amebas	1.593	Noun
amebic	1.593	Adjective
amharic	1.593	Adjective
amice	1.593	Noun
amicus	1.593	Noun
amine	1.593	Name
amiral	1.593	Noun
ammeter	1.593	Noun
ammoniac	1.593	Name
ammos	1.593	Noun
amnesias	1.593	Noun
amoebae	1.593	Name
amoeboid	1.593	Adjective
amperes	1.593	Noun
amphib	1.593	Verb
amphora	1.593	Noun
amt	1.593	Name
amtracs	1.593	Noun
amu	1.593	Name
amusedly	1.593	Adverb
anagogic	1.593	Adjective
ananias	1.593	Noun
anat	1.593	Name
andantes	1.593	Name
andean	1.593	Adjective
ane	1.593	Adjective
anemias	1.593	Noun
anhedral	1.593	Noun
animists	1.593	Noun
anion	1.593	Noun
ankhs	1.593	Noun
ankus	1.593	Noun
annal	1.593	Adjective
annatto	1.593	Noun
annexes	1.593	Verb
annoyer	1.593	Noun
annular	1.593	Adjective
annuls	1.593	Noun
anodised	1.593	Adjective
anodyne	1.593	Adjective
anoints	1.593	Verb
anonyms	1.593	Name
anoscopy	1.593	Noun
antaeus	1.593	#N/A
anted	1.593	Verb
anteing	1.593	Verb
anthers	1.593	Noun
antigun	1.593	Noun
antihero	1.593	Name
antimony	1.593	Noun
antiship	1.593	Noun
antres	1.593	Noun
antrum	1.593	Noun
antsier	1.593	Adjective
anuses	1.593	Noun
anywhy	1.593	Adjective
aoli	1.593	Noun
aortal	1.593	Adjective
apaid	1.593	Verb
apeman	1.593	Noun
apert	1.593	#N/A
aphorism	1.593	Noun
aping	1.593	Verb
apish	1.593	Adjective
aplasia	1.593	Noun
apocrine	1.593	Adjective
appalls	1.593	Verb
appeases	1.593	Verb
appel	1.593	Verb
appling	1.593	Name
apraxia	1.593	Noun
aproned	1.593	Adjective
aquacade	1.593	Noun
aquiline	1.593	Verb
arable	1.593	Adjective
arbs	1.593	Noun
archean	1.593	Name
archest	1.593	Adjective
archy	1.593	Noun
arcsine	1.593	Noun
ardency	1.593	Noun
ardently	1.593	Adverb
ardors	1.593	Noun
areal	1.593	Adjective
aretes	1.593	Noun
arethusa	1.593	Name
arg	1.593	Verb
argenton	1.593	Name
arginine	1.593	Adjective
argonaut	1.593	Noun
argosies	1.593	Noun
argot	1.593	Noun
arguendo	1.593	Noun
argyles	1.593	Noun
aridity	1.593	Noun
arjun	1.593	Verb
armature	1.593	Noun
armfuls	1.593	Noun
armlock	1.593	Noun
armorial	1.593	Adjective
arpeggio	1.593	Noun
arrowing	1.593	Noun
arroya	1.593	Name
arsed	1.593	Verb
artha	1.593	Noun
arthel	1.593	Name
artlet	1.593	Name
asb	1.593	#N/A
ascents	1.593	Noun
ashberry	1.593	Name
ashed	1.593	Verb
ashrams	1.593	Noun
asides	1.593	Noun
askings	1.593	Noun
asmile	1.593	Noun
asperges	1.593	Noun
asperse	1.593	Verb
aspirant	1.593	Adjective
asport	1.593	Verb
assai	1.593	Noun
assayers	1.593	Noun
assaying	1.593	Adjective
assays	1.593	Noun
asserted	1.593	Verb
assesses	1.593	Verb
asseth	1.593	Verb
assi	1.593	Noun
assiette	1.593	Noun
assis	1.593	Noun
assyria	1.593	Name
asteria	1.593	Name
astir	1.593	Adjective
aswell	1.593	Verb
ately	1.593	#N/A
atheneum	1.593	Noun
atherine	1.593	Adjective
athirst	1.593	Noun
ating	1.593	#N/A
atman	1.593	Noun
atmos	1.593	Noun
atocha	1.593	Name
atonal	1.593	Adjective
atoned	1.593	Verb
atones	1.593	Noun
atonic	1.593	Adjective
attacher	1.593	Noun
attar	1.593	Noun
attendee	1.593	Noun
attent	1.593	#N/A
attercop	1.593	Verb
attests	1.593	Verb
atticism	1.593	Noun
attorn	1.593	Noun
attune	1.593	Verb
atty	1.593	Adjective
aube	1.593	Name
aud	1.593	Name
audion	1.593	Noun
augments	1.593	Verb
augur	1.593	Verb
augured	1.593	Verb
augurs	1.593	Verb
augustan	1.593	Adjective
auricle	1.593	Noun
aurore	1.593	Name
auth	1.593	Name
autocrat	1.593	Noun
autogiro	1.593	Noun
autogyro	1.593	Noun
autoharp	1.593	Noun
automats	1.593	Noun
aventure	1.593	#N/A
aviatrix	1.593	Noun
avions	1.593	Name
avn	1.593	Verb
avoidant	1.593	Adjective
avouch	1.593	Verb
avouches	1.593	Verb
awakener	1.593	Noun
awardee	1.593	Noun
awaste	1.593	Noun
aweless	1.593	Adjective
awhirl	1.593	Noun
awing	1.593	Verb
awn	1.593	Noun
awork	1.593	Noun
awreck	1.593	Noun
axioms	1.593	Noun
axman	1.593	Noun
axonal	1.593	Adjective
ayah	1.593	Noun
ayurveda	1.593	Noun
azimuths	1.593	Noun
babyhood	1.593	Noun
baccar	1.593	Name
bacchae	1.593	#N/A
baccy	1.593	Noun
bacillus	1.593	Noun
backage	1.593	Noun
backcast	1.593	Verb
backchat	1.593	Noun
backdown	1.593	Noun
backfill	1.593	Verb
backflow	1.593	Noun
backhoes	1.593	Noun
backlogs	1.593	Noun
backrest	1.593	Adjective
baddie	1.593	Noun
badland	1.593	Name
badmash	1.593	Verb
baedeker	1.593	Noun
bafflers	1.593	Noun
baft	1.593	Verb
bagpiper	1.593	Noun
bagworms	1.593	Noun
bahadur	1.593	Name
baile	1.593	Noun
bailers	1.593	Noun
bailouts	1.593	Noun
bakshis	1.593	Name
balas	1.593	#N/A
balat	1.593	Noun
baldies	1.593	Noun
baleen	1.593	Adjective
baler	1.593	Noun
balks	1.593	Noun
ballas	1.593	Name
ballgown	1.593	Noun
balms	1.593	Noun
baloneys	1.593	Noun
balsams	1.593	Noun
bamming	1.593	Noun
bams	1.593	Noun
bander	1.593	Name
bandies	1.593	Noun
banditry	1.593	Noun
bandon	1.593	Name
bandura	1.593	Name
baneful	1.593	Adjective
bani	1.593	Noun
banjoes	1.593	Noun
bans	1.593	Noun
bantams	1.593	Verb
banters	1.593	Verb
baps	1.593	Noun
baptizer	1.593	Noun
barba	1.593	Name
barbera	1.593	Name
barbets	1.593	Noun
barbital	1.593	Noun
barbules	1.593	Noun
bardic	1.593	Adjective
bards	1.593	Noun
barer	1.593	Adjective
barfs	1.593	Noun
bargee	1.593	Noun
barile	1.593	Name
barite	1.593	Noun
baronets	1.593	Noun
barrages	1.593	Noun
barratry	1.593	Noun
barre	1.593	Name
barrooms	1.593	Noun
bartizan	1.593	Name
basely	1.593	Adverb
basked	1.593	Verb
basques	1.593	Noun
bassets	1.593	Noun
bastardy	1.593	Noun
basti	1.593	Noun
batata	1.593	Noun
bateaux	1.593	Name
batsmen	1.593	Noun
batwoman	1.593	Noun
baud	1.593	Noun
bauhinia	1.593	Noun
bawdiest	1.593	Adjective
bayesian	1.593	Adjective
baymen	1.593	Noun
bazar	1.593	Name
baze	1.593	Name
bcd	1.593	Name
bcf	1.593	#N/A
beadle	1.593	Name
beagling	1.593	Name
beakhead	1.593	Noun
beal	1.593	Adjective
beamers	1.593	Noun
bearder	1.593	Noun
bearding	1.593	Verb
beardy	1.593	Adjective
beared	1.593	Verb
bearlike	1.593	Adjective
beastman	1.593	Name
beatus	1.593	Name
beauti	1.593	Noun
bebay	1.593	Name
bechamel	1.593	Verb
becloud	1.593	Verb
bedecked	1.593	Verb
bedim	1.593	Verb
bedmate	1.593	Noun
bedsit	1.593	Noun
beefalo	1.593	Noun
beggared	1.593	Verb
beggarly	1.593	Adverb
beggary	1.593	Noun
begnaw	1.593	Verb
begorra	1.593	Noun
begrimed	1.593	Verb
behn	1.593	Name
behoved	1.593	Verb
beignets	1.593	Noun
beleve	1.593	Verb
belled	1.593	Verb
bellmen	1.593	Noun
bellona	1.593	Name
beloveds	1.593	Noun
beltline	1.593	Noun
belton	1.593	Name
belugas	1.593	Name
bemete	1.593	Verb
bemoan	1.593	Verb
benison	1.593	Noun
benne	1.593	Name
bentwood	1.593	Noun
benumbs	1.593	Verb
benzoate	1.593	Noun
bepaint	1.593	Verb
bequests	1.593	Noun
bere	1.593	Noun
bergeres	1.593	Name
bergs	1.593	Noun
berms	1.593	Noun
bermudas	1.593	Name
berrendo	1.593	Name
bespin	1.593	Noun
bestead	1.593	Noun
bester	1.593	Name
bestride	1.593	Noun
betake	1.593	Verb
bete	1.593	Noun
betel	1.593	Verb
betides	1.593	Verb
betimes	1.593	Noun
betokens	1.593	Verb
beton	1.593	Name
betted	1.593	Verb
betweens	1.593	Noun
bevels	1.593	Noun
bevies	1.593	Noun
bevvy	1.593	Noun
beweep	1.593	Verb
bewept	1.593	Verb
beyonds	1.593	Noun
bezant	1.593	Adjective
bezel	1.593	Noun
bezels	1.593	Noun
bhaji	1.593	Noun
bialys	1.593	Noun
biases	1.593	Noun
bibble	1.593	Noun
bice	1.593	Name
bickered	1.593	Verb
biconvex	1.593	Noun
biennial	1.593	Noun
bienvenu	1.593	Name
bifocal	1.593	Adjective
bigamous	1.593	Adjective
bigeminy	1.593	Noun
biggish	1.593	Adjective
biggity	1.593	Noun
bighead	1.593	Name
bighorns	1.593	Noun
bijous	1.593	Noun
bilberry	1.593	Noun
bilker	1.593	Name
bilks	1.593	Verb
billard	1.593	Name
billies	1.593	Noun
billon	1.593	Noun
billowed	1.593	Verb
billyboy	1.593	Noun
bimanual	1.593	Adjective
bimodal	1.593	Adjective
bindery	1.593	Adjective
binnacle	1.593	Noun
binny	1.593	Name
biograph	1.593	Noun
biomass	1.593	Noun
bion	1.593	Name
birdseye	1.593	Name
birk	1.593	Name
birkie	1.593	Name
bisected	1.593	Verb
bistros	1.593	Noun
bitmaps	1.593	Noun
bitt	1.593	Noun
bitterer	1.593	Noun
bitting	1.593	Verb
bivalves	1.593	Noun
blabbers	1.593	Noun
blader	1.593	Noun
blagueur	1.593	Noun
blahs	1.593	Noun
blameful	1.593	Adjective
blamer	1.593	Noun
blan	1.593	Noun
blancher	1.593	Name
blancs	1.593	Noun
blandish	1.593	Verb
blandly	1.593	Adverb
blankety	1.593	Adjective
blared	1.593	Verb
blase	1.593	Adjective
blatted	1.593	Verb
blatting	1.593	Noun
blazon	1.593	Noun
blazoned	1.593	Verb
bld	1.593	Name
bleaker	1.593	Adjective
bleakest	1.593	Adjective
blenched	1.593	Adjective
blickey	1.593	Noun
blin	1.593	Noun
blindest	1.593	Adjective
blindman	1.593	Noun
blipping	1.593	Verb
blisses	1.593	Noun
blit	1.593	Adjective
blite	1.593	Noun
blocky	1.593	Adjective
bloodies	1.593	Name
bloodily	1.593	Adverb
blooding	1.593	Verb
bloodred	1.593	Adjective
blooie	1.593	Noun
blouson	1.593	Noun
blowguns	1.593	Noun
blowy	1.593	Name
blowzy	1.593	Adjective
blubbers	1.593	Noun
blubs	1.593	Verb
bludge	1.593	Verb
bluebell	1.593	Noun
bluely	1.593	Adverb
bluesy	1.593	Adjective
bluetick	1.593	Noun
bluing	1.593	Verb
blusher	1.593	Noun
blusters	1.593	Verb
boardman	1.593	Noun
boasters	1.593	Noun
boater	1.593	Noun
bobolink	1.593	Noun
bocage	1.593	Noun
boccaro	1.593	Noun
boccie	1.593	Noun
bocher	1.593	Noun
boches	1.593	Noun
bocks	1.593	Verb
bodge	1.593	Noun
boggling	1.593	Verb
bogle	1.593	Name
bogy	1.593	Noun
bogyman	1.593	Noun
boke	1.593	Verb
bola	1.593	#N/A
bolded	1.593	Verb
bolden	1.593	#N/A
bolivias	1.593	Name
bollito	1.593	Noun
bolly	1.593	Adverb
bolognas	1.593	Noun
boluses	1.593	Noun
bombast	1.593	Noun
bonair	1.593	Name
bonaire	1.593	Name
bondages	1.593	Noun
bondmaid	1.593	Noun
bonged	1.593	Verb
bonging	1.593	Name
bonnier	1.593	Adjective
bonniest	1.593	Adjective
boobed	1.593	Adjective
boobery	1.593	Noun
booboos	1.593	Noun
bookery	1.593	Noun
bookless	1.593	Adjective
bookwork	1.593	Noun
booky	1.593	Adjective
boomed	1.593	Verb
boomy	1.593	Name
boondock	1.593	Verb
bootheel	1.593	Noun
bootlace	1.593	Noun
bootle	1.593	Noun
boozed	1.593	Verb
boozes	1.593	Noun
borak	1.593	Name
boras	1.593	Name
boresome	1.593	Adjective
boric	1.593	Adjective
boringly	1.593	Adverb
borings	1.593	Noun
bornite	1.593	Adjective
boro	1.593	Noun
bosomy	1.593	Adjective
bosque	1.593	#N/A
bossier	1.593	Adjective
botas	1.593	Noun
botching	1.593	Verb
botella	1.593	Noun
botfly	1.593	Adverb
bottega	1.593	Name
bottler	1.593	Noun
bouche	1.593	Name
boudin	1.593	Noun
bougie	1.593	Noun
bounders	1.593	Noun
bove	1.593	Noun
bowker	1.593	Name
bowlin	1.593	Noun
boxfuls	1.593	Noun
boxiana	1.593	Noun
boxwoods	1.593	Noun
boychik	1.593	Noun
braccia	1.593	Noun
bracers	1.593	Noun
bragger	1.593	Noun
braggy	1.593	Adjective
braining	1.593	Verb
braises	1.593	Verb
braising	1.593	Verb
braked	1.593	Verb
braless	1.593	Adjective
branchy	1.593	Adjective
brandied	1.593	Adjective
brank	1.593	Noun
branning	1.593	Verb
brasher	1.593	Adjective
brashly	1.593	Adverb
brassier	1.593	#N/A
brassily	1.593	Adverb
bravoed	1.593	Verb
brawlers	1.593	Noun
brawner	1.593	Name
brawns	1.593	Noun
braziers	1.593	Noun
brazils	1.593	Name
breathy	1.593	Adjective
breeched	1.593	Verb
breezier	1.593	Adjective
brekky	1.593	Adjective
breve	1.593	Noun
breves	1.593	Verb
bribable	1.593	Adjective
brickbat	1.593	Verb
brid	1.593	Noun
brigaded	1.593	Verb
brills	1.593	Name
brining	1.593	Adjective
brio	1.593	Noun
brisky	1.593	Adjective
bristled	1.593	Adjective
bristly	1.593	Adjective
britten	1.593	Name
broaches	1.593	Verb
brocades	1.593	Noun
broche	1.593	Noun
broils	1.593	Verb
brolly	1.593	Noun
bronchi	1.593	Noun
broncho	1.593	Name
bronzer	1.593	Noun
bronzing	1.593	Verb
bronzy	1.593	Adjective
broods	1.593	Verb
brooking	1.593	Verb
brothe	1.593	Noun
broths	1.593	Noun
browner	1.593	Adjective
browsers	1.593	Noun
brucine	1.593	Verb
brunet	1.593	Noun
brusker	1.593	Name
buckoes	1.593	Noun
budded	1.593	Verb
buffo	1.593	Noun
bufo	1.593	Name
bugaboos	1.593	Noun
bugdom	1.593	Noun
bughead	1.593	Name
bulbul	1.593	Noun
bulgar	1.593	Noun
bulged	1.593	Verb
bulks	1.593	Noun
bulla	1.593	Noun
bullae	1.593	Noun
buller	1.593	Noun
bullfist	1.593	Noun
bullhead	1.593	Name
bullions	1.593	Noun
bullish	1.593	Adjective
bullit	1.593	Name
bullyboy	1.593	Noun
bullyrag	1.593	Verb
buncher	1.593	Name
bunchy	1.593	Adjective
bundist	1.593	Noun
bunging	1.593	Verb
bungles	1.593	Verb
bunkum	1.593	Noun
bunted	1.593	Verb
bunts	1.593	Verb
burbles	1.593	Verb
bureaux	1.593	Noun
burghers	1.593	Noun
burs	1.593	Verb
burse	1.593	Noun
bursted	1.593	Verb
bursty	1.593	Adjective
bused	1.593	Verb
busher	1.593	Noun
bushier	1.593	Adjective
busies	1.593	Verb
busking	1.593	Verb
busyness	1.593	Noun
butat	1.593	Verb
butches	1.593	Noun
butlery	1.593	Noun
buyable	1.593	Adjective
buzzbomb	1.593	Noun
byes	1.593	Noun
byss	1.593	Noun
bywords	1.593	Noun
cabbing	1.593	Verb
cabined	1.593	Adjective
cabmen	1.593	Noun
cabots	1.593	Noun
cachexia	1.593	Noun
caching	1.593	Verb
cacique	1.593	Name
cacked	1.593	Verb
cadastre	1.593	Noun
cadeau	1.593	Noun
cadences	1.593	Noun
cadge	1.593	Verb
caelum	1.593	Noun
cafard	1.593	Noun
caff	1.593	Noun
caffein	1.593	Noun
caging	1.593	Verb
cahiers	1.593	Name
caid	1.593	Adjective
caimans	1.593	Noun
cairns	1.593	Noun
cajon	1.593	Name
calabozo	1.593	Noun
calamar	1.593	Name
calamite	1.593	Noun
calcify	1.593	Verb
calicoes	1.593	Noun
calicos	1.593	Noun
calif	1.593	Name
caliga	1.593	Noun
calipers	1.593	Noun
callings	1.593	Noun
callout	1.593	Noun
calmest	1.593	Adjective
calmy	1.593	Adjective
calor	1.593	Noun
calp	1.593	Verb
cals	1.593	Noun
calumba	1.593	Name
calving	1.593	Verb
calypsos	1.593	Noun
camara	1.593	Name
camarada	1.593	Noun
camarade	1.593	Verb
camay	1.593	Verb
cames	1.593	Verb
camions	1.593	Noun
cammock	1.593	Name
camporee	1.593	Noun
canale	1.593	Name
canales	1.593	Name
canali	1.593	Adjective
canalla	1.593	Noun
canards	1.593	Noun
canceler	1.593	Noun
cancered	1.593	Verb
candlers	1.593	Noun
canniest	1.593	Adjective
canola	1.593	Noun
canoness	1.593	Noun
canopic	1.593	Adjective
canopus	1.593	Name
cantab	1.593	Name
cantando	1.593	Noun
canthus	1.593	Noun
cantinas	1.593	Noun
cantle	1.593	Noun
cantons	1.593	Noun
cany	1.593	Noun
capering	1.593	Noun
caplock	1.593	Noun
capsicum	1.593	Noun
capsizes	1.593	Verb
caracal	1.593	Noun
caracals	1.593	Noun
caravel	1.593	Noun
carcel	1.593	Noun
carder	1.593	Noun
cardiacs	1.593	Noun
cardial	1.593	Adjective
carding	1.593	Verb
cardon	1.593	Name
carf	1.593	Noun
carful	1.593	Adjective
caried	1.593	Verb
carillon	1.593	Noun
carless	1.593	Adjective
carlings	1.593	Name
carmaker	1.593	Noun
carman	1.593	Name
carnally	1.593	Adverb
carnel	1.593	Name
caroled	1.593	Verb
caroler	1.593	Noun
caromed	1.593	Verb
carotte	1.593	Noun
carousal	1.593	Noun
caroused	1.593	Verb
carouses	1.593	Noun
carpi	1.593	Noun
carports	1.593	Noun
carrel	1.593	Name
carrells	1.593	Name
carrels	1.593	Noun
carryons	1.593	Noun
cartload	1.593	Noun
casein	1.593	Noun
cashbook	1.593	Noun
casher	1.593	Noun
cashless	1.593	Name
casita	1.593	Noun
cassia	1.593	Name
castanet	1.593	Noun
castile	1.593	Name
castings	1.593	Noun
catalyze	1.593	Verb
catchier	1.593	Adjective
cateress	1.593	Noun
cathead	1.593	Name
cathexis	1.593	Noun
cathodes	1.593	Noun
cation	1.593	Noun
catling	1.593	Noun
catskin	1.593	Noun
catspaw	1.593	Noun
cattiest	1.593	Adjective
catting	1.593	Verb
cauch	1.593	Verb
caucused	1.593	Verb
caudad	1.593	Noun
caudate	1.593	Noun
caulks	1.593	Noun
caus	1.593	Noun
causa	1.593	Unclassified
causable	1.593	Adjective
causatum	1.593	Noun
causey	1.593	Noun
caustics	1.593	Noun
cauter	1.593	Name
caval	1.593	Noun
caveats	1.593	Noun
cavers	1.593	Noun
cavin	1.593	Noun
cavum	1.593	Noun
cavy	1.593	Noun
ccm	1.593	Noun
cdg	1.593	Name
cecils	1.593	Name
ceiba	1.593	Name
celebre	1.593	Noun
celeriac	1.593	Adjective
celiac	1.593	Noun
celling	1.593	Verb
cen	1.593	Adjective
centesis	1.593	Noun
centi	1.593	Noun
centime	1.593	Noun
centimo	1.593	Noun
centrex	1.593	Noun
centrist	1.593	Adjective
ceral	1.593	Noun
cercle	1.593	Unclassified
cerebri	1.593	Noun
cerillo	1.593	Name
cesarian	1.593	Adjective
cestus	1.593	Noun
cesure	1.593	Noun
ceti	1.593	Noun
cetyl	1.593	Noun
chabot	1.593	Name
chacun	1.593	Noun
chafer	1.593	Name
chaffed	1.593	Verb
chaffing	1.593	Verb
chalazia	1.593	Noun
chaldean	1.593	Noun
chalices	1.593	Noun
chalks	1.593	Noun
chalmer	1.593	Name
chalon	1.593	Name
chamade	1.593	Adjective
chamar	1.593	Noun
chambre	1.593	Noun
chancre	1.593	Noun
changers	1.593	Noun
chanter	1.593	Noun
chanty	1.593	Adjective
chapeaux	1.593	Noun
charlady	1.593	Noun
charoses	1.593	Noun
charoset	1.593	Noun
chastely	1.593	Adverb
chastens	1.593	Verb
chaya	1.593	Name
cheapies	1.593	Noun
cheapish	1.593	Verb
cheapos	1.593	Noun
checksum	1.593	Noun
cheeked	1.593	Verb
cheeking	1.593	Verb
cheeper	1.593	Noun
chelate	1.593	Noun
chemise	1.593	Noun
cherna	1.593	Name
cheroot	1.593	Noun
cherubin	1.593	Noun
chevvy	1.593	Noun
chiasma	1.593	Noun
chicane	1.593	Noun
chicer	1.593	Noun
chicest	1.593	Adjective
chich	1.593	Name
chicker	1.593	Noun
chicness	1.593	Noun
chicos	1.593	Noun
chics	1.593	Noun
chiding	1.593	Noun
chiffons	1.593	Noun
childing	1.593	Adjective
chillers	1.593	Noun
chimbley	1.593	Noun
chimeras	1.593	Noun
chinas	1.593	Noun
chinked	1.593	Verb
chinking	1.593	Noun
chinless	1.593	Adjective
chinny	1.593	Adjective
chint	1.593	Noun
chinwag	1.593	Noun
chinwags	1.593	Noun
chiral	1.593	Adjective
chirpier	1.593	Adjective
chirrup	1.593	Verb
chitin	1.593	Noun
chitra	1.593	Name
chlorin	1.593	Noun
chocking	1.593	Verb
chocs	1.593	Noun
chok	1.593	Noun
chola	1.593	Noun
cholate	1.593	Noun
choli	1.593	Noun
choline	1.593	Noun
chomper	1.593	Noun
chondrus	1.593	Name
choochoo	1.593	Noun
choop	1.593	Noun
choughs	1.593	Noun
chowtime	1.593	Noun
chrism	1.593	Noun
chromed	1.593	Verb
chromes	1.593	Noun
chroming	1.593	Verb
chromos	1.593	Noun
chronics	1.593	Noun
chubs	1.593	Noun
chucker	1.593	Noun
chuffed	1.593	Adjective
chuffs	1.593	Verb
chuggers	1.593	Noun
chukka	1.593	Noun
chunga	1.593	Noun
chunked	1.593	Verb
chunkier	1.593	Adjective
churel	1.593	Name
churl	1.593	Verb
chuted	1.593	Verb
ciabatta	1.593	Noun
ciceros	1.593	Noun
ciliate	1.593	Noun
cinerama	1.593	Name
circ	1.593	Noun
circum	1.593	Noun
cis	1.593	Noun
citadels	1.593	Noun
cithara	1.593	Noun
citified	1.593	Adjective
citrate	1.593	Noun
citrine	1.593	Name
citron	1.593	Name
civets	1.593	Noun
civie	1.593	Noun
civies	1.593	Noun
clabber	1.593	Noun
clacked	1.593	Verb
clacks	1.593	Noun
cladding	1.593	Noun
clagging	1.593	Verb
claimer	1.593	Noun
clammily	1.593	Adverb
clamored	1.593	Verb
clampers	1.593	Noun
clanged	1.593	Verb
clansmen	1.593	Noun
clappers	1.593	Noun
clares	1.593	Name
clarets	1.593	Noun
classis	1.593	Noun
classist	1.593	Verb
clawlike	1.593	Adjective
cleanish	1.593	Verb
cleek	1.593	Verb
clefts	1.593	Noun
clevis	1.593	Noun
cli	1.593	Number
clinked	1.593	Verb
cliver	1.593	Name
cloacal	1.593	Adjective
clodpoll	1.593	Verb
clogger	1.593	Noun
cloggy	1.593	Adjective
clomps	1.593	Verb
clonic	1.593	Adjective
clopping	1.593	Verb
closers	1.593	Noun
clote	1.593	Noun
clotho	1.593	Noun
clotter	1.593	Noun
clou	1.593	Name
cloudier	1.593	Adjective
clough	1.593	Name
clouted	1.593	Verb
clubbers	1.593	Noun
clueing	1.593	Verb
clunkers	1.593	Noun
coachmen	1.593	Noun
coaled	1.593	Verb
coalsack	1.593	Noun
coatings	1.593	Noun
coaxes	1.593	Verb
cobbers	1.593	Noun
cobbles	1.593	Noun
cobbling	1.593	Verb
cocci	1.593	Name
cochin	1.593	Noun
cocinera	1.593	Noun
cockapoo	1.593	Noun
cockcrow	1.593	Noun
cockers	1.593	Noun
cockier	1.593	Adjective
cockneys	1.593	Noun
cocksy	1.593	Noun
cocoas	1.593	Noun
codal	1.593	Adjective
codder	1.593	Name
codify	1.593	Verb
codlings	1.593	Noun
codon	1.593	Noun
cods	1.593	Noun
coes	1.593	Name
coexists	1.593	Verb
coffered	1.593	Adjective
cogently	1.593	Adverb
cognomen	1.593	Noun
cohos	1.593	Noun
cohosts	1.593	Name
coiffing	1.593	Verb
coign	1.593	Noun
coldcock	1.593	Noun
coleus	1.593	Noun
colics	1.593	Noun
coliform	1.593	Adjective
colima	1.593	Name
collen	1.593	Noun
colloids	1.593	Noun
colloquy	1.593	Noun
collum	1.593	Name
colognes	1.593	Noun
colomb	1.593	Name
colonise	1.593	Verb
colophon	1.593	Noun
colorize	1.593	Verb
coltish	1.593	Adjective
combers	1.593	Name
combless	1.593	Adjective
combusts	1.593	Verb
comdr	1.593	Name
comfier	1.593	Adjective
comfits	1.593	Name
comfrey	1.593	Noun
comique	1.593	Name
comitia	1.593	Name
commers	1.593	Noun
communer	1.593	Noun
compeers	1.593	Noun
compiles	1.593	Verb
compleat	1.593	Adjective
complots	1.593	Noun
comprend	1.593	Verb
concedes	1.593	Verb
conceits	1.593	Noun
concent	1.593	Adjective
conches	1.593	Noun
conchie	1.593	Noun
concolor	1.593	Noun
concours	1.593	Noun
concuss	1.593	Verb
condole	1.593	Noun
condoled	1.593	Verb
coned	1.593	Adjective
conehead	1.593	Noun
conflux	1.593	Noun
confocal	1.593	Adjective
confrere	1.593	Noun
confuser	1.593	Noun
congeals	1.593	Verb
congest	1.593	Adjective
congreve	1.593	Noun
conidial	1.593	Adjective
conifers	1.593	Noun
coning	1.593	Verb
conjuror	1.593	Noun
conkers	1.593	Noun
connives	1.593	Verb
const	1.593	Verb
constr	1.593	#N/A
consuls	1.593	Noun
consulto	1.593	Noun
contd	1.593	Noun
contexts	1.593	Noun
conto	1.593	Noun
contr	1.593	Noun
contused	1.593	Verb
conversi	1.593	#N/A
cony	1.593	Noun
cooed	1.593	Verb
cooer	1.593	Noun
cooey	1.593	Interjection
cookers	1.593	Noun
cooky	1.593	Adjective
cooping	1.593	Verb
coops	1.593	Verb
coopted	1.593	Verb
cootch	1.593	Noun
coots	1.593	#N/A
cooty	1.593	Noun
copepods	1.593	Noun
copes	1.593	Verb
copout	1.593	Noun
coptic	1.593	Noun
copula	1.593	Adjective
copyhold	1.593	Noun
coquin	1.593	Noun
coraggio	1.593	Noun
coran	1.593	Noun
corded	1.593	Adjective
corder	1.593	Name
cording	1.593	Noun
cordons	1.593	Noun
cordovan	1.593	Noun
cored	1.593	Verb
corgi	1.593	Noun
corncrib	1.593	Noun
cornel	1.593	Verb
cornier	1.593	Adjective
cornuto	1.593	Noun
corolla	1.593	Name
corpora	1.593	Noun
corpuses	1.593	Noun
corrente	1.593	Noun
corrido	1.593	Noun
corseted	1.593	Adjective
corven	1.593	Adjective
coset	1.593	Noun
cosier	1.593	Adjective
cott	1.593	Name
cottoned	1.593	Verb
cottoner	1.593	Noun
cougher	1.593	Noun
coulis	1.593	Noun
coulisse	1.593	Noun
coulomb	1.593	Name
couplets	1.593	Noun
coverups	1.593	Noun
coveys	1.593	Noun
cowardy	1.593	Adjective
cowmen	1.593	Noun
cowpat	1.593	Noun
cowpath	1.593	Noun
cowpats	1.593	Noun
cowry	1.593	Noun
cowsheds	1.593	Noun
cowskin	1.593	Noun
coxes	1.593	Name
cozed	1.593	Verb
cozen	1.593	Noun
cozenage	1.593	Noun
coziest	1.593	Adjective
cozily	1.593	Adverb
cpo	1.593	Name
crabbit	1.593	Name
crabman	1.593	Name
crackled	1.593	Verb
crackups	1.593	Noun
craddy	1.593	Adjective
crafter	1.593	Noun
craftily	1.593	Adverb
cragged	1.593	Adjective
crags	1.593	Noun
crambo	1.593	Noun
crampons	1.593	Noun
crang	1.593	Verb
craniums	1.593	Noun
crankier	1.593	Adjective
crape	1.593	Verb
crapes	1.593	Noun
crapy	1.593	Adjective
crateful	1.593	Adjective
crazes	1.593	Verb
creamier	1.593	Adjective
creepies	1.593	Noun
cremains	1.593	Noun
cremates	1.593	Verb
cremator	1.593	Noun
crepey	1.593	Noun
crepitus	1.593	Noun
cress	1.593	Noun
cresting	1.593	Verb
cresyl	1.593	Noun
creviced	1.593	Verb
crewing	1.593	Verb
crile	1.593	Noun
cringle	1.593	Noun
crinite	1.593	Noun
crinums	1.593	Noun
criolla	1.593	Noun
criollos	1.593	Noun
crispier	1.593	Adjective
crisping	1.593	Verb
crisply	1.593	Adverb
critism	1.593	Noun
cro	1.593	Name
croaky	1.593	Adjective
crocuses	1.593	Noun
croker	1.593	Noun
cronyism	1.593	Noun
crookery	1.593	Noun
crooking	1.593	Verb
croppers	1.593	Noun
crores	1.593	Noun
crosstie	1.593	Noun
crossway	1.593	Noun
crotalid	1.593	Adjective
crotalus	1.593	Noun
crts	1.593	Name
crueller	1.593	Adjective
cruet	1.593	Noun
crull	1.593	Name
crummock	1.593	Name
crumps	1.593	Noun
cruppers	1.593	Noun
crusting	1.593	Verb
crut	1.593	Verb
cryptos	1.593	Noun
csc	1.593	Name
cst	1.593	Noun
cubage	1.593	Verb
cubeb	1.593	Noun
cubical	1.593	Adjective
cubistic	1.593	Adjective
cuckolds	1.593	Verb
cuddlier	1.593	Noun
cudgel	1.593	Noun
cudgels	1.593	Noun
cuerpo	1.593	Noun
cuirass	1.593	Noun
culbert	1.593	Name
culex	1.593	Noun
cullies	1.593	Noun
culling	1.593	Verb
cultch	1.593	Verb
cultish	1.593	Adjective
cultists	1.593	Noun
cultus	1.593	Noun
cumquat	1.593	Noun
cupful	1.593	Adjective
cupidity	1.593	Noun
cupric	1.593	Adjective
curated	1.593	Verb
curbed	1.593	Verb
curcas	1.593	Noun
curculio	1.593	Noun
curdling	1.593	Verb
cureless	1.593	Adjective
curia	1.593	Noun
curium	1.593	Noun
curlew	1.593	Noun
curn	1.593	Noun
currier	1.593	Name
curries	1.593	Noun
currish	1.593	Adjective
cursus	1.593	Noun
cushier	1.593	Adjective
cuspids	1.593	Noun
cusps	1.593	Verb
customed	1.593	Verb
cutted	1.593	Verb
cuttle	1.593	Verb
cyanate	1.593	Noun
cyclamen	1.593	Noun
cycler	1.593	Noun
cyclists	1.593	Noun
cycloid	1.593	Adjective
cyclos	1.593	Noun
cygnets	1.593	Noun
cyme	1.593	Noun
dabbler	1.593	Noun
dabblers	1.593	#N/A
dactyl	1.593	Noun
dadas	1.593	Name
daddle	1.593	Noun
daggered	1.593	Verb
dain	1.593	Noun
dairies	1.593	Noun
dairymen	1.593	Name
dallied	1.593	Verb
damas	1.593	Noun
damie	1.593	Name
damming	1.593	Verb
damnum	1.593	Noun
damson	1.593	Noun
dancery	1.593	Noun
dancette	1.593	Noun
dancy	1.593	Noun
dandiest	1.593	Adjective
dandyish	1.593	Adjective
dankish	1.593	Verb
danseur	1.593	Noun
darer	1.593	Noun
darns	1.593	Verb
dase	1.593	Noun
datura	1.593	Noun
daube	1.593	Verb
davits	1.593	Noun
dawdled	1.593	Verb
dawen	1.593	Name
dawny	1.593	Noun
daybed	1.593	Noun
daybeds	1.593	Noun
dazzler	1.593	Noun
deadfall	1.593	Noun
deading	1.593	Noun
deafens	1.593	Verb
deafer	1.593	Adjective
dealable	1.593	Adjective
deaness	1.593	Noun
deathin	1.593	Noun
debacles	1.593	Noun
debarked	1.593	Adjective
debarred	1.593	Verb
debaters	1.593	Noun
debe	1.593	Noun
deben	1.593	Adjective
debiting	1.593	Verb
debout	1.593	Noun
debrided	1.593	Verb
debriefs	1.593	Noun
debugged	1.593	Verb
debuting	1.593	Verb
decamp	1.593	Verb
decamped	1.593	Verb
decanted	1.593	Verb
decapod	1.593	Noun
decapods	1.593	Noun
decigram	1.593	Noun
deckers	1.593	Noun
declaim	1.593	Verb
decoders	1.593	Noun
decrypts	1.593	Noun
decuple	1.593	Verb
dedo	1.593	Noun
deduces	1.593	Verb
deducts	1.593	Verb
deeping	1.593	Adjective
deepness	1.593	Noun
deeps	1.593	Noun
deerhorn	1.593	Noun
deerskin	1.593	#N/A
deerwood	1.593	Noun
defaces	1.593	Verb
defacto	1.593	Noun
defame	1.593	Verb
defames	1.593	Verb
defaming	1.593	Verb
defet	1.593	Verb
deflects	1.593	Verb
defrayed	1.593	Verb
defrock	1.593	Verb
deftness	1.593	Noun
degreed	1.593	Noun
dehorned	1.593	Verb
dehorns	1.593	Verb
deify	1.593	Verb
deigning	1.593	Verb
deject	1.593	Noun
dejeuner	1.593	Noun
dekes	1.593	Noun
dekle	1.593	Name
delved	1.593	Verb
demain	1.593	Unclassified
demander	1.593	Noun
dement	1.593	Noun
demiurge	1.593	Noun
demoness	1.593	Noun
demoniac	1.593	Adjective
demonise	1.593	Verb
demonism	1.593	Noun
demotes	1.593	Verb
demount	1.593	Verb
demur	1.593	Noun
demurest	1.593	Adjective
demurs	1.593	Noun
denarii	1.593	#N/A
denazify	1.593	#N/A
dendroid	1.593	Noun
deniers	1.593	Noun
denned	1.593	Verb
denoted	1.593	Verb
denoting	1.593	Verb
dentin	1.593	Noun
denty	1.593	Noun
depa	1.593	Name
depletes	1.593	Verb
deponent	1.593	#N/A
deports	1.593	Verb
deposer	1.593	Noun
depute	1.593	Noun
deputes	1.593	Noun
deriving	1.593	Verb
dernier	1.593	Adjective
desc	1.593	Noun
descant	1.593	Noun
descript	1.593	Noun
designee	1.593	Noun
despond	1.593	Name
destin	1.593	Name
destine	1.593	Verb
detering	1.593	Verb
detrain	1.593	Verb
deuced	1.593	Adjective
devel	1.593	Verb
develope	1.593	Verb
deviltry	1.593	Noun
devily	1.593	Adverb
devoto	1.593	Name
devs	1.593	Noun
dewberry	1.593	Noun
dewlap	1.593	Noun
dewlaps	1.593	Noun
dextral	1.593	Adjective
dhal	1.593	Noun
dhole	1.593	Noun
dhows	1.593	Noun
dhu	1.593	Noun
diabolus	1.593	Noun
dialers	1.593	Noun
dialyze	1.593	Verb
diapason	1.593	Noun
diaspora	1.593	Noun
diaster	1.593	Noun
diatonic	1.593	Adjective
dibber	1.593	Verb
dibbles	1.593	Name
dicht	1.593	Noun
dicier	1.593	Noun
dictum	1.593	Noun
diddles	1.593	Noun
didos	1.593	Noun
didy	1.593	Adjective
dier	1.593	Adjective
dieters	1.593	Noun
diethyl	1.593	Noun
digitals	1.593	Noun
digne	1.593	Name
dihedral	1.593	Noun
diktat	1.593	Noun
dilator	1.593	Noun
dilators	1.593	Noun
dildoes	1.593	Noun
dimer	1.593	Noun
dimity	1.593	Noun
dimply	1.593	Adverb
dims	1.593	Verb
dinghies	1.593	Noun
dinked	1.593	Verb
dinkies	1.593	Noun
dinking	1.593	Adjective
dinkum	1.593	Noun
dinnery	1.593	Noun
dioramic	1.593	Adjective
diphenyl	1.593	Noun
diplex	1.593	Verb
dippers	1.593	Noun
dippiest	1.593	Adjective
dipsos	1.593	Noun
diptych	1.593	Noun
direness	1.593	Noun
dirges	1.593	Noun
dirks	1.593	Name
dirndl	1.593	Verb
dirtily	1.593	Adverb
disallow	1.593	Verb
discoed	1.593	Verb
discoing	1.593	Verb
dishrags	1.593	Noun
dishware	1.593	Noun
disjoin	1.593	Verb
disjunct	1.593	Adjective
disowns	1.593	Verb
dispels	1.593	Verb
disseat	1.593	Verb
distain	1.593	Verb
distend	1.593	Verb
dita	1.593	Name
ditsiest	1.593	Adjective
diverge	1.593	Verb
diverges	1.593	Verb
diverter	1.593	Noun
divests	1.593	Verb
divisors	1.593	Noun
divulger	1.593	Noun
divulges	1.593	Verb
dixit	1.593	Noun
dizaine	1.593	Verb
djakarta	1.593	Name
djinn	1.593	Noun
dnieper	1.593	Name
doating	1.593	Noun
docility	1.593	Noun
dockage	1.593	Noun
dockman	1.593	Name
doctorly	1.593	Adverb
dodder	1.593	Verb
doddle	1.593	Noun
dodoes	1.593	Noun
dodoma	1.593	Name
doffing	1.593	Verb
dogbite	1.593	Noun
doges	1.593	Noun
dogfall	1.593	Noun
doggle	1.593	Noun
doghead	1.593	Noun
dogmas	1.593	Noun
dogsleds	1.593	Name
dogwatch	1.593	Noun
dojos	1.593	Noun
doke	1.593	Noun
dolley	1.593	Name
dolour	1.593	Noun
domus	1.593	Name
donat	1.593	Name
donicker	1.593	Noun
doodah	1.593	Noun
doon	1.593	Noun
doorpost	1.593	Noun
dopa	1.593	Noun
doric	1.593	Adjective
dormancy	1.593	Noun
dormeuse	1.593	Noun
dors	1.593	Noun
dosis	1.593	Noun
doss	1.593	Noun
dossed	1.593	Verb
dotter	1.593	Noun
doubter	1.593	Noun
douce	1.593	Noun
doudle	1.593	Name
douser	1.593	Noun
dower	1.593	Noun
dowered	1.593	Adjective
downby	1.593	Noun
downwash	1.593	Noun
doxie	1.593	Noun
doxology	1.593	Noun
doyen	1.593	Noun
doyens	1.593	Noun
dpt	1.593	Name
drabble	1.593	Noun
drably	1.593	Adverb
dracaena	1.593	Noun
drad	1.593	Noun
draggers	1.593	Noun
draggly	1.593	Adverb
drainer	1.593	Noun
dramatis	1.593	Noun
drame	1.593	Verb
drats	1.593	Noun
drawling	1.593	Verb
drawls	1.593	Verb
dredgers	1.593	Noun
dreidels	1.593	Noun
dressier	1.593	Noun
drest	1.593	Adjective
drib	1.593	Noun
driers	1.593	Noun
drillers	1.593	Noun
drippers	1.593	Noun
drivable	1.593	Adjective
drollest	1.593	Adjective
drolling	1.593	Verb
drome	1.593	Noun
drongo	1.593	Noun
droops	1.593	Noun
dropsy	1.593	Noun
drowses	1.593	Verb
drowsily	1.593	Adverb
drowsing	1.593	Adjective
drudging	1.593	Adjective
druidism	1.593	Noun
druze	1.593	Noun
dryad	1.593	Noun
drys	1.593	Verb
dsp	1.593	Name
dualism	1.593	Noun
dually	1.593	Adverb
dubber	1.593	Noun
ducker	1.593	Noun
duckers	1.593	Noun
ducktail	1.593	Noun
duckweed	1.593	Noun
ductile	1.593	Adjective
duddle	1.593	Verb
duddy	1.593	Adjective
duding	1.593	Verb
dueler	1.593	Noun
duenna	1.593	Noun
duffels	1.593	Noun
duffers	1.593	Noun
duka	1.593	Name
dukeship	1.593	Noun
dult	1.593	Noun
dumdum	1.593	Name
dumdums	1.593	Noun
dummying	1.593	Noun
dunder	1.593	Noun
dungy	1.593	Noun
dunker	1.593	Name
dunkle	1.593	Name
dunny	1.593	Noun
dunster	1.593	Name
duodena	1.593	Noun
duomo	1.593	Noun
dup	1.593	Verb
dupes	1.593	Noun
duping	1.593	Verb
duppy	1.593	Adjective
dustier	1.593	Adjective
dutiable	1.593	Adjective
duvetyn	1.593	Name
dwarfism	1.593	Noun
dwindles	1.593	Noun
dybbuks	1.593	Noun
dyked	1.593	Verb
dynamism	1.593	Noun
dynastic	1.593	Adjective
dystonia	1.593	Noun
dystopia	1.593	Noun
eardrops	1.593	Noun
eared	1.593	Adjective
earhole	1.593	Noun
earing	1.593	Verb
earthed	1.593	Verb
earwigs	1.593	Noun
easels	1.593	Noun
easer	1.593	Noun
easiness	1.593	Noun
easters	1.593	Noun
easting	1.593	Verb
eastland	1.593	Name
easylike	1.593	Adjective
eath	1.593	Noun
ebonite	1.593	Noun
ecdysis	1.593	Noun
echoey	1.593	Adjective
eclat	1.593	Noun
eclogues	1.593	Noun
ecocidal	1.593	Adjective
ectoderm	1.593	Noun
ecu	1.593	Noun
eczemas	1.593	Noun
edda	1.593	Name
edger	1.593	#N/A
edginess	1.593	Noun
edifices	1.593	Noun
eelskin	1.593	Noun
eery	1.593	Adjective
efface	1.593	Verb
effed	1.593	Verb
effendis	1.593	Noun
effluvia	1.593	Noun
efforce	1.593	#N/A
effused	1.593	Verb
eggcup	1.593	Noun
eggroll	1.593	Noun
eggrolls	1.593	Noun
egoistic	1.593	Adjective
eland	1.593	Noun
elating	1.593	Verb
elations	1.593	Noun
elb	1.593	Name
eldrich	1.593	Name
electors	1.593	Noun
electros	1.593	Name
elevato	1.593	Noun
elicits	1.593	Verb
elkwood	1.593	Name
elliptic	1.593	Noun
elongate	1.593	Verb
elsewise	1.593	Adverb
elusion	1.593	Noun
elysia	1.593	Noun
elzevir	1.593	Noun
embargos	1.593	Noun
embolden	1.593	Noun
emboss	1.593	Verb
embroil	1.593	Noun
embush	1.593	Verb
emcees	1.593	Noun
emersion	1.593	Noun
emf	1.593	Verb
emigres	1.593	Noun
emirates	1.593	Noun
emotes	1.593	Verb
emove	1.593	Verb
empanada	1.593	Noun
emperess	1.593	Noun
empery	1.593	Noun
empirics	1.593	Noun
emprint	1.593	Noun
empt	1.593	Noun
emptily	1.593	Adverb
emption	1.593	Noun
emulated	1.593	Verb
enablers	1.593	Noun
enamour	1.593	Verb
encamp	1.593	Verb
encases	1.593	Noun
enclaves	1.593	Noun
encoring	1.593	Verb
encrust	1.593	Verb
ende	1.593	Noun
endives	1.593	Noun
endnotes	1.593	Noun
endplate	1.593	Noun
endpoint	1.593	Noun
enduro	1.593	Noun
enfilade	1.593	Noun
enfin	1.593	Name
engraves	1.593	Verb
engross	1.593	Verb
enlight	1.593	Name
enliven	1.593	Verb
enlivens	1.593	Verb
enmesh	1.593	Verb
ennobles	1.593	Verb
enology	1.593	Name
enow	1.593	Verb
enplane	1.593	Noun
enquired	1.593	Verb
enquires	1.593	Verb
enrolls	1.593	Noun
ense	1.593	#N/A
enshroud	1.593	Verb
ensnares	1.593	Verb
ensouled	1.593	Verb
ensuite	1.593	Adjective
entente	1.593	Noun
enthuses	1.593	Verb
entify	1.593	Verb
entrant	1.593	Noun
enured	1.593	Verb
envisage	1.593	Verb
eosin	1.593	Noun
epee	1.593	#N/A
ephedra	1.593	Noun
epical	1.593	Adjective
epigrams	1.593	Noun
epiphyte	1.593	Noun
episodal	1.593	Adjective
episodic	1.593	Adjective
epistles	1.593	Noun
epoxide	1.593	Noun
epoxies	1.593	Verb
epulis	1.593	Noun
equates	1.593	Verb
equerry	1.593	Noun
erasable	1.593	Adjective
erbium	1.593	Noun
erd	1.593	#N/A
erectly	1.593	Adverb
erf	1.593	Verb
ergotism	1.593	Noun
ermined	1.593	Verb
ermines	1.593	Noun
erodent	1.593	Adjective
erosions	1.593	Noun
erosive	1.593	Adjective
erotical	1.593	Adjective
errantly	1.593	Adverb
errantry	1.593	Noun
erratum	1.593	Noun
eruptive	1.593	Adjective
esau	1.593	Name
escalope	1.593	Name
escaper	1.593	Noun
eschar	1.593	Noun
eschew	1.593	Verb
eschewed	1.593	Verb
esd	1.593	Name
esophagi	1.593	Noun
espece	1.593	Verb
espouses	1.593	Verb
espundia	1.593	Noun
estadio	1.593	Name
estopped	1.593	Verb
estragon	1.593	Name
estrin	1.593	Noun
etang	1.593	#N/A
etas	1.593	Noun
eten	1.593	Verb
eterne	1.593	Noun
etheric	1.593	Adjective
ethers	1.593	Noun
ethiop	1.593	Noun
etruria	1.593	Noun
ety	1.593	Adjective
euchring	1.593	Verb
eudaemon	1.593	Noun
eugenism	1.593	Noun
euphony	1.593	Noun
eurasia	1.593	Name
evader	1.593	Noun
eventide	1.593	Noun
everymen	1.593	Noun
evinces	1.593	Verb
evitable	1.593	Adjective
evite	1.593	Noun
exaction	1.593	Noun
examen	1.593	Noun
excepts	1.593	Verb
excided	1.593	Verb
excision	1.593	Noun
exciter	1.593	Noun
excreta	1.593	Noun
excursus	1.593	Noun
excuser	1.593	Noun
exeat	1.593	Noun
execrate	1.593	Verb
exiling	1.593	Verb
exmoor	1.593	Name
exocrine	1.593	Adjective
expats	1.593	Noun
expender	1.593	Verb
expiate	1.593	Verb
expiated	1.593	Verb
expirate	1.593	Verb
expulse	1.593	Verb
extbook	1.593	Noun
extine	1.593	Name
extols	1.593	Verb
extruded	1.593	Adjective
extruder	1.593	#N/A
exudate	1.593	Noun
exultant	1.593	Adjective
exulting	1.593	Verb
exurban	1.593	Adjective
eyebath	1.593	Noun
eyelets	1.593	Noun
eyess	1.593	Verb
eyrie	1.593	Name
fac	1.593	Noun
facer	1.593	Noun
facetiae	1.593	Noun
faceup	1.593	Verb
faders	1.593	Noun
faenas	1.593	Noun
faffle	1.593	Noun
faffs	1.593	Verb
fagots	1.593	Verb
faille	1.593	Noun
fairlead	1.593	Noun
faisan	1.593	Name
fallowed	1.593	Verb
falsie	1.593	#N/A
falx	1.593	Noun
fames	1.593	Noun
fanfares	1.593	Noun
fangled	1.593	Adjective
fangy	1.593	Adjective
fanjet	1.593	Verb
fantails	1.593	Noun
fanzine	1.593	Noun
faq	1.593	Noun
faqir	1.593	Noun
farad	1.593	#N/A
faradays	1.593	Name
farces	1.593	Noun
farceur	1.593	Noun
farceurs	1.593	Noun
fard	1.593	Name
farina	1.593	Name
fass	1.593	Name
fastener	1.593	Noun
fatling	1.593	Noun
fatting	1.593	Verb
fattish	1.593	Verb
fatwas	1.593	Noun
faubourg	1.593	Name
faulted	1.593	Verb
faulting	1.593	Noun
fauvism	1.593	Noun
faves	1.593	Noun
fawned	1.593	Verb
fcs	1.593	Name
feal	1.593	Adjective
feastful	1.593	Adjective
feculent	1.593	Adjective
feeblest	1.593	Adjective
feebling	1.593	Noun
feebly	1.593	Adverb
feedlots	1.593	Noun
feedy	1.593	Adjective
feeing	1.593	Noun
feinting	1.593	Adjective
feist	1.593	Noun
fele	1.593	Noun
felis	1.593	Noun
fellahs	1.593	Noun
fellate	1.593	Verb
felspar	1.593	Name
feltlike	1.593	Adjective
felts	1.593	Noun
femurs	1.593	Noun
fenny	1.593	Adjective
ferme	1.593	Name
ferrel	1.593	Name
ferrite	1.593	Noun
fervency	1.593	Noun
fesse	1.593	Noun
fessing	1.593	Verb
festoons	1.593	Noun
feted	1.593	Verb
feting	1.593	Verb
fetor	1.593	Noun
fetter	1.593	Verb
fettered	1.593	Verb
fettler	1.593	Noun
feu	1.593	Noun
fibred	1.593	Adjective
fibril	1.593	Noun
fibroids	1.593	Noun
fibrotic	1.593	Adjective
fibster	1.593	Noun
fiche	1.593	Noun
fief	1.593	Noun
fiefdoms	1.593	Noun
fiestas	1.593	Noun
fifteens	1.593	Number
figo	1.593	Name
figural	1.593	Noun
figurate	1.593	Adjective
figurer	1.593	Noun
filcher	1.593	Noun
filer	1.593	Noun
filers	1.593	Noun
filiety	1.593	Name
filiform	1.593	Adjective
filius	1.593	Name
fillers	1.593	Noun
filles	1.593	Noun
fils	1.593	Noun
fineness	1.593	Noun
finessed	1.593	Verb
finesser	1.593	Noun
fingery	1.593	Adjective
finnan	1.593	Adjective
fireback	1.593	Noun
fireweed	1.593	Noun
firkins	1.593	Name
firming	1.593	Verb
firring	1.593	Verb
fishback	1.593	Noun
fishiest	1.593	Adjective
fishless	1.593	Adjective
fisted	1.593	Adjective
fister	1.593	Name
fistic	1.593	Adjective
fitchy	1.593	Name
fitfully	1.593	Adverb
fitly	1.593	Adverb
fivefold	1.593	Adverb
fivers	1.593	Noun
fivesome	1.593	Adjective
fixates	1.593	Verb
fixers	1.593	Noun
fizzes	1.593	Noun
fizzles	1.593	Verb
flaffer	1.593	Noun
flakier	1.593	Adjective
flam	1.593	Verb
flamb	1.593	Verb
flamming	1.593	Adjective
flams	1.593	Verb
flang	1.593	Verb
flanged	1.593	Verb
flanky	1.593	Adjective
flans	1.593	Noun
flappers	1.593	Noun
flashgun	1.593	Verb
flasket	1.593	Name
flatbeds	1.593	Noun
flatted	1.593	Verb
flattops	1.593	Noun
flatus	1.593	Adjective
flatwork	1.593	Noun
flatworm	1.593	Verb
flaxman	1.593	Name
fleeces	1.593	Verb
flenser	1.593	Noun
flensers	1.593	Noun
fleshly	1.593	Adverb
flexibly	1.593	Adverb
flics	1.593	Noun
fliest	1.593	Adjective
flimsier	1.593	Noun
flimsies	1.593	Noun
flinches	1.593	Verb
flinders	1.593	Name
flingers	1.593	Noun
flirter	1.593	Noun
flivver	1.593	Noun
fll	1.593	Noun
floreat	1.593	Noun
florets	1.593	Noun
florette	1.593	Name
flotilla	1.593	Noun
flounce	1.593	Verb
flouts	1.593	Verb
fluey	1.593	#N/A
fluffs	1.593	Verb
fluidly	1.593	Adverb
flummox	1.593	Noun
flumps	1.593	Verb
flus	1.593	Noun
flutist	1.593	Noun
flyflap	1.593	Verb
foaled	1.593	Verb
foals	1.593	Noun
foci	1.593	Noun
focusses	1.593	Verb
fogger	1.593	Noun
foggers	1.593	Name
foghorns	1.593	Noun
fogs	1.593	Noun
foining	1.593	Adjective
fol	1.593	Verb
fole	1.593	Name
folksong	1.593	Noun
fondon	1.593	#N/A
fondu	1.593	Noun
fono	1.593	Noun
fontanel	1.593	Name
fontina	1.593	Noun
foofaraw	1.593	Noun
foolscap	1.593	Noun
footgear	1.593	Noun
footings	1.593	Noun
footmark	1.593	Noun
footrope	1.593	Noun
foramina	1.593	Noun
forbad	1.593	Verb
forbar	1.593	Noun
forbore	1.593	Verb
forded	1.593	Verb
foreigns	1.593	Noun
forelimb	1.593	Noun
foremast	1.593	Noun
foret	1.593	Noun
forewarn	1.593	Verb
forgoing	1.593	Verb
forgone	1.593	Verb
forhow	1.593	Noun
forint	1.593	Noun
forkful	1.593	Adjective
formable	1.593	Adjective
formly	1.593	Adverb
forseen	1.593	Adjective
forswore	1.593	Verb
fortin	1.593	Name
fortiori	1.593	Adverb
fortis	1.593	Unclassified
fortyish	1.593	Verb
fourthly	1.593	Adverb
foutra	1.593	Noun
fovea	1.593	Noun
foxery	1.593	Adjective
foxfire	1.593	Name
frae	1.593	Noun
fraise	1.593	Noun
fraises	1.593	Noun
framable	1.593	Adjective
francium	1.593	Noun
franger	1.593	Noun
frankish	1.593	Adjective
frap	1.593	Verb
frapp	1.593	Noun
frapped	1.593	Verb
frappes	1.593	Noun
frass	1.593	Verb
frats	1.593	Noun
frayne	1.593	Name
frazzles	1.593	Verb
freakdom	1.593	Noun
freckly	1.593	Adverb
frederik	1.593	Name
freeware	1.593	Noun
fremitus	1.593	Noun
frenched	1.593	Verb
frenulum	1.593	Noun
frenzies	1.593	Noun
freq	1.593	Noun
freres	1.593	Noun
freshed	1.593	Adjective
freshet	1.593	Verb
friers	1.593	Noun
friezes	1.593	Noun
frill	1.593	Noun
fris	1.593	Name
frisks	1.593	Verb
frist	1.593	Noun
frit	1.593	Verb
friz	1.593	Verb
frizzed	1.593	Verb
frizzled	1.593	Name
frizzly	1.593	Adverb
frocked	1.593	Adjective
frogged	1.593	Verb
frogging	1.593	Verb
frontals	1.593	Noun
froster	1.593	Noun
frothier	1.593	Adjective
frottage	1.593	Noun
frow	1.593	Verb
frowner	1.593	Noun
frowsy	1.593	Adjective
frs	1.593	Noun
fructus	1.593	Adjective
fruitier	1.593	Adjective
frumpier	1.593	Adjective
frutex	1.593	Verb
fubsy	1.593	Noun
fuchsias	1.593	Noun
fuchsine	1.593	Verb
fudges	1.593	Verb
fueller	1.593	Name
fugle	1.593	Noun
fula	1.593	Noun
fulani	1.593	Name
fulcrums	1.593	Noun
fumbler	1.593	Noun
fumette	1.593	Noun
fumy	1.593	Noun
fundable	1.593	Adjective
fundal	1.593	Noun
fundus	1.593	Noun
funereal	1.593	Adjective
funfest	1.593	Adjective
funiculi	1.593	Adjective
funned	1.593	Verb
funs	1.593	Noun
furioso	1.593	Noun
furless	1.593	Adjective
furling	1.593	Verb
furze	1.593	Noun
fusel	1.593	Noun
fusty	1.593	Name
futurama	1.593	Noun
futurist	1.593	Noun
futuro	1.593	Noun
futzed	1.593	Adjective
fuzziest	1.593	Adjective
gabber	1.593	Noun
gabbler	1.593	Noun
gachupin	1.593	Name
gadflies	1.593	Noun
gads	1.593	Noun
gaffed	1.593	Verb
gages	1.593	Noun
gagger	1.593	Name
gagman	1.593	Noun
gaine	1.593	Name
gainsay	1.593	Verb
gaited	1.593	Verb
gaits	1.593	Noun
galleta	1.593	Noun
gallic	1.593	Adjective
gallow	1.593	Noun
galluses	1.593	Noun
galumph	1.593	Noun
gambits	1.593	Noun
gambol	1.593	Noun
gamboled	1.593	Verb
gambone	1.593	Name
gambs	1.593	Noun
gamed	1.593	Verb
gamesome	1.593	Adjective
gamester	1.593	#N/A
gamier	1.593	Noun
gammon	1.593	Noun
ganders	1.593	Noun
ganef	1.593	Verb
gange	1.593	Noun
ganger	1.593	Noun
gangrel	1.593	Noun
gangways	1.593	Noun
gaol	1.593	Noun
gaolers	1.593	Noun
gaper	1.593	Name
gapes	1.593	Verb
gapped	1.593	Verb
garbages	1.593	Noun
garbles	1.593	Verb
garbling	1.593	Verb
garbs	1.593	Noun
gardant	1.593	Noun
gardened	1.593	Verb
gargled	1.593	Verb
garishly	1.593	Adverb
garni	1.593	Noun
garston	1.593	Name
garten	1.593	Name
garths	1.593	Name
gaskin	1.593	Noun
gaslit	1.593	Adjective
gasolene	1.593	Noun
gast	1.593	Noun
gateman	1.593	Noun
gau	1.593	Name
gaucher	1.593	Name
gaudier	1.593	Adjective
gauds	1.593	Noun
gauged	1.593	Verb
gaulish	1.593	Adjective
gauzy	1.593	Adjective
gavage	1.593	Noun
gawks	1.593	Noun
gawp	1.593	Verb
gawping	1.593	Verb
gayish	1.593	Adjective
gazabo	1.593	Noun
gazettes	1.593	Noun
gearset	1.593	Noun
geet	1.593	Verb
gehenna	1.593	Name
gelded	1.593	Verb
gelled	1.593	Verb
gels	1.593	Noun
gelt	1.593	Noun
gemeinde	1.593	Noun
generale	1.593	Noun
generall	1.593	Noun
generics	1.593	Noun
genii	1.593	Noun
genomic	1.593	Adjective
gens	1.593	Noun
gentrify	1.593	Verb
genty	1.593	Name
geodes	1.593	Noun
geogen	1.593	Noun
geophone	1.593	Noun
georgics	1.593	Noun
gerberas	1.593	Noun
germens	1.593	Noun
gerunds	1.593	Noun
gess	1.593	Verb
gestated	1.593	Verb
gestates	1.593	Verb
gested	1.593	Adjective
gether	1.593	Verb
geulah	1.593	Name
gewgaws	1.593	Noun
ghanaian	1.593	Adjective
ghazi	1.593	Name
giantism	1.593	Noun
giftwrap	1.593	Verb
gigabyte	1.593	Noun
gigawatt	1.593	Noun
gigglers	1.593	Noun
gilts	1.593	Noun
gimcrack	1.593	Noun
gimped	1.593	Verb
gimping	1.593	Verb
gingerly	1.593	Adverb
gingiva	1.593	Noun
gingivae	1.593	Noun
gingkos	1.593	Noun
ginnings	1.593	Noun
ginzo	1.593	Noun
gippo	1.593	Noun
girding	1.593	Verb
gironde	1.593	Noun
gismos	1.593	Noun
gitter	1.593	Noun
gladder	1.593	Adjective
gladiola	1.593	Noun
glads	1.593	Noun
glair	1.593	Verb
glans	1.593	Noun
glary	1.593	Noun
glassed	1.593	Verb
glassine	1.593	Verb
glazes	1.593	Noun
glenoid	1.593	Noun
glim	1.593	Noun
glimmery	1.593	Adjective
glinted	1.593	Verb
gliomas	1.593	Noun
gloated	1.593	Verb
globin	1.593	Name
glomming	1.593	Verb
gloppy	1.593	Adjective
glorias	1.593	Name
glorying	1.593	Adjective
glossier	1.593	Adjective
glossies	1.593	Noun
glottal	1.593	Adjective
glottis	1.593	Noun
glovey	1.593	Name
glowers	1.593	Noun
glueing	1.593	Verb
gluts	1.593	Verb
glutted	1.593	Verb
glyceryl	1.593	Noun
glycine	1.593	Noun
glycogen	1.593	Noun
glyn	1.593	Name
gnarlier	1.593	Adjective
gnashed	1.593	Verb
gnashes	1.593	Verb
gnostic	1.593	Adjective
goaler	1.593	Noun
gobbet	1.593	Noun
gobbets	1.593	Noun
gobies	1.593	Noun
gode	1.593	Noun
godkin	1.593	Name
godsons	1.593	Noun
gofers	1.593	Noun
goggly	1.593	Adjective
goi	1.593	Noun
goldang	1.593	Noun
golems	1.593	Noun
goli	1.593	Noun
goliaths	1.593	Name
goll	1.593	Verb
golpe	1.593	Noun
gome	1.593	Noun
goney	1.593	Noun
gonging	1.593	Noun
gonif	1.593	Noun
gonk	1.593	Noun
goofiest	1.593	Adjective
goops	1.593	Noun
gorger	1.593	Noun
gorgonia	1.593	Name
gorki	1.593	Name
gos	1.593	Verb
goslings	1.593	Noun
gote	1.593	Noun
gouty	1.593	Adjective
gove	1.593	Verb
govt	1.593	Noun
gowning	1.593	Verb
goys	1.593	Noun
gpss	1.593	Name
graben	1.593	Noun
gracilis	1.593	Noun
gracy	1.593	Name
gradated	1.593	Verb
gradin	1.593	Noun
grained	1.593	Verb
gramma	1.593	Noun
grammes	1.593	Noun
grampus	1.593	#N/A
granate	1.593	Noun
granites	1.593	Noun
grapnels	1.593	Verb
grasper	1.593	Noun
graspers	1.593	Noun
grassers	1.593	Noun
grassing	1.593	Verb
gratae	1.593	Noun
gratias	1.593	Noun
gratings	1.593	Noun
gravamen	1.593	Noun
graved	1.593	Adjective
gravelly	1.593	Adjective
gravers	1.593	Noun
gravid	1.593	Adjective
gravitic	1.593	Adjective
grayhead	1.593	Noun
grayness	1.593	Noun
greases	1.593	Verb
greaves	1.593	Noun
greeney	1.593	Name
gremmie	1.593	Noun
grenier	1.593	Name
gres	1.593	Noun
grex	1.593	Noun
greyish	1.593	Adjective
griddles	1.593	#N/A
grifting	1.593	Verb
grigri	1.593	Noun
grimaced	1.593	Verb
grimmer	1.593	Adjective
griped	1.593	Verb
gripers	1.593	Noun
grippers	1.593	Noun
gristles	1.593	Noun
grizzler	1.593	Noun
groaners	1.593	Noun
groggily	1.593	Adverb
grond	1.593	Noun
groovier	1.593	Adjective
groper	1.593	Noun
grosso	1.593	Noun
grot	1.593	Noun
grouting	1.593	Noun
growlers	1.593	Noun
growly	1.593	Adverb
gruffer	1.593	Adjective
gruffest	1.593	Adjective
grum	1.593	Noun
grun	1.593	Verb
grundel	1.593	Verb
gruss	1.593	Name
gryphon	1.593	Noun
guardant	1.593	Noun
guarder	1.593	Noun
guariba	1.593	Name
guarneri	1.593	Noun
guerdon	1.593	Noun
guesting	1.593	Verb
guichet	1.593	Name
guider	1.593	Name
guidons	1.593	Noun
guilds	1.593	Noun
guiles	1.593	Noun
guinean	1.593	Noun
guiro	1.593	Noun
guised	1.593	Verb
gulags	1.593	Noun
gulden	1.593	Noun
gules	1.593	Verb
gulfs	1.593	Noun
gulled	1.593	Verb
gulley	1.593	Noun
gullied	1.593	Verb
gullying	1.593	Noun
gulpin	1.593	Name
guly	1.593	Adverb
gunl	1.593	Noun
gunmaker	1.593	Noun
gunnels	1.593	Noun
gunnies	1.593	Noun
guntub	1.593	Noun
gunung	1.593	Name
gup	1.593	Name
gurk	1.593	Name
gurr	1.593	Noun
gurrah	1.593	Name
gusseted	1.593	Adjective
gustily	1.593	Adverb
gutt	1.593	Verb
guzzlers	1.593	Noun
gyps	1.593	Noun
gyration	1.593	Noun
habakkuk	1.593	Verb
hability	1.593	Noun
habitant	1.593	Adjective
hable	1.593	Adjective
habsburg	1.593	Name
habus	1.593	Noun
hache	1.593	Name
hackery	1.593	Noun
hackled	1.593	Verb
hackling	1.593	Verb
hacksaws	1.593	Noun
hackwork	1.593	Noun
hadith	1.593	Name
hadnt	1.593	#N/A
hadrons	1.593	Noun
haec	1.593	Unclassified
haen	1.593	#N/A
hafnium	1.593	Noun
haftorah	1.593	Noun
hagged	1.593	Verb
haily	1.593	Adverb
hairlike	1.593	Adjective
hajji	1.593	Adjective
hajjis	1.593	Noun
haler	1.593	Name
halfen	1.593	Noun
halfmoon	1.593	Noun
halfwits	1.593	Noun
hallan	1.593	Name
hallel	1.593	Name
halliard	1.593	Noun
hallooed	1.593	Verb
halloos	1.593	Noun
hallux	1.593	Verb
halogens	1.593	Noun
halver	1.593	Name
hamotzi	1.593	Noun
hampers	1.593	Noun
hanbury	1.593	Name
handoffs	1.593	Noun
handsets	1.593	Noun
handwork	1.593	Noun
hangup	1.593	Verb
hangups	1.593	Noun
hansard	1.593	Name
hansels	1.593	Name
haole	1.593	Noun
harbours	1.593	Verb
hardcase	1.593	Name
hardcopy	1.593	Noun
hardier	1.593	Adjective
hardiest	1.593	Adjective
hardnose	1.593	Noun
harelips	1.593	Noun
harish	1.593	Noun
harka	1.593	Noun
harkee	1.593	Noun
harkened	1.593	Verb
harkens	1.593	Noun
harle	1.593	Name
harmin	1.593	Noun
haroset	1.593	Verb
harr	1.593	Name
harrid	1.593	Name
harrying	1.593	Verb
hasheesh	1.593	Noun
hashing	1.593	Verb
hassock	1.593	Noun
hastes	1.593	Verb
hatband	1.593	Noun
hauberk	1.593	Noun
hault	1.593	Verb
haunty	1.593	Noun
hawkey	1.593	Name
hawknose	1.593	Noun
hawkshaw	1.593	Noun
hawky	1.593	Name
haya	1.593	Noun
hayfield	1.593	Noun
haying	1.593	Verb
hayne	1.593	Name
hazarded	1.593	Verb
hazers	1.593	Noun
headmen	1.593	Noun
headpin	1.593	Noun
headsail	1.593	Noun
headwall	1.593	Name
headwork	1.593	Noun
hearers	1.593	Noun
hearkens	1.593	Verb
heatedly	1.593	Adverb
heathy	1.593	Noun
heaver	1.593	Verb
hectical	1.593	Adjective
hedger	1.593	Noun
heedful	1.593	Adjective
heehaw	1.593	Verb
heeler	1.593	Noun
heezy	1.593	Adjective
heftier	1.593	Adjective
hegemon	1.593	Noun
heiau	1.593	Noun
heiling	1.593	Verb
heister	1.593	Noun
heisters	1.593	Noun
helder	1.593	Name
hele	1.593	Name
helled	1.593	Name
hellenic	1.593	Adjective
helling	1.593	Noun
helmeted	1.593	Adjective
helpline	1.593	Noun
hematin	1.593	Noun
hendy	1.593	Adjective
hennaed	1.593	Adjective
henpeck	1.593	Verb
henpecks	1.593	Verb
heraldry	1.593	Noun
herba	1.593	Noun
herbals	1.593	Noun
herbless	1.593	Adjective
herdsman	1.593	Noun
herefrom	1.593	Noun
herma	1.593	Name
herp	1.593	Noun
heths	1.593	Name
hetter	1.593	Noun
hewgag	1.593	Noun
hewing	1.593	Verb
hexapod	1.593	Name
hibachis	1.593	Noun
hiccuped	1.593	Verb
hicky	1.593	Adjective
hidalgos	1.593	Noun
hiders	1.593	Noun
higgle	1.593	Verb
highjack	1.593	Verb
highroad	1.593	Noun
highveld	1.593	Name
hilding	1.593	Verb
hillers	1.593	Noun
hillier	1.593	Name
hillo	1.593	Noun
hillocks	1.593	Noun
hillsman	1.593	Name
hinduism	1.593	Noun
hine	1.593	Name
hingle	1.593	Noun
hipness	1.593	Noun
hir	1.593	Noun
hish	1.593	Adjective
hisser	1.593	Noun
hitchers	1.593	Noun
hoarders	1.593	Noun
hoary	1.593	Adjective
hobbing	1.593	Verb
hod	1.593	Noun
hodaddy	1.593	Name
hogfish	1.593	Noun
hoggish	1.593	Adjective
hoggs	1.593	Verb
hoggy	1.593	Adjective
hogmenay	1.593	Name
hogshead	1.593	Noun
hoick	1.593	Verb
hoise	1.593	Noun
hokier	1.593	Adjective
holdall	1.593	Noun
holdman	1.593	Noun
holgate	1.593	Name
holily	1.593	Adverb
hollands	1.593	Name
hollies	1.593	Noun
holmium	1.593	Noun
holms	1.593	Name
holpen	1.593	Verb
hols	1.593	Noun
holts	1.593	Name
homelife	1.593	Noun
homered	1.593	Verb
homilies	1.593	Noun
hominids	1.593	Noun
homish	1.593	Adjective
honan	1.593	Noun
hones	1.593	Verb
honeyed	1.593	Adjective
honkey	1.593	Noun
honkie	1.593	Noun
hoodooed	1.593	Verb
hoofers	1.593	Noun
hooka	1.593	Name
hoolihan	1.593	Noun
hooly	1.593	Adjective
hooping	1.593	Verb
hoopoe	1.593	Noun
hoptoad	1.593	Noun
horah	1.593	Noun
hore	1.593	Noun
hornless	1.593	Adjective
horseboy	1.593	Noun
hortator	1.593	Noun
hosannas	1.593	Noun
hosta	1.593	Name
hostelry	1.593	Noun
hostler	1.593	Noun
hostlers	1.593	Noun
hotbeds	1.593	Noun
hote	1.593	Noun
hotelier	1.593	Noun
hotfoots	1.593	Noun
hotting	1.593	Noun
housetop	1.593	Noun
housings	1.593	Noun
hout	1.593	Verb
houting	1.593	Adjective
hovels	1.593	Noun
howdah	1.593	Noun
howlet	1.593	Noun
hoyden	1.593	Noun
huarache	1.593	Noun
huckle	1.593	Verb
hucks	1.593	Noun
huffer	1.593	Noun
hugeous	1.593	Adjective
huguenot	1.593	Noun
hulling	1.593	Noun
hulu	1.593	Name
humanify	1.593	Verb
humanise	1.593	Verb
humhum	1.593	Noun
humidors	1.593	Noun
humours	1.593	Noun
humphs	1.593	Name
hunchy	1.593	Noun
huntings	1.593	Noun
huppahs	1.593	Noun
hura	1.593	Noun
hurdler	1.593	Noun
hurlers	1.593	Noun
hurrier	1.593	Noun
hurtle	1.593	Verb
hurtles	1.593	Verb
hurty	1.593	Noun
hushing	1.593	Verb
huss	1.593	Noun
hussar	1.593	Noun
huzza	1.593	Name
huzzahs	1.593	Noun
hyaline	1.593	Noun
hydropic	1.593	Adjective
hydrous	1.593	Adjective
hydroxy	1.593	Adjective
hygroma	1.593	Noun
hymens	1.593	Noun
hynde	1.593	Name
hyp	1.593	Noun
hypes	1.593	Noun
iambs	1.593	Noun
ibid	1.593	Adverb
icepick	1.593	Noun
icily	1.593	Adverb
ickle	1.593	Verb
icteric	1.593	Adjective
idealise	1.593	Verb
idealogy	1.593	Noun
idence	1.593	Noun
idioms	1.593	Noun
idled	1.593	Verb
idles	1.593	Verb
ido	1.593	Noun
ign	1.593	#N/A
igniters	1.593	Noun
ignobly	1.593	Adverb
igraine	1.593	Name
ihram	1.593	Noun
ilama	1.593	Name
ile	1.593	Name
iliad	1.593	Name
ilka	1.593	Name
ilks	1.593	Noun
iller	1.593	Adjective
illume	1.593	Verb
illy	1.593	Adverb
imams	1.593	Noun
imbibes	1.593	Verb
imbowers	1.593	Verb
immerged	1.593	Verb
immerses	1.593	Verb
immured	1.593	Verb
immy	1.593	Adjective
impalas	1.593	Noun
impales	1.593	Verb
impeder	1.593	Noun
impels	1.593	Verb
imperils	1.593	Verb
imperium	1.593	Noun
impinges	1.593	Verb
impishly	1.593	Adverb
imposers	1.593	Noun
impugns	1.593	Verb
impulsed	1.593	Verb
impute	1.593	Verb
imputes	1.593	Verb
inanity	1.593	Noun
incan	1.593	Adjective
incenses	1.593	Noun
inched	1.593	Verb
inclines	1.593	Noun
incus	1.593	Noun
indicts	1.593	Verb
indite	1.593	Verb
individ	1.593	#N/A
indole	1.593	Noun
indorse	1.593	Verb
inducers	1.593	Noun
indus	1.593	Name
ineptly	1.593	Adverb
inexpert	1.593	Adjective
infamia	1.593	Noun
infantas	1.593	Name
infector	1.593	Noun
infernos	1.593	Noun
inflect	1.593	Verb
infos	1.593	Noun
infuses	1.593	Noun
ingenues	1.593	Noun
ingrain	1.593	Verb
init	1.593	Verb
inital	1.593	Adjective
inkings	1.593	Noun
inkless	1.593	Adjective
inkwells	1.593	Noun
inlets	1.593	Noun
inlike	1.593	Adjective
innest	1.593	Adjective
inquests	1.593	Noun
inquirer	1.593	Noun
insame	1.593	Noun
insaner	1.593	Adjective
inseams	1.593	Noun
insecta	1.593	Noun
inset	1.593	Noun
insets	1.593	Noun
insol	1.593	Verb
insolate	1.593	Noun
inspirer	1.593	Noun
insteps	1.593	Noun
instil	1.593	Verb
instils	1.593	Verb
intenser	1.593	Adjective
internes	1.593	Noun
intimity	1.593	Noun
intone	1.593	Verb
intrudes	1.593	Verb
intuit	1.593	Noun
inure	1.593	Noun
inuring	1.593	Verb
invidia	1.593	Noun
invitees	1.593	Noun
inviter	1.593	Noun
invoiced	1.593	Verb
inwith	1.593	Noun
iodoform	1.593	Verb
ionise	1.593	Verb
iranians	1.593	Noun
irately	1.593	Adverb
ired	1.593	#N/A
irides	1.593	Noun
irishmen	1.593	Noun
irking	1.593	Verb
ironbark	1.593	Noun
ironman	1.593	Name
ironside	1.593	Name
ironweed	1.593	Name
ironwood	1.593	Noun
iroquois	1.593	Name
irrigant	1.593	Noun
iscariot	1.593	Name
ischia	1.593	Noun
ischial	1.593	Adjective
ised	1.593	#N/A
islandic	1.593	Adjective
iterate	1.593	Verb
iterated	1.593	Verb
iud	1.593	Noun
ivies	1.593	Noun
ivin	1.593	Noun
izzat	1.593	Noun
jabbered	1.593	Verb
jabble	1.593	Name
jackaroo	1.593	Name
jackboot	1.593	Noun
jackdaw	1.593	Verb
jackleg	1.593	Noun
jacksaw	1.593	Noun
jacobins	1.593	Noun
jagers	1.593	Noun
jagging	1.593	Adjective
jailish	1.593	Adjective
jailors	1.593	Noun
jain	1.593	Noun
jamoke	1.593	Noun
jangly	1.593	Name
japed	1.593	Verb
japery	1.593	Noun
jara	1.593	Name
jarabe	1.593	Noun
jardin	1.593	Name
jarosite	1.593	Noun
jarvey	1.593	Name
jasp	1.593	Name
jaspered	1.593	Adjective
jato	1.593	Name
jaunce	1.593	Noun
jauntily	1.593	Adverb
javas	1.593	Noun
javelins	1.593	Noun
jawbones	1.593	Noun
jaycee	1.593	Noun
jaycees	1.593	Noun
jefes	1.593	Name
jejunal	1.593	Adjective
jelled	1.593	Verb
jellico	1.593	Name
jennies	1.593	Name
jere	1.593	Adjective
jerker	1.593	Noun
jerkins	1.593	Noun
jerkish	1.593	Verb
jeroboam	1.593	Noun
jesses	1.593	Name
jesuitic	1.593	Adjective
jetties	1.593	Noun
jezebels	1.593	Noun
jiggered	1.593	Verb
jigging	1.593	Verb
jihads	1.593	Noun
jillaroo	1.593	Name
jilling	1.593	Verb
jillions	1.593	Noun
jills	1.593	Name
jimminy	1.593	Noun
jina	1.593	Name
jingoist	1.593	Noun
jinked	1.593	Verb
jitneys	1.593	Noun
jiujitsu	1.593	Noun
jived	1.593	Verb
jobbed	1.593	Verb
jobber	1.593	Noun
jocasta	1.593	Noun
jocular	1.593	Adjective
joeys	1.593	Name
joggle	1.593	Verb
joggled	1.593	Verb
joinery	1.593	Noun
joinings	1.593	Noun
jollity	1.593	Noun
jolty	1.593	Adjective
joshed	1.593	Verb
josher	1.593	Name
jostlers	1.593	Noun
jottings	1.593	Noun
joule	1.593	Noun
jousted	1.593	Verb
jovially	1.593	Adverb
jow	1.593	Verb
jowly	1.593	Adverb
joyed	1.593	Verb
joying	1.593	Verb
joyrider	1.593	Noun
joyrides	1.593	Verb
judaic	1.593	Adjective
judaica	1.593	Name
jugful	1.593	Noun
jugged	1.593	Adjective
jugulars	1.593	Noun
jukes	1.593	Noun
jungly	1.593	Adverb
junipers	1.593	Noun
juntos	1.593	Noun
jure	1.593	Noun
jurists	1.593	Noun
justest	1.593	Adjective
justitia	1.593	Noun
justness	1.593	Noun
juts	1.593	Verb
jutty	1.593	Noun
kabel	1.593	Noun
kafirs	1.593	Noun
kaha	1.593	#N/A
kal	1.593	Adjective
kami	1.593	Name
kampong	1.593	Name
kanae	1.593	Name
kapa	1.593	Name
kapp	1.593	Noun
karpas	1.593	Noun
karting	1.593	Verb
karuna	1.593	Name
kashi	1.593	Noun
kashima	1.593	Name
kashmiri	1.593	Adjective
katakana	1.593	Name
kaw	1.593	Name
kayaker	1.593	Noun
kayoed	1.593	Verb
kazatsky	1.593	Adjective
kbar	1.593	Noun
keach	1.593	Name
keap	1.593	Verb
kebob	1.593	Noun
kedgeree	1.593	Name
keeks	1.593	Name
keelhaul	1.593	Verb
keena	1.593	Name
keening	1.593	Verb
keens	1.593	Verb
keets	1.593	Verb
kelpies	1.593	Noun
kelter	1.593	Noun
kennet	1.593	Name
kente	1.593	Name
kerman	1.593	Name
kerning	1.593	Verb
kerosine	1.593	Noun
kers	1.593	Noun
ketches	1.593	Noun
keyless	1.593	Adjective
keyman	1.593	Noun
keynotes	1.593	Noun
khi	1.593	Noun
kiangs	1.593	Noun
kibitzes	1.593	Verb
kickable	1.593	Adjective
kidhood	1.593	Noun
kie	1.593	#N/A
kief	1.593	#N/A
killjoys	1.593	Noun
kilobyte	1.593	Noun
kilted	1.593	Adjective
kina	1.593	Noun
kinase	1.593	Noun
kindler	1.593	Noun
kines	1.593	Name
kinesis	1.593	Noun
kinetics	1.593	Noun
kingsize	1.593	Adjective
kingsman	1.593	Noun
kinkajou	1.593	Noun
kinked	1.593	Verb
kinking	1.593	Noun
kinkle	1.593	Name
kino	1.593	Noun
kinos	1.593	Noun
kippered	1.593	Adjective
kipping	1.593	Verb
kippy	1.593	Name
kirks	1.593	Noun
kirtle	1.593	Noun
kismetic	1.593	Adjective
kiswa	1.593	Noun
kitbag	1.593	Noun
kited	1.593	Adjective
kiter	1.593	Noun
klutzes	1.593	Noun
knacking	1.593	Verb
knappy	1.593	Name
knavery	1.593	Noun
knavish	1.593	Adjective
kneaded	1.593	Verb
kneeing	1.593	Verb
knicker	1.593	Noun
knifer	1.593	Noun
knobbed	1.593	Adjective
knobbing	1.593	Verb
knockup	1.593	Noun
knorr	1.593	Noun
knowable	1.593	Adjective
knowe	1.593	Verb
knower	1.593	Noun
knowings	1.593	Noun
knuckled	1.593	Verb
knurled	1.593	Adjective
kofta	1.593	Name
kongu	1.593	Name
kookier	1.593	Adjective
kopeks	1.593	Noun
kore	1.593	Verb
korova	1.593	Name
koshered	1.593	Verb
koumiss	1.593	Noun
kowtows	1.593	Verb
kozo	1.593	Name
kph	1.593	Name
kra	1.593	#N/A
kraal	1.593	Name
kraits	1.593	Noun
krakens	1.593	Noun
krebs	1.593	Name
krems	1.593	Name
kreutzer	1.593	Name
krone	1.593	Noun
krs	1.593	Name
kufic	1.593	Noun
kurd	1.593	Adjective
kvetch	1.593	Verb
kvetched	1.593	Verb
kwacha	1.593	Noun
kyd	1.593	Name
kyphosis	1.593	Noun
labeler	1.593	Noun
labella	1.593	Name
labial	1.593	Adjective
lacerate	1.593	Verb
lachesis	1.593	Noun
laciest	1.593	Adjective
lacker	1.593	Name
lacquers	1.593	Noun
lacunar	1.593	Adjective
ladens	1.593	Noun
ladino	1.593	Noun
ladled	1.593	Verb
ladylove	1.593	Noun
laetrile	1.593	Adjective
lagarto	1.593	Noun
lagers	1.593	Noun
laggard	1.593	Noun
lahore	1.593	Name
laius	1.593	Noun
lak	1.593	Name
lakhs	1.593	Noun
lakish	1.593	Noun
lamina	1.593	Noun
lamister	1.593	Noun
lammas	1.593	Name
lamping	1.593	Verb
lams	1.593	Noun
lamsters	1.593	Noun
lancha	1.593	Noun
landsat	1.593	Name
landslip	1.593	Noun
landsmen	1.593	Noun
landward	1.593	Adjective
langue	1.593	Unclassified
lank	1.593	Verb
lanugo	1.593	Noun
lappers	1.593	Noun
lapwing	1.593	Noun
lards	1.593	Noun
largos	1.593	Noun
lariats	1.593	Noun
larking	1.593	Verb
larrup	1.593	Name
larums	1.593	Noun
lasing	1.593	Verb
lassos	1.593	Noun
lastjob	1.593	Noun
laterals	1.593	Noun
lateran	1.593	Noun
lathers	1.593	Noun
lathery	1.593	Noun
lathes	1.593	Noun
latron	1.593	Name
latticed	1.593	Adjective
laudanin	1.593	Noun
lauding	1.593	Verb
lauryl	1.593	Noun
lavalier	1.593	Adjective
lavant	1.593	Name
laving	1.593	Verb
lawbook	1.593	Noun
lawks	1.593	Name
layback	1.593	Noun
lazaret	1.593	Noun
lazed	1.593	Verb
lcm	1.593	#N/A
leafing	1.593	Verb
leaker	1.593	Noun
leapers	1.593	Noun
lears	1.593	Name
leas	1.593	Noun
leashed	1.593	Verb
leat	1.593	Noun
leaved	1.593	Verb
leavens	1.593	Verb
leavy	1.593	Name
leches	1.593	Noun
lection	1.593	Noun
leers	1.593	Noun
leetle	1.593	Noun
leeways	1.593	Noun
lefter	1.593	Adjective
legalist	1.593	Noun
legatee	1.593	Noun
leghorns	1.593	Noun
legibly	1.593	Adverb
legioned	1.593	Adjective
legits	1.593	Noun
leisures	1.593	Noun
leme	1.593	Noun
lemma	1.593	Noun
lempiras	1.593	Noun
leninist	1.593	Adjective
lensman	1.593	#N/A
lepton	1.593	Noun
leptons	1.593	Noun
lesed	1.593	Adjective
lessees	1.593	Noun
lessor	1.593	Noun
leste	1.593	Name
letchy	1.593	Adjective
letdowns	1.593	Noun
lete	1.593	Noun
lethean	1.593	Adjective
lethes	1.593	Noun
lettuces	1.593	Noun
letup	1.593	Noun
leu	1.593	Noun
levator	1.593	Noun
levelers	1.593	Noun
levins	1.593	Name
levite	1.593	Noun
lhb	1.593	Noun
liaising	1.593	Verb
libeling	1.593	Name
libelled	1.593	Verb
licensee	1.593	Noun
lickings	1.593	Noun
licour	1.593	Noun
lidded	1.593	Adjective
lifebelt	1.593	Noun
ligas	1.593	Noun
ligate	1.593	Verb
ligating	1.593	Noun
ligger	1.593	Noun
lightful	1.593	Adjective
ligne	1.593	Noun
lignite	1.593	Noun
ligurian	1.593	Adjective
likelier	1.593	Adjective
lilas	1.593	Noun
lill	1.593	Name
lilts	1.593	Verb
limas	1.593	Noun
limbless	1.593	Adjective
limed	1.593	Verb
liminal	1.593	Adjective
limiters	1.593	Noun
limpers	1.593	Noun
limpest	1.593	Adjective
linch	1.593	Noun
linea	1.593	Noun
linesman	1.593	Noun
lings	1.593	Noun
linnaean	1.593	Adjective
linnets	1.593	Noun
lionize	1.593	Verb
lipase	1.593	Noun
lipless	1.593	Adjective
lippen	1.593	Verb
lipping	1.593	Verb
liquify	1.593	Verb
liras	1.593	Noun
lish	1.593	Name
lisps	1.593	Verb
lissome	1.593	Adjective
listers	1.593	Name
litchis	1.593	Noun
lites	1.593	Noun
lith	1.593	Noun
lithic	1.593	Adjective
litho	1.593	Name
lits	1.593	Noun
liturgy	1.593	Noun
livres	1.593	Noun
loaches	1.593	Noun
loadings	1.593	Noun
loaners	1.593	Noun
loave	1.593	Noun
lobar	1.593	Noun
lobi	1.593	Adjective
localize	1.593	Verb
lochan	1.593	Name
loche	1.593	Name
lockouts	1.593	Noun
locoed	1.593	Verb
locomote	1.593	Verb
loden	1.593	Name
logans	1.593	Name
loge	1.593	Noun
logics	1.593	Noun
loiterer	1.593	Noun
loli	1.593	Name
lolls	1.593	Verb
lomita	1.593	Name
loneness	1.593	Noun
longe	1.593	Noun
loofahs	1.593	Noun
lookdown	1.593	Noun
loomer	1.593	Name
loonier	1.593	Adjective
loots	1.593	Noun
lopes	1.593	Verb
lorate	1.593	Verb
loris	1.593	Name
loros	1.593	Name
lors	1.593	Noun
lory	1.593	Noun
losh	1.593	Verb
loto	1.593	Noun
lottos	1.593	Noun
lough	1.593	Name
lounged	1.593	Verb
loungy	1.593	Noun
lousier	1.593	Adjective
louvered	1.593	Adjective
lovably	1.593	Adverb
lovelock	1.593	Name
lowborn	1.593	Adjective
lowboy	1.593	Name
lowder	1.593	Name
lowman	1.593	Name
loxed	1.593	Verb
loyalest	1.593	Adjective
lsc	1.593	Noun
luaus	1.593	Noun
lubes	1.593	Noun
luces	1.593	Verb
lucifee	1.593	Noun
luckly	1.593	Adverb
ludden	1.593	Name
luddy	1.593	Name
luges	1.593	Noun
luggages	1.593	Noun
lumens	1.593	Noun
luminare	1.593	Noun
lumme	1.593	Noun
lumping	1.593	Verb
luncher	1.593	Noun
lunettes	1.593	Noun
lungful	1.593	Noun
lungwort	1.593	Noun
lunker	1.593	Noun
lunts	1.593	Noun
lupis	1.593	Noun
lurcher	1.593	Name
lurching	1.593	Verb
lustrum	1.593	Noun
lvov	1.593	Name
lychee	1.593	Noun
lynx	1.593	Noun
lys	1.593	#N/A
lysed	1.593	Verb
lytic	1.593	Adjective
maar	1.593	Name
macaque	1.593	Noun
macerate	1.593	Verb
machinal	1.593	Name
macula	1.593	Noun
maculate	1.593	Noun
macules	1.593	Noun
macumba	1.593	Name
madams	1.593	Noun
maddens	1.593	Verb
maddish	1.593	Adjective
maddock	1.593	Name
madonnas	1.593	Name
madrona	1.593	Name
madrone	1.593	Noun
maduro	1.593	Name
magmata	1.593	Noun
mahimahi	1.593	Noun
maidenly	1.593	Adverb
maintop	1.593	Noun
majolica	1.593	Noun
makos	1.593	Noun
malambo	1.593	Noun
malawi	1.593	Name
malayans	1.593	Noun
maleate	1.593	Name
maline	1.593	Name
malleoli	1.593	Noun
malling	1.593	Verb
malting	1.593	Verb
mammee	1.593	Noun
mammie	1.593	Noun
manacle	1.593	Noun
manchild	1.593	Noun
mandat	1.593	Noun
mandrill	1.593	Noun
manful	1.593	Adjective
mangiest	1.593	Adjective
manit	1.593	Verb
manless	1.593	Adjective
manlier	1.593	Adjective
manoir	1.593	Name
manship	1.593	Noun
mant	1.593	Noun
mantic	1.593	Adjective
manto	1.593	Name
manuever	1.593	Verb
manzana	1.593	Name
maoism	1.593	Noun
maoist	1.593	Adjective
maoists	1.593	Noun
mapper	1.593	Noun
marabou	1.593	Noun
maraud	1.593	Verb
marauds	1.593	Verb
marcels	1.593	Name
marchers	1.593	Noun
marchman	1.593	Name
mardy	1.593	Adjective
marengo	1.593	Name
marid	1.593	Noun
marketer	1.593	Noun
marl	1.593	Noun
marlier	1.593	Name
maror	1.593	Noun
marquees	1.593	Noun
marrier	1.593	Noun
marsupia	1.593	Noun
martlet	1.593	Noun
masais	1.593	Name
mascaras	1.593	Noun
maschera	1.593	Name
masquers	1.593	Name
masseurs	1.593	Noun
massless	1.593	Adjective
mastic	1.593	Noun
matchet	1.593	Noun
matelote	1.593	Noun
materia	1.593	Name
matina	1.593	Name
matins	1.593	Unclassified
matric	1.593	Name
matronly	1.593	Adverb
matsu	1.593	Name
mattes	1.593	Noun
matting	1.593	Noun
maty	1.593	Noun
matzoh	1.593	Noun
matzos	1.593	Noun
matzoth	1.593	Noun
maun	1.593	Verb
mausolea	1.593	Noun
mavin	1.593	Name
mawk	1.593	Name
maxwells	1.593	Name
mayflies	1.593	Noun
mayhems	1.593	Noun
maza	1.593	Noun
mazuma	1.593	Noun
mazzard	1.593	Noun
meacock	1.593	Noun
meanders	1.593	Noun
meaned	1.593	Verb
meaners	1.593	Noun
measurer	1.593	Noun
meath	1.593	Name
meatman	1.593	Noun
meaw	1.593	Name
meccano	1.593	Name
meck	1.593	#N/A
medaled	1.593	Verb
medalled	1.593	Verb
meddlers	1.593	Noun
meddles	1.593	Verb
mediary	1.593	Noun
medias	1.593	Noun
medius	1.593	Noun
medleys	1.593	Noun
medoc	1.593	Noun
medullas	1.593	Noun
meio	1.593	Noun
melamine	1.593	Verb
melior	1.593	Noun
mellower	1.593	Adjective
melos	1.593	Noun
melters	1.593	Noun
melteth	1.593	Verb
memoria	1.593	Noun
menaced	1.593	Verb
mender	1.593	Noun
menehune	1.593	Noun
menfolks	1.593	Noun
menials	1.593	Noun
meno	1.593	Noun
meowed	1.593	Verb
mercuric	1.593	Adjective
mered	1.593	Name
meridiem	1.593	Adverb
merinos	1.593	Noun
mermen	1.593	Noun
merrow	1.593	Name
merrymen	1.593	Name
mese	1.593	Noun
meso	1.593	Noun
mesoderm	1.593	Noun
mesons	1.593	Noun
messily	1.593	Adverb
mesteno	1.593	Noun
mestizo	1.593	Noun
metairie	1.593	Noun
metall	1.593	Noun
metering	1.593	Noun
metis	1.593	Unclassified
metritis	1.593	Noun
mewed	1.593	Verb
mewl	1.593	Verb
mgd	1.593	Name
mhz	1.593	Noun
mian	1.593	Adjective
miasma	1.593	Noun
micas	1.593	Noun
micelles	1.593	Noun
miche	1.593	Name
mickies	1.593	Name
micros	1.593	Noun
middles	1.593	Noun
midgard	1.593	Name
midis	1.593	Noun
midwatch	1.593	Verb
mien	1.593	Noun
miff	1.593	Noun
mignonne	1.593	Noun
mikie	1.593	Name
miking	1.593	Noun
milch	1.593	Name
mildews	1.593	Noun
milepost	1.593	Noun
milker	1.593	Noun
milko	1.593	Noun
milkweed	1.593	Verb
millage	1.593	Verb
milled	1.593	Verb
milles	1.593	Name
millpond	1.593	Noun
minable	1.593	Adjective
minarets	1.593	Noun
minder	1.593	Noun
minicab	1.593	#N/A
minicabs	1.593	Noun
minoring	1.593	Verb
mintage	1.593	Noun
minting	1.593	Verb
minyans	1.593	Noun
mirabile	1.593	Adjective
miracled	1.593	Verb
mirate	1.593	Verb
mirepoix	1.593	Verb
misbegot	1.593	Verb
miscible	1.593	Adjective
miscues	1.593	Noun
misdeed	1.593	Noun
misdoubt	1.593	Verb
misfile	1.593	Adjective
misfires	1.593	Noun
misgives	1.593	Verb
misguide	1.593	Verb
mishave	1.593	Noun
mishnah	1.593	Name
mislabel	1.593	Verb
mislike	1.593	Adjective
misnamed	1.593	Verb
misrule	1.593	Noun
missa	1.593	Noun
misspeak	1.593	Verb
mistless	1.593	Adjective
misuses	1.593	Verb
miswrote	1.593	Verb
mitered	1.593	Adjective
mittimus	1.593	Noun
mitty	1.593	Name
mixup	1.593	Noun
mize	1.593	#N/A
mizzling	1.593	Verb
moaner	1.593	Noun
moca	1.593	Noun
mockable	1.593	Adjective
moderato	1.593	Noun
moderner	1.593	Adjective
modester	1.593	Adjective
mogs	1.593	Verb
mohr	1.593	Noun
moire	1.593	Noun
moise	1.593	Name
moistens	1.593	Verb
mojos	1.593	Noun
molas	1.593	Noun
molder	1.593	Noun
moleskin	1.593	Noun
moline	1.593	Verb
molle	1.593	Name
molls	1.593	Noun
mollusca	1.593	Name
mollusks	1.593	Noun
momi	1.593	Noun
momus	1.593	Noun
monikers	1.593	Noun
monitory	1.593	Adjective
monkeyed	1.593	Verb
monomers	1.593	Noun
monteros	1.593	Name
monton	1.593	Noun
mony	1.593	Noun
mooches	1.593	Noun
moodiest	1.593	Adjective
mooed	1.593	Verb
moondog	1.593	Noun
moonhead	1.593	Noun
moonier	1.593	Adjective
moonshot	1.593	Noun
moorage	1.593	Noun
moorhen	1.593	Noun
mooted	1.593	Verb
mooting	1.593	Adjective
mopers	1.593	Noun
mopery	1.593	Name
moralize	1.593	Verb
morel	1.593	Noun
morella	1.593	Name
morena	1.593	Name
morphic	1.593	Adjective
morphin	1.593	Noun
morrises	1.593	Name
mortier	1.593	Adjective
mortlake	1.593	Name
mortmain	1.593	Noun
mosel	1.593	Name
mossback	1.593	Noun
motes	1.593	Name
motet	1.593	Noun
mothy	1.593	Adjective
motored	1.593	Verb
motte	1.593	Noun
mottoes	1.593	Noun
mouche	1.593	Name
mounded	1.593	Verb
mounter	1.593	Noun
mourne	1.593	Name
mousses	1.593	Noun
moussing	1.593	Verb
mouthier	1.593	Noun
mowana	1.593	Name
mpg	1.593	#N/A
muchly	1.593	Adverb
muchness	1.593	Noun
muckhole	1.593	Noun
muckrake	1.593	Verb
mucoid	1.593	Adjective
mucor	1.593	Noun
mudra	1.593	Name
muenster	1.593	Noun
mufflin	1.593	Name
mugg	1.593	Noun
mugshots	1.593	Noun
mugwort	1.593	Noun
mulattos	1.593	Noun
mulched	1.593	Verb
mulcher	1.593	Noun
muleteer	1.593	Verb
mulier	1.593	Name
mullahs	1.593	Noun
mult	1.593	Noun
mumbler	1.593	Noun
mummer	1.593	Noun
mumms	1.593	Name
mump	1.593	Name
mumped	1.593	Verb
munches	1.593	Verb
munchy	1.593	Noun
muns	1.593	Name
muon	1.593	Noun
mura	1.593	Noun
muralist	1.593	Noun
murine	1.593	Adjective
murkiest	1.593	Adjective
murphies	1.593	Name
murr	1.593	Name
murres	1.593	Noun
muscat	1.593	Name
muscats	1.593	Name
musette	1.593	Noun
musica	1.593	Noun
musics	1.593	Noun
musketry	1.593	Noun
muslins	1.593	Noun
musses	1.593	Verb
mussy	1.593	Adjective
musters	1.593	Verb
musts	1.593	Noun
mutagen	1.593	Noun
mutative	1.593	Adjective
muth	1.593	Name
mutine	1.593	Noun
muting	1.593	Verb
muzhik	1.593	Noun
muzz	1.593	Name
muzzlers	1.593	Noun
muzzling	1.593	Verb
myelitis	1.593	Noun
myeloma	1.593	Noun
myopathy	1.593	Noun
myriads	1.593	Noun
myrmidon	1.593	Noun
myst	1.593	Noun
mythos	1.593	Noun
myxedema	1.593	Noun
nabob	1.593	Verb
nae	1.593	Not
naf	1.593	Noun
naff	1.593	Adjective
nagara	1.593	Name
naggy	1.593	Adjective
naira	1.593	Noun
naivety	1.593	Noun
nakedest	1.593	Adjective
nako	1.593	Name
nanas	1.593	Noun
nances	1.593	Noun
nannie	1.593	Noun
nantz	1.593	Name
napoo	1.593	Noun
napper	1.593	Noun
nappie	1.593	Noun
napu	1.593	Noun
narceine	1.593	Verb
narcos	1.593	Noun
nard	1.593	Noun
nare	1.593	Verb
narking	1.593	Verb
narky	1.593	Name
nataka	1.593	Noun
nativist	1.593	Adjective
natl	1.593	Noun
nattily	1.593	Adverb
natu	1.593	Name
natura	1.593	Noun
natured	1.593	Adjective
natus	1.593	Adjective
naur	1.593	Name
nautch	1.593	Noun
nautili	1.593	Noun
nawabs	1.593	Noun
naysay	1.593	Noun
nazarite	1.593	Noun
neap	1.593	Adjective
nearness	1.593	Noun
nearside	1.593	Noun
neaten	1.593	Verb
neckar	1.593	Verb
neckband	1.593	Noun
neckless	1.593	Adjective
nectary	1.593	Noun
needers	1.593	Noun
neem	1.593	Noun
neet	1.593	Noun
neeze	1.593	Noun
neglige	1.593	Noun
negroish	1.593	Verb
nelsons	1.593	Noun
nema	1.593	Noun
nemeses	1.593	Noun
nerval	1.593	Adjective
nerving	1.593	Verb
nestful	1.593	Noun
netmen	1.593	Noun
neuromas	1.593	Noun
nevadan	1.593	Name
nevus	1.593	Noun
newgate	1.593	Name
newsbeat	1.593	Noun
nextdoor	1.593	Noun
ngai	1.593	Noun
ngaio	1.593	Name
nibbing	1.593	Verb
nibblers	1.593	Name
niblicks	1.593	Noun
niccolo	1.593	Name
nicol	1.593	#N/A
nife	1.593	Noun
nifties	1.593	Noun
niggle	1.593	Noun
niggling	1.593	Adjective
nighters	1.593	Noun
nightman	1.593	#N/A
nihility	1.593	Noun
ninepin	1.593	Noun
ninepins	1.593	Noun
ninths	1.593	Number
nipmuck	1.593	Noun
nishiki	1.593	Name
nitre	1.593	Noun
noachian	1.593	Adjective
nobble	1.593	Verb
nobbling	1.593	Verb
nodal	1.593	Adjective
nodder	1.593	Noun
noddle	1.593	Noun
noggins	1.593	Noun
noire	1.593	Noun
noires	1.593	Verb
noisette	1.593	Noun
noising	1.593	Verb
noma	1.593	Noun
nomic	1.593	Adjective
nomina	1.593	Noun
nonces	1.593	Noun
nonesuch	1.593	Verb
nonfarm	1.593	Noun
nonfatal	1.593	Adjective
nonfocal	1.593	Adjective
nonskid	1.593	Adjective
nonstick	1.593	Noun
noonish	1.593	Verb
noop	1.593	#N/A
norito	1.593	Name
norry	1.593	Noun
norsemen	1.593	Name
northen	1.593	Name
northers	1.593	Noun
norths	1.593	Noun
nosebag	1.593	Verb
noshes	1.593	Noun
nosier	1.593	Adjective
nosiest	1.593	Adjective
nosiness	1.593	Noun
noster	1.593	Unclassified
nostrums	1.593	Noun
notarize	1.593	Verb
notate	1.593	Verb
notating	1.593	Verb
notifies	1.593	Verb
novae	1.593	Noun
novenas	1.593	Noun
novo	1.593	Noun
nowaday	1.593	Noun
noway	1.593	Noun
nowhat	1.593	Verb
nowness	1.593	Noun
nubbins	1.593	Noun
nubbly	1.593	Adjective
nubby	1.593	Adjective
nuddle	1.593	Verb
nuddy	1.593	#N/A
nudeness	1.593	Noun
nudies	1.593	Noun
nulled	1.593	Verb
numbly	1.593	Adverb
numeric	1.593	Adjective
numeros	1.593	Name
numinous	1.593	Adjective
nurl	1.593	Noun
nursy	1.593	Adjective
nurtures	1.593	Verb
nus	1.593	Noun
nutters	1.593	Noun
nuzzles	1.593	Verb
nyanza	1.593	Name
nymphets	1.593	Noun
oaring	1.593	Verb
oary	1.593	Name
oast	1.593	Noun
oban	1.593	Name
obe	1.593	#N/A
obelus	1.593	Noun
obis	1.593	Noun
obl	1.593	Name
obligato	1.593	Name
obloquy	1.593	Noun
obstante	1.593	Noun
obtainer	1.593	Noun
obtrude	1.593	Verb
obtunded	1.593	Verb
occas	1.593	Noun
occident	1.593	Noun
occlusal	1.593	Adjective
occults	1.593	Noun
ock	1.593	Verb
oconnor	1.593	Name
octavo	1.593	Noun
octet	1.593	Noun
octoroon	1.593	Noun
oculists	1.593	Noun
ocurred	1.593	Verb
oddments	1.593	Noun
odes	1.593	Noun
odontoid	1.593	Adjective
odorant	1.593	Noun
odorous	1.593	Adjective
odysseys	1.593	Noun
oersted	1.593	#N/A
offic	1.593	Adjective
offish	1.593	Noun
offloads	1.593	Noun
oftenest	1.593	Adjective
ofttimes	1.593	Adverb
oglers	1.593	Noun
ogress	1.593	Verb
ohing	1.593	Verb
oilcloth	1.593	Noun
oilmen	1.593	Noun
oilskin	1.593	Noun
oilskins	1.593	Verb
oldness	1.593	Noun
oldy	1.593	Noun
olefins	1.593	Noun
oleos	1.593	Name
oligarch	1.593	Noun
olio	1.593	Noun
oliva	1.593	Name
ological	1.593	Adjective
ologies	1.593	Noun
omadhaun	1.593	Verb
omasum	1.593	Noun
omegas	1.593	Noun
omentum	1.593	Noun
oner	1.593	#N/A
oni	1.593	Noun
onondaga	1.593	Name
oohed	1.593	Verb
oos	1.593	Noun
oose	1.593	#N/A
ootheca	1.593	Noun
opacity	1.593	Noun
opah	1.593	Interjection
opaline	1.593	Verb
openest	1.593	Adjective
operatee	1.593	Noun
opossums	1.593	Noun
orals	1.593	Noun
orangey	1.593	Noun
oras	1.593	#N/A
orbiters	1.593	Noun
orchis	1.593	Noun
ordains	1.593	Verb
ordinals	1.593	Noun
ordinate	1.593	Noun
orf	1.593	Noun
ormer	1.593	Noun
ornerier	1.593	Adjective
orphic	1.593	Adjective
orris	1.593	Noun
orrow	1.593	Noun
orthoepy	1.593	Noun
orthopod	1.593	Noun
orthotic	1.593	Adjective
oryx	1.593	Noun
osage	1.593	Name
oside	1.593	Noun
osirian	1.593	Adjective
osmium	1.593	Noun
osmolal	1.593	Name
osmolar	1.593	Adjective
osprey	1.593	Noun
ospreys	1.593	Noun
ossified	1.593	Adjective
ossuary	1.593	Noun
ostium	1.593	Noun
ostomy	1.593	Noun
otc	1.593	Noun
ottinger	1.593	Name
ousting	1.593	Verb
ousts	1.593	Verb
outact	1.593	Verb
outbids	1.593	Verb
outboxed	1.593	Verb
outclass	1.593	Verb
outdance	1.593	Noun
outdoes	1.593	Verb
outfront	1.593	Noun
outgo	1.593	Noun
outgun	1.593	Verb
outgush	1.593	Noun
outjump	1.593	Verb
outmate	1.593	Adjective
outpaced	1.593	Verb
outpour	1.593	Noun
outputs	1.593	Noun
outraced	1.593	Verb
outrange	1.593	Verb
outsail	1.593	Verb
outseam	1.593	Verb
outshone	1.593	Verb
outsize	1.593	Adjective
outsmell	1.593	Verb
outspend	1.593	Verb
outstays	1.593	Verb
outtalks	1.593	Verb
outturn	1.593	Noun
outway	1.593	Noun
outwear	1.593	Noun
ouverte	1.593	Noun
ovated	1.593	Verb
overawe	1.593	Verb
overbred	1.593	Adjective
overcall	1.593	Noun
overdoor	1.593	Noun
overdubs	1.593	Noun
overeasy	1.593	Adjective
overeats	1.593	Verb
overfill	1.593	Verb
overhalf	1.593	Verb
overhung	1.593	Verb
overjust	1.593	Noun
overkeen	1.593	Adjective
overlong	1.593	Noun
overmuch	1.593	Adverb
oversalt	1.593	Verb
oversold	1.593	Verb
overtill	1.593	Verb
overtip	1.593	Verb
overwet	1.593	Verb
ovulated	1.593	Verb
ower	1.593	Verb
owlery	1.593	Noun
owlet	1.593	Noun
owling	1.593	Noun
ownself	1.593	Pronoun
oxcart	1.593	Noun
oxes	1.593	Noun
oxides	1.593	Noun
oxidises	1.593	Verb
oxidizes	1.593	Verb
oximetry	1.593	Noun
oxlips	1.593	Noun
oxtail	1.593	Noun
oyes	1.593	Verb
pablum	1.593	Noun
paca	1.593	Name
pacas	1.593	Name
pacers	1.593	Noun
pachucos	1.593	Noun
pacifico	1.593	Name
packable	1.593	Adjective
padder	1.593	Noun
paddler	1.593	Noun
paddlers	1.593	Noun
paddocks	1.593	Noun
padishah	1.593	Noun
paganism	1.593	Noun
pagodas	1.593	Noun
painty	1.593	Adjective
paisas	1.593	Noun
palach	1.593	Name
paladins	1.593	Noun
paleness	1.593	Noun
paleon	1.593	Noun
palestra	1.593	Name
palettes	1.593	Noun
palled	1.593	Verb
pallone	1.593	Noun
palming	1.593	Verb
palpated	1.593	Verb
palps	1.593	Noun
panaceas	1.593	Noun
panelist	1.593	Noun
panfry	1.593	Noun
panjabi	1.593	Adjective
panocha	1.593	Noun
panoply	1.593	Noun
panpipe	1.593	Noun
pantries	1.593	Noun
papain	1.593	Verb
papering	1.593	Noun
papilla	1.593	Noun
pappies	1.593	Name
papular	1.593	Adjective
paragram	1.593	Noun
paranoea	1.593	Noun
parao	1.593	Noun
paraquat	1.593	Noun
parboil	1.593	Verb
pards	1.593	Noun
parens	1.593	Name
parented	1.593	Verb
parers	1.593	Noun
pares	1.593	Verb
parfum	1.593	Noun
pargo	1.593	Noun
pari	1.593	Adverb
parilla	1.593	Noun
parl	1.593	Verb
parleyed	1.593	Verb
parlous	1.593	Adjective
parred	1.593	Verb
parrying	1.593	Verb
parsecs	1.593	Noun
parser	1.593	Noun
parsifal	1.593	Name
parsleys	1.593	Noun
partaker	1.593	Noun
partakes	1.593	Verb
parter	1.593	Noun
parters	1.593	Name
parthian	1.593	Adjective
parti	1.593	Noun
pashas	1.593	Noun
passably	1.593	Adverb
passado	1.593	Noun
passant	1.593	Adverb
passen	1.593	Noun
passo	1.593	Name
passu	1.593	Adverb
pastern	1.593	Noun
pastes	1.593	Noun
pastille	1.593	Noun
pastored	1.593	Verb
patellar	1.593	Adjective
patellas	1.593	Noun
pathan	1.593	Noun
pathosis	1.593	Noun
pathy	1.593	Noun
patois	1.593	Noun
patridge	1.593	Name
patronne	1.593	#N/A
patroon	1.593	Noun
paunch	1.593	Noun
paunches	1.593	Noun
pauser	1.593	Noun
pav	1.593	Name
pavane	1.593	Name
paver	1.593	Noun
pavers	1.593	Noun
pavia	1.593	Name
pavin	1.593	Noun
pawpaw	1.593	Verb
pct	1.593	Noun
pdq	1.593	Name
peaces	1.593	Noun
peached	1.593	Verb
peans	1.593	Noun
peaty	1.593	Adjective
pebbled	1.593	Adjective
peccant	1.593	Noun
peccary	1.593	Noun
pecorino	1.593	Noun
pecunia	1.593	Noun
pedants	1.593	Noun
pediment	1.593	Noun
peeving	1.593	Verb
pegboard	1.593	Noun
pegging	1.593	Verb
pekoe	1.593	Noun
peller	1.593	Name
pelops	1.593	Noun
peloton	1.593	Noun
pelter	1.593	Verb
penfold	1.593	Name
penna	1.593	Name
penni	1.593	Name
pennied	1.593	Verb
penumbra	1.593	Name
penury	1.593	Noun
peopler	1.593	Adjective
peppery	1.593	Adjective
peptic	1.593	Adjective
percents	1.593	Noun
percept	1.593	Noun
perche	1.593	Noun
percipi	1.593	Noun
perdue	1.593	Name
peregrin	1.593	Name
peri	1.593	Name
peridot	1.593	Noun
perine	1.593	Name
perineal	1.593	Adjective
perique	1.593	Adjective
perjures	1.593	Verb
perkier	1.593	Adjective
perle	1.593	Noun
perming	1.593	Noun
pernod	1.593	Name
peroneal	1.593	Adjective
perses	1.593	Name
persis	1.593	Name
personae	1.593	Noun
personam	1.593	Adjective
perspex	1.593	Noun
perty	1.593	Adjective
peruses	1.593	Verb
pervade	1.593	Verb
pervaded	1.593	Verb
peskier	1.593	Adjective
pess	1.593	Noun
petalled	1.593	Adjective
petrosal	1.593	Noun
pettier	1.593	Adjective
pettiest	1.593	Adjective
pettling	1.593	Verb
pewters	1.593	#N/A
phage	1.593	Noun
phages	1.593	Name
phantasy	1.593	Name
phattest	1.593	Adjective
phenols	1.593	Noun
phenyl	1.593	Noun
phials	1.593	Noun
phimosis	1.593	Noun
phon	1.593	Noun
phoner	1.593	Noun
phonied	1.593	Verb
phoniest	1.593	Adjective
phos	1.593	Noun
phosgene	1.593	Noun
phosphor	1.593	Noun
phrenic	1.593	Adjective
phyla	1.593	Noun
piastres	1.593	Noun
picador	1.593	Noun
picas	1.593	Name
piccante	1.593	Noun
piccolos	1.593	Noun
pice	1.593	Noun
picea	1.593	Noun
pickery	1.593	Noun
pickier	1.593	Adjective
pickiest	1.593	Adjective
picklock	1.593	Noun
pickoff	1.593	Noun
piddled	1.593	Verb
pieties	1.593	Noun
piffling	1.593	Verb
piggery	1.593	Noun
pigmeat	1.593	Name
pigments	1.593	Noun
pigpens	1.593	Noun
pigswill	1.593	Noun
pikelet	1.593	Noun
piki	1.593	Name
pilfer	1.593	Verb
pilferer	1.593	Noun
pillages	1.593	Verb
pilled	1.593	Verb
pillion	1.593	Noun
pilose	1.593	Noun
pilotage	1.593	Verb
pimas	1.593	Name
pimentos	1.593	Noun
pimiento	1.593	Noun
pinacle	1.593	Noun
pingers	1.593	Noun
pinkest	1.593	Adjective
pinniped	1.593	Adjective
pinscher	1.593	Noun
pintle	1.593	Noun
pintsize	1.593	Verb
pinworm	1.593	Name
pipette	1.593	Noun
pipper	1.593	Name
pipping	1.593	Verb
piquette	1.593	Noun
piquing	1.593	Verb
pirogues	1.593	Noun
piroshki	1.593	Noun
pisco	1.593	Noun
pishes	1.593	Verb
pishposh	1.593	Verb
pismire	1.593	Noun
piste	1.593	Noun
pistils	1.593	Noun
pitas	1.593	Noun
pitchmen	1.593	Noun
pitchpot	1.593	Noun
pitfall	1.593	Noun
pithing	1.593	Verb
piute	1.593	Verb
pivoting	1.593	Adjective
pixy	1.593	Noun
placet	1.593	Noun
plaguey	1.593	Noun
plaint	1.593	Noun
planaria	1.593	Noun
planked	1.593	Verb
plantain	1.593	Noun
plasmid	1.593	Noun
plaudits	1.593	Noun
playact	1.593	Noun
playpens	1.593	Noun
playsuit	1.593	Noun
pleader	1.593	Noun
pleasers	1.593	Noun
plebian	1.593	Adjective
plebs	1.593	Noun
pledgers	1.593	Noun
plena	1.593	Noun
plenum	1.593	Noun
pli	1.593	Noun
plighted	1.593	Adjective
plodder	1.593	Noun
ploesti	1.593	Adjective
plonked	1.593	Verb
plosive	1.593	Adjective
plott	1.593	Noun
plowboy	1.593	Noun
ploys	1.593	Noun
pluckers	1.593	Noun
pluggers	1.593	Noun
plumbed	1.593	Verb
plumed	1.593	Adjective
plunking	1.593	Adjective
plur	1.593	Verb
plutons	1.593	Noun
plyer	1.593	Noun
pockmark	1.593	Noun
pocks	1.593	Noun
podcasts	1.593	Noun
podiums	1.593	Noun
pogey	1.593	Noun
pokie	1.593	Name
polarize	1.593	Verb
poleax	1.593	Noun
polemics	1.593	Noun
pollens	1.593	Noun
polliwog	1.593	Noun
pollocks	1.593	Name
polonium	1.593	Noun
pols	1.593	Name
polt	1.593	Noun
polyglot	1.593	Noun
polys	1.593	Noun
pomaded	1.593	Adjective
pomander	1.593	Name
pome	1.593	Noun
pomes	1.593	Noun
pompon	1.593	Noun
ponces	1.593	Noun
ponderer	1.593	Noun
pongs	1.593	Verb
poniards	1.593	Noun
pontiacs	1.593	Noun
pontiffs	1.593	Verb
pontile	1.593	Name
pontus	1.593	Adjective
poorboys	1.593	Noun
popcorns	1.593	Noun
popguns	1.593	Noun
popjoy	1.593	Name
poplars	1.593	Noun
populi	1.593	Noun
porgies	1.593	Noun
porkin	1.593	Noun
porkpies	1.593	Noun
porosity	1.593	Noun
porphyry	1.593	Adjective
porr	1.593	Noun
portages	1.593	Noun
portends	1.593	Verb
porting	1.593	Verb
portress	1.593	Noun
posable	1.593	Adjective
posadas	1.593	Name
posher	1.593	Adjective
poshly	1.593	Adverb
posho	1.593	Noun
posset	1.593	Noun
possets	1.593	Noun
possy	1.593	Noun
postdate	1.593	Verb
postured	1.593	Verb
postward	1.593	Adverb
potass	1.593	Noun
potch	1.593	Noun
potestas	1.593	Noun
pothouse	1.593	Noun
potlatch	1.593	Noun
potmaker	1.593	Noun
potman	1.593	Name
pottage	1.593	Noun
potto	1.593	Noun
pouff	1.593	Verb
poulard	1.593	Noun
pousse	1.593	Noun
pouters	1.593	Noun
powter	1.593	Name
powwows	1.593	Noun
ppd	1.593	Name
practic	1.593	#N/A
practive	1.593	Adjective
prana	1.593	Noun
prances	1.593	Noun
pranged	1.593	Verb
pranking	1.593	Verb
prats	1.593	Noun
prattler	1.593	Noun
praya	1.593	Name
preamps	1.593	Noun
preborn	1.593	Adjective
precheck	1.593	Noun
precis	1.593	Noun
precut	1.593	Verb
pred	1.593	Adjective
predates	1.593	Verb
preens	1.593	Verb
prejudge	1.593	Verb
prelate	1.593	Noun
prelates	1.593	Noun
preludes	1.593	Noun
premade	1.593	Adjective
premolar	1.593	Noun
preorder	1.593	Noun
preparer	1.593	Noun
prepupal	1.593	Adjective
presages	1.593	Verb
pressies	1.593	Noun
pression	1.593	Noun
pressmen	1.593	Noun
pressors	1.593	Noun
preteens	1.593	Noun
prevost	1.593	Name
prewarn	1.593	Verb
prexies	1.593	Noun
prexy	1.593	Noun
priapic	1.593	Adjective
pricer	1.593	Noun
prickles	1.593	Noun
primps	1.593	Verb
priorly	1.593	Adverb
priory	1.593	Name
prise	1.593	Verb
prisses	1.593	Noun
privata	1.593	Noun
privet	1.593	Noun
privily	1.593	Adverb
probeer	1.593	Noun
prober	1.593	Name
proc	1.593	Noun
prochain	1.593	Noun
procurer	1.593	Noun
profanes	1.593	Verb
prolapse	1.593	Noun
proline	1.593	Verb
pron	1.593	Noun
pronate	1.593	Verb
pronator	1.593	Noun
proofers	1.593	Noun
properer	1.593	Noun
propers	1.593	Noun
prophase	1.593	Noun
propos	1.593	Preposition
proposer	1.593	#N/A
prorated	1.593	Adjective
prospers	1.593	Verb
prosy	1.593	Noun
prote	1.593	Verb
protean	1.593	Adjective
protonic	1.593	Adjective
provably	1.593	Adverb
provoker	1.593	Noun
prox	1.593	Noun
prp	1.593	Noun
prs	1.593	Name
pruner	1.593	Name
pruritic	1.593	Adjective
pruritus	1.593	Noun
psuedo	1.593	Noun
psychs	1.593	Noun
pubertal	1.593	Adjective
publica	1.593	Noun
publics	1.593	Noun
puca	1.593	Name
puckish	1.593	Adjective
puddled	1.593	Verb
pudenda	1.593	Noun
pudendal	1.593	Noun
puerpera	1.593	Noun
puffery	1.593	Noun
puffiest	1.593	Name
puja	1.593	Noun
pule	1.593	Name
pullback	1.593	Noun
pullet	1.593	Noun
pullets	1.593	Noun
pulpits	1.593	Noun
pulps	1.593	Noun
pulque	1.593	Noun
pulser	1.593	Noun
pulsus	1.593	Noun
pulu	1.593	Noun
pumicing	1.593	Verb
punchers	1.593	Noun
punctate	1.593	Verb
pundit	1.593	Noun
pungency	1.593	Noun
pungi	1.593	Noun
punier	1.593	Adjective
puniest	1.593	Adjective
punnage	1.593	Noun
punning	1.593	Noun
punster	1.593	Noun
punsters	1.593	Noun
punta	1.593	Noun
punto	1.593	Unclassified
punts	1.593	Noun
puppyism	1.593	Noun
pureed	1.593	Noun
pureness	1.593	Noun
purlins	1.593	Noun
purplish	1.593	Adjective
purposed	1.593	Verb
pushiest	1.593	Adjective
pushrod	1.593	Noun
pusses	1.593	Noun
pustular	1.593	Adjective
putative	1.593	Adjective
putted	1.593	Verb
puttees	1.593	Noun
puttered	1.593	Verb
pygal	1.593	Adjective
pyometra	1.593	Noun
pyrex	1.593	Noun
pyrites	1.593	Noun
quadroon	1.593	Noun
quae	1.593	Name
quaffing	1.593	Adjective
quag	1.593	Verb
quainter	1.593	Adjective
quam	1.593	Unclassified
quants	1.593	Noun
quarte	1.593	Noun
quarto	1.593	Noun
quartus	1.593	Adjective
quaters	1.593	Noun
quavers	1.593	Noun
quease	1.593	Noun
quelling	1.593	Verb
quells	1.593	Verb
quem	1.593	Noun
quencher	1.593	Noun
querying	1.593	Verb
quetzal	1.593	Noun
quibbled	1.593	Verb
quibus	1.593	Noun
quieten	1.593	Verb
quillet	1.593	Noun
quilter	1.593	Noun
quinces	1.593	Noun
quinoa	1.593	Noun
quinoid	1.593	Adjective
quipped	1.593	Verb
quire	1.593	Verb
quirkier	1.593	Adjective
quis	1.593	Unclassified
quivered	1.593	Verb
quivery	1.593	Adjective
quoad	1.593	Noun
quoit	1.593	Noun
quondam	1.593	Noun
quor	1.593	#N/A
quos	1.593	Noun
raad	1.593	Name
rabbet	1.593	Verb
rabbinic	1.593	Adjective
racecard	1.593	Noun
racemic	1.593	Adjective
radialis	1.593	Noun
radii	1.593	Noun
radiomen	1.593	Noun
radix	1.593	Noun
radman	1.593	Name
raffish	1.593	Adjective
rafty	1.593	Adjective
rageful	1.593	Adjective
raggle	1.593	Noun
ragtags	1.593	Noun
ragwort	1.593	Noun
railbird	1.593	Noun
railly	1.593	Name
rainiest	1.593	Adjective
rakishly	1.593	Adverb
rakshasa	1.593	Name
ramjets	1.593	Noun
rammers	1.593	Noun
ramose	1.593	Verb
ramped	1.593	Verb
ramus	1.593	Noun
rances	1.593	Name
ranchos	1.593	Noun
rancours	1.593	Noun
rands	1.593	Noun
rangler	1.593	Noun
rankers	1.593	Noun
rankled	1.593	Verb
rankles	1.593	Verb
rankly	1.593	#N/A
rankness	1.593	Noun
ranter	1.593	Noun
ranters	1.593	Noun
rapers	1.593	Noun
rapide	1.593	Name
raptured	1.593	Adjective
rara	1.593	Noun
rasen	1.593	Name
rasher	1.593	Noun
rashers	1.593	Noun
raspier	1.593	Adjective
rasps	1.593	Verb
rassled	1.593	Verb
rath	1.593	Noun
raticide	1.593	Noun
ratifies	1.593	Verb
ratlike	1.593	Adjective
rato	1.593	Noun
ratoon	1.593	Noun
rattail	1.593	Noun
ravagers	1.593	Noun
raveled	1.593	Adjective
ravelled	1.593	Adjective
ravels	1.593	Verb
ravingly	1.593	Adverb
ravisher	1.593	Noun
rayons	1.593	Noun
razzed	1.593	Verb
razzes	1.593	Noun
rcd	1.593	#N/A
reachers	1.593	Noun
readier	1.593	Name
readies	1.593	Noun
readiest	1.593	Adjective
reaffix	1.593	Verb
reaks	1.593	Noun
realigns	1.593	Verb
realness	1.593	Noun
reamer	1.593	Noun
reamers	1.593	Noun
reaming	1.593	Adjective
rearms	1.593	Verb
rebar	1.593	Noun
rebook	1.593	Noun
rebooted	1.593	Verb
rebuffs	1.593	Verb
rebuker	1.593	Noun
rebuking	1.593	Adjective
reburied	1.593	Verb
rebused	1.593	Verb
rebute	1.593	Verb
rebutted	1.593	Verb
recanvas	1.593	Noun
recaps	1.593	Verb
recarpet	1.593	Verb
recce	1.593	Noun
rechecks	1.593	Verb
recluses	1.593	Noun
recook	1.593	Verb
recooked	1.593	Verb
recs	1.593	Noun
recurve	1.593	Noun
recusing	1.593	Verb
redate	1.593	Verb
redbone	1.593	Noun
reddendo	1.593	Noun
reddens	1.593	Verb
rede	1.593	Name
redeal	1.593	Adjective
redeems	1.593	Verb
redlines	1.593	Verb
redly	1.593	Adverb
redock	1.593	Verb
redoute	1.593	Name
redrawn	1.593	Verb
redream	1.593	Verb
reeding	1.593	Verb
reedit	1.593	Verb
reefed	1.593	Verb
reengage	1.593	Noun
reeving	1.593	Verb
refaced	1.593	Verb
refallen	1.593	Adjective
refereed	1.593	Adjective
referent	1.593	Noun
reffed	1.593	Verb
refight	1.593	Verb
refiled	1.593	Verb
refiles	1.593	Noun
refire	1.593	Noun
reflash	1.593	Noun
refold	1.593	Adverb
refolded	1.593	Verb
reforge	1.593	Verb
refr	1.593	#N/A
refracts	1.593	Verb
reframes	1.593	Verb
refrig	1.593	Noun
refuser	1.593	Noun
refusion	1.593	Noun
refuting	1.593	Verb
regear	1.593	Verb
regift	1.593	Verb
regiven	1.593	Verb
reglaze	1.593	Verb
reglazed	1.593	Verb
reglove	1.593	Verb
regrew	1.593	Verb
regula	1.593	Adjective
regurge	1.593	Noun
rehabbed	1.593	Verb
rehashed	1.593	Verb
reheats	1.593	Verb
rehid	1.593	Noun
reignite	1.593	Verb
reimpose	1.593	Verb
reining	1.593	Verb
reinject	1.593	Verb
reinsure	1.593	Verb
reis	1.593	Name
rejig	1.593	Verb
rejoins	1.593	Verb
relabel	1.593	Verb
reland	1.593	Noun
relaunch	1.593	Noun
relevent	1.593	Verb
reliefs	1.593	Noun
relined	1.593	Verb
remelt	1.593	Verb
remixes	1.593	Noun
remold	1.593	Verb
rems	1.593	Noun
renderer	1.593	Noun
renegate	1.593	Noun
renin	1.593	Noun
renitent	1.593	Noun
rennin	1.593	Noun
reorders	1.593	Verb
repacked	1.593	Verb
repairer	1.593	Noun
repaper	1.593	Verb
repart	1.593	#N/A
repaved	1.593	Verb
replacer	1.593	Noun
replevin	1.593	Noun
repower	1.593	Verb
reprises	1.593	Noun
repro	1.593	Adjective
reproved	1.593	Verb
reprover	1.593	Noun
repulser	1.593	Noun
rerate	1.593	Verb
rereads	1.593	Verb
reroutes	1.593	Verb
rescore	1.593	Verb
rescored	1.593	Verb
reseat	1.593	Verb
reshake	1.593	Verb
reshod	1.593	Verb
reshoe	1.593	Verb
resize	1.593	Verb
resizing	1.593	Verb
resole	1.593	Noun
resoled	1.593	Verb
resorb	1.593	Verb
resown	1.593	Noun
respired	1.593	Verb
restack	1.593	Verb
restamp	1.593	Verb
restated	1.593	Verb
restates	1.593	Verb
rester	1.593	Name
restes	1.593	Noun
restring	1.593	Verb
restyled	1.593	Verb
resurged	1.593	Verb
resurvey	1.593	Noun
ret	1.593	Noun
retablo	1.593	Noun
retal	1.593	Adjective
retape	1.593	Verb
retaped	1.593	Verb
retar	1.593	Noun
retasted	1.593	Verb
retell	1.593	Verb
rethe	1.593	#N/A
reticle	1.593	Noun
reticula	1.593	Noun
reticuli	1.593	Noun
retie	1.593	Noun
retiling	1.593	Verb
retime	1.593	Noun
retiming	1.593	Noun
retinues	1.593	Noun
retore	1.593	Verb
retorted	1.593	Verb
retrack	1.593	Verb
retrench	1.593	Verb
retried	1.593	Verb
retrying	1.593	Verb
rettery	1.593	Noun
returnee	1.593	Noun
returner	1.593	Noun
retying	1.593	Verb
retyped	1.593	Verb
reunify	1.593	Verb
reusable	1.593	Adjective
revalue	1.593	Verb
revamps	1.593	Noun
revealer	1.593	Noun
reveled	1.593	Verb
revelled	1.593	Verb
reverify	1.593	Verb
reverso	1.593	Noun
revises	1.593	Verb
reviver	1.593	Noun
revoices	1.593	Verb
rewarm	1.593	Noun
rewash	1.593	Verb
rewed	1.593	Verb
reweigh	1.593	Verb
reword	1.593	Noun
reworded	1.593	Verb
rewrap	1.593	Verb
rewriter	1.593	Noun
reynards	1.593	Name
rezoning	1.593	Noun
rfb	1.593	Name
rhein	1.593	Name
rhus	1.593	Noun
ria	1.593	#N/A
rial	1.593	Noun
ribaldry	1.593	Noun
ribbet	1.593	Noun
ribbings	1.593	Noun
ricey	1.593	Noun
rickeys	1.593	Noun
ricksha	1.593	Noun
ridded	1.593	Verb
ridders	1.593	Name
ridging	1.593	Noun
ridings	1.593	Noun
riffing	1.593	Verb
riflery	1.593	Noun
rifted	1.593	Verb
rifting	1.593	Noun
rightest	1.593	Adjective
rightist	1.593	Noun
rigours	1.593	Noun
rigueur	1.593	Adjective
rille	1.593	Noun
rills	1.593	Noun
rimless	1.593	Adjective
rimming	1.593	Noun
rimption	1.593	Noun
rimrock	1.593	Verb
rimy	1.593	Adjective
ringe	1.593	Noun
ringless	1.593	Adjective
ringy	1.593	Adjective
rinks	1.593	Noun
riping	1.593	Noun
ripoffs	1.593	Noun
ripost	1.593	Verb
riptides	1.593	Noun
risorius	1.593	Noun
risqu	1.593	Noun
rissole	1.593	Noun
rissoles	1.593	Noun
rissom	1.593	Noun
ritzes	1.593	Noun
ritziest	1.593	Adjective
riva	1.593	Name
rivalled	1.593	Verb
rived	1.593	Verb
riven	1.593	Verb
rives	1.593	Verb
rivieras	1.593	Name
riving	1.593	Verb
riyals	1.593	Noun
rld	1.593	Noun
rly	1.593	Name
roamer	1.593	Name
roarer	1.593	Noun
roarings	1.593	Noun
rober	1.593	#N/A
robing	1.593	Noun
robustly	1.593	Adverb
rocketry	1.593	Noun
rockety	1.593	Adjective
rockfall	1.593	Noun
rockier	1.593	Adjective
rockling	1.593	Noun
rodder	1.593	Noun
rodders	1.593	Name
roebucks	1.593	Name
roid	1.593	Adjective
roil	1.593	Verb
roister	1.593	Verb
rojak	1.593	Name
rollback	1.593	Noun
rollings	1.593	Noun
romanos	1.593	Noun
romeros	1.593	Noun
romic	1.593	Adjective
roms	1.593	#N/A
roodles	1.593	Noun
roofline	1.593	Noun
rooftree	1.593	Noun
roomer	1.593	Noun
roomiest	1.593	Adjective
ropey	1.593	Noun
ropy	1.593	Adjective
roquette	1.593	Name
rosed	1.593	Verb
roseola	1.593	Noun
rotatory	1.593	Adjective
rotch	1.593	Noun
rother	1.593	Verb
roti	1.593	Noun
roto	1.593	Noun
rotta	1.593	Name
rottenly	1.593	Adverb
rotters	1.593	Noun
rotundas	1.593	Noun
roue	1.593	Noun
roun	1.593	Name
roundish	1.593	Verb
rous	1.593	Adjective
rouser	1.593	Noun
rousts	1.593	Verb
routh	1.593	Name
routs	1.593	Verb
roves	1.593	Verb
rower	1.593	Noun
royalist	1.593	Noun
rozzers	1.593	Noun
rsum	1.593	Noun
rubaiyat	1.593	Noun
rubbings	1.593	Noun
rubbishy	1.593	Adjective
rubdowns	1.593	Noun
rubella	1.593	Name
rubout	1.593	Noun
ruching	1.593	Noun
rucked	1.593	Verb
rucks	1.593	Noun
rues	1.593	Verb
ruffs	1.593	Noun
ruinated	1.593	Verb
rull	1.593	Name
ruly	1.593	Adverb
rumdum	1.593	Noun
rumen	1.593	Noun
ruminant	1.593	Adjective
rummiest	1.593	Adjective
rumpot	1.593	Noun
rums	1.593	Noun
rundowns	1.593	Noun
runeless	1.593	Adjective
runnel	1.593	Noun
runnier	1.593	Adjective
rusher	1.593	Noun
rusky	1.593	Name
rustier	1.593	Adjective
ryes	1.593	Noun
ryke	1.593	Name
ryokan	1.593	Noun
sabana	1.593	Name
sabbats	1.593	Noun
sabering	1.593	Verb
sabots	1.593	Noun
sabreur	1.593	Noun
sackfuls	1.593	Noun
sacrify	1.593	Verb
sacry	1.593	Adjective
saddlery	1.593	Name
sadhu	1.593	Name
sadr	1.593	Name
saecula	1.593	Adjective
safeness	1.593	Noun
safetied	1.593	Verb
saffian	1.593	Adjective
sagacity	1.593	Noun
sagely	1.593	Adverb
sagged	1.593	Verb
sagger	1.593	Noun
saic	1.593	Adjective
saily	1.593	Adverb
saim	1.593	Verb
saintdom	1.593	Noun
salaams	1.593	Noun
salable	1.593	Adjective
salma	1.593	Name
saltery	1.593	Adjective
salties	1.593	Noun
saltiest	1.593	Adjective
saltpan	1.593	Noun
salves	1.593	Noun
salving	1.593	Verb
samaria	1.593	Name
sambucas	1.593	Noun
samen	1.593	Noun
samosa	1.593	Noun
samovars	1.593	Noun
sampans	1.593	Noun
samsara	1.593	Noun
sanatory	1.593	Adjective
sanctums	1.593	Noun
sandhill	1.593	Name
sandpits	1.593	Noun
sanely	1.593	Adverb
sanitise	1.593	Verb
saphead	1.593	Noun
sapience	1.593	Noun
sapo	1.593	Noun
sappily	1.593	Adverb
sapping	1.593	Verb
sarcasms	1.593	Noun
sard	1.593	Noun
saris	1.593	Noun
sarkit	1.593	Verb
sarks	1.593	Noun
sarnies	1.593	Noun
sassed	1.593	Verb
sateen	1.593	Noun
satirise	1.593	Verb
satirize	1.593	Verb
saucebox	1.593	Noun
saucily	1.593	Adverb
sault	1.593	Name
saury	1.593	Name
saut	1.593	Verb
savannas	1.593	Noun
savants	1.593	Noun
saveloy	1.593	Noun
savors	1.593	Verb
sawhorse	1.593	Noun
sawmills	1.593	Noun
sawteeth	1.593	Noun
sawyers	1.593	Noun
saxes	1.593	Verb
sayst	1.593	Verb
sazerac	1.593	Adjective
scabbed	1.593	Verb
scabies	1.593	Noun
scabland	1.593	Name
scabrous	1.593	Adjective
scags	1.593	Noun
scalars	1.593	Name
scalds	1.593	Verb
scalene	1.593	Noun
scalier	1.593	Adjective
scamped	1.593	Verb
scandia	1.593	Noun
scandium	1.593	Noun
scansion	1.593	Noun
scanty	1.593	Adjective
scaped	1.593	Adjective
scarily	1.593	Adverb
scarper	1.593	Noun
scarps	1.593	Noun
scatted	1.593	Verb
sceptred	1.593	Adjective
scharf	1.593	Name
schemers	1.593	Noun
schlocky	1.593	Adjective
schmatte	1.593	Noun
schmoe	1.593	Noun
scho	1.593	Name
schoolma	1.593	#N/A
schwa	1.593	Noun
sclerae	1.593	Noun
scoffers	1.593	Noun
scorches	1.593	Verb
scorepad	1.593	Noun
scorpios	1.593	Name
scove	1.593	Verb
scows	1.593	Noun
scrags	1.593	Verb
scrammed	1.593	Verb
scrams	1.593	Verb
scrapers	1.593	Noun
scrawls	1.593	Noun
screamy	1.593	Adjective
screechy	1.593	Noun
screwer	1.593	Noun
scribing	1.593	Verb
scrimper	1.593	Noun
scrods	1.593	Noun
scroo	1.593	Name
scrotums	1.593	Noun
scrums	1.593	Noun
scuffing	1.593	Verb
scuffler	1.593	Noun
scuffy	1.593	Adjective
scug	1.593	Verb
sculled	1.593	Verb
sculls	1.593	Verb
sculped	1.593	Adjective
sculpin	1.593	Name
scunge	1.593	Verb
scup	1.593	Noun
scupper	1.593	Verb
scurf	1.593	Noun
scutters	1.593	Noun
scuz	1.593	Noun
scythes	1.593	Noun
seabag	1.593	Noun
seacoast	1.593	Noun
seadog	1.593	Noun
seafloor	1.593	Noun
seafoam	1.593	Noun
seafoods	1.593	Noun
sealants	1.593	Noun
sealers	1.593	Noun
seamed	1.593	Adjective
seamier	1.593	Adjective
seaquake	1.593	Noun
seaway	1.593	Noun
seaways	1.593	Noun
secondo	1.593	Noun
secre	1.593	Noun
secreto	1.593	Noun
sedately	1.593	Adverb
seduct	1.593	Verb
seeable	1.593	Adjective
seech	1.593	Noun
seedman	1.593	Name
seel	1.593	Name
seethed	1.593	Verb
seethes	1.593	Verb
segueing	1.593	Verb
seigneur	1.593	Unclassified
seiner	1.593	Adjective
seis	1.593	Noun
seise	1.593	Verb
seises	1.593	Verb
seizer	1.593	Name
seld	1.593	Verb
selectee	1.593	Noun
selene	1.593	Noun
selfness	1.593	Noun
selfs	1.593	Noun
sella	1.593	Name
sellouts	1.593	Noun
selva	1.593	Noun
semiarid	1.593	Adjective
semipros	1.593	Noun
semolina	1.593	Noun
sempre	1.593	Noun
senders	1.593	Noun
sendoffs	1.593	Noun
senhoras	1.593	Name
senhores	1.593	Verb
senna	1.593	Noun
senso	1.593	Noun
senza	1.593	Noun
seor	1.593	Noun
sepals	1.593	Noun
septate	1.593	Noun
septet	1.593	Noun
septics	1.593	Noun
sequent	1.593	Adjective
sequoias	1.593	Noun
serais	1.593	Noun
seraphs	1.593	Noun
serenata	1.593	Noun
sereno	1.593	Noun
seres	1.593	Noun
serially	1.593	Adverb
serif	1.593	Noun
serifs	1.593	Noun
serine	1.593	Name
seron	1.593	Noun
servery	1.593	Noun
sesamoid	1.593	Adjective
sessa	1.593	Name
sessile	1.593	Noun
seta	1.593	Name
sevenths	1.593	Number
sevres	1.593	Name
sewerage	1.593	Noun
sexology	1.593	Noun
sextette	1.593	Name
sextile	1.593	Noun
sey	1.593	Name
shab	1.593	Noun
shabash	1.593	Verb
shadings	1.593	Noun
shaitan	1.593	Name
shakily	1.593	Adverb
shakings	1.593	Noun
shakti	1.593	Name
shama	1.593	Name
shammas	1.593	Noun
shammos	1.593	Name
shanna	1.593	Noun
shap	1.593	Noun
sharia	1.593	Noun
shashlik	1.593	Noun
shaws	1.593	Name
shearman	1.593	Name
shebeen	1.593	Name
shedder	1.593	Noun
shedders	1.593	Noun
sheely	1.593	Name
sheenies	1.593	Noun
sheens	1.593	Noun
sheerest	1.593	Adjective
shegetz	1.593	Noun
sheikdom	1.593	Noun
shelfy	1.593	Adjective
shellack	1.593	Verb
sheltie	1.593	Name
shema	1.593	Name
sheol	1.593	Name
sherbert	1.593	Adjective
sherbets	1.593	Noun
shiai	1.593	Noun
shier	1.593	Adjective
shikara	1.593	Noun
shikker	1.593	Noun
shilled	1.593	Verb
shingled	1.593	Verb
shinner	1.593	Name
shipless	1.593	Adjective
shipway	1.593	Name
shita	1.593	Noun
shivas	1.593	Name
shive	1.593	Noun
shivs	1.593	Noun
shmo	1.593	Noun
shoat	1.593	Noun
shoats	1.593	Noun
shockers	1.593	Name
shoeboy	1.593	Name
shoeman	1.593	Noun
shofar	1.593	Noun
sholom	1.593	Verb
shools	1.593	Noun
shoos	1.593	Noun
shoppy	1.593	Adjective
shortish	1.593	Adjective
showoffs	1.593	Noun
shpt	1.593	Noun
shrewder	1.593	Adjective
shrewish	1.593	Adjective
shrews	1.593	Noun
shri	1.593	Name
shrimper	1.593	Noun
shrived	1.593	Verb
shriving	1.593	Noun
shtetl	1.593	Noun
shuffler	1.593	Noun
shufty	1.593	Adjective
shunting	1.593	Verb
shure	1.593	Verb
shushes	1.593	Verb
shutoffs	1.593	Noun
sibby	1.593	Name
sibilant	1.593	Adjective
sich	1.593	Noun
sickbeds	1.593	Noun
sics	1.593	Noun
sideband	1.593	Noun
sider	1.593	Name
siderite	1.593	Noun
sideway	1.593	Noun
sidings	1.593	Noun
sidled	1.593	Verb
sidling	1.593	Verb
sieged	1.593	Verb
siftings	1.593	Noun
sigil	1.593	Noun
sigils	1.593	Noun
signiors	1.593	Noun
sikhism	1.593	Noun
silicium	1.593	Noun
silvered	1.593	Adjective
simas	1.593	#N/A
simmon	1.593	Name
simoleon	1.593	Noun
simoon	1.593	Noun
simpered	1.593	Verb
simperer	1.593	Noun
simples	1.593	Noun
simps	1.593	Noun
sinder	1.593	Noun
sines	1.593	Noun
singeing	1.593	Verb
sinless	1.593	Adjective
sipper	1.593	Noun
sires	1.593	Noun
sisyphus	1.593	Name
situps	1.593	Noun
sixteens	1.593	Number
sixths	1.593	Number
skags	1.593	Noun
skeins	1.593	Noun
sketcher	1.593	Noun
skete	1.593	Noun
skiddoo	1.593	Verb
skiffle	1.593	Noun
skil	1.593	Name
skillion	1.593	Noun
skilly	1.593	Adjective
skimmers	1.593	Noun
skimped	1.593	Verb
skims	1.593	Verb
skincare	1.593	Noun
skinker	1.593	Name
skinners	1.593	Noun
skirr	1.593	Noun
skirted	1.593	Verb
skittle	1.593	Noun
skive	1.593	Verb
skiwies	1.593	Noun
skookum	1.593	Name
skulker	1.593	Name
slabbed	1.593	#N/A
slabby	1.593	Adjective
slacked	1.593	Verb
slagheap	1.593	Verb
slaker	1.593	Name
slalomed	1.593	Adjective
slaloms	1.593	Noun
slammers	1.593	Noun
slane	1.593	Name
slangs	1.593	Noun
slappers	1.593	Noun
slapshot	1.593	Noun
slashers	1.593	Noun
slaters	1.593	Name
slating	1.593	Verb
slatted	1.593	Adjective
slavs	1.593	Noun
sleathy	1.593	Adjective
sleekest	1.593	Adjective
sleeky	1.593	Adjective
sleety	1.593	Noun
sleeving	1.593	Verb
sleezy	1.593	Adjective
slews	1.593	Noun
slickens	1.593	Noun
slickery	1.593	Noun
slicking	1.593	Verb
slighter	1.593	Adjective
slimes	1.593	Verb
slimline	1.593	Adjective
slipups	1.593	Noun
slitted	1.593	Adjective
slivered	1.593	Verb
slobbers	1.593	Name
slogs	1.593	Verb
slouchy	1.593	Noun
sloven	1.593	Verb
sluiced	1.593	Verb
sluices	1.593	Noun
slummers	1.593	Noun
slurped	1.593	Verb
slushed	1.593	Verb
slusher	1.593	Noun
sluttier	1.593	Adjective
slyboots	1.593	Noun
slyer	1.593	Adjective
slyly	1.593	Adverb
smashups	1.593	Verb
smearer	1.593	Noun
smeeks	1.593	Verb
smellier	1.593	Adjective
smew	1.593	Verb
smilodon	1.593	Name
smily	1.593	Adverb
smirked	1.593	Verb
smites	1.593	Verb
smither	1.593	Name
smithies	1.593	Noun
smokier	1.593	Adjective
smokings	1.593	Noun
smooches	1.593	Noun
smooths	1.593	Verb
smoothy	1.593	Noun
smore	1.593	Noun
smothery	1.593	Adjective
smoulder	1.593	Verb
smudgy	1.593	Adjective
smugger	1.593	Adjective
snaffle	1.593	Verb
snaffles	1.593	Verb
snafued	1.593	Verb
snaith	1.593	Name
snaker	1.593	Noun
snakey	1.593	Noun
snazzier	1.593	Adjective
snead	1.593	Verb
snee	1.593	Noun
snib	1.593	Verb
snibbed	1.593	Verb
snick	1.593	Verb
snicked	1.593	Verb
snicket	1.593	Noun
sniffled	1.593	Verb
snigger	1.593	Noun
snitchy	1.593	Adjective
snits	1.593	Noun
snively	1.593	Adverb
snock	1.593	Noun
snod	1.593	Noun
snogged	1.593	Verb
snogs	1.593	Noun
snoozers	1.593	Noun
snorer	1.593	Noun
snorers	1.593	Noun
snorkels	1.593	Verb
snortle	1.593	Verb
snotter	1.593	Noun
snowbelt	1.593	Noun
snowbird	1.593	Noun
snowcap	1.593	Noun
snowcaps	1.593	Verb
snowdrop	1.593	Verb
snuffing	1.593	Verb
snugged	1.593	Verb
snugger	1.593	Adjective
snugs	1.593	Noun
snup	1.593	Verb
soaker	1.593	Name
soaky	1.593	Name
soapwort	1.593	Verb
sociably	1.593	Adverb
societe	1.593	Unclassified
socker	1.593	Noun
sockless	1.593	Adjective
soco	1.593	Noun
sody	1.593	Noun
sofar	1.593	Adverb
softwood	1.593	Noun
sog	1.593	Verb
soggier	1.593	Adjective
soko	1.593	Noun
solano	1.593	Name
soldados	1.593	Noun
soldat	1.593	Noun
solenite	1.593	Noun
solera	1.593	#N/A
solicits	1.593	Verb
solidi	1.593	Verb
soloists	1.593	Noun
somali	1.593	Adjective
somedays	1.593	Noun
somewhen	1.593	Noun
sonagram	1.593	Noun
sonarman	1.593	Noun
sonars	1.593	Noun
sond	1.593	Verb
soogan	1.593	Name
sool	1.593	#N/A
sooths	1.593	Noun
sooting	1.593	Verb
sops	1.593	Verb
sorbic	1.593	Adjective
sorda	1.593	Noun
sorehead	1.593	Noun
soss	1.593	Noun
sotted	1.593	Verb
souchet	1.593	Name
souk	1.593	Noun
soundest	1.593	Adjective
sourcing	1.593	Verb
sourdine	1.593	Noun
sourer	1.593	Adjective
sourest	1.593	Adjective
sourly	1.593	Adverb
souter	1.593	Noun
souther	1.593	Name
spacier	1.593	Noun
spacings	1.593	Noun
spacy	1.593	Noun
spading	1.593	Noun
spams	1.593	Noun
spangly	1.593	Adjective
spankers	1.593	Noun
sparest	1.593	Adjective
sparkier	1.593	Adjective
sparser	1.593	Adjective
spatted	1.593	Verb
spavins	1.593	Noun
speakies	1.593	Noun
spearman	1.593	Noun
specced	1.593	Verb
specting	1.593	Verb
speedup	1.593	Name
spermic	1.593	Adjective
spermy	1.593	Adjective
sphecius	1.593	Name
sphingid	1.593	Adjective
spiccato	1.593	Noun
spicula	1.593	Noun
spieler	1.593	Noun
spikier	1.593	Adjective
spinals	1.593	Noun
spira	1.593	Name
spiraea	1.593	Noun
spirt	1.593	Noun
spited	1.593	Verb
spiting	1.593	Verb
spitten	1.593	Verb
spitters	1.593	Noun
splats	1.593	Noun
spleeny	1.593	Adjective
splicer	1.593	Noun
spliffs	1.593	Noun
spline	1.593	Noun
splotchy	1.593	Adjective
splurgy	1.593	Noun
splutter	1.593	Verb
spoked	1.593	Adjective
spongier	1.593	Adjective
spoofed	1.593	Verb
spookies	1.593	Verb
spooled	1.593	Verb
spooling	1.593	Verb
spoony	1.593	Noun
sported	1.593	Verb
sportily	1.593	Adverb
spraddle	1.593	Verb
sprawls	1.593	Verb
sprayers	1.593	Name
sprink	1.593	Name
sprinted	1.593	Name
sprit	1.593	Noun
sprog	1.593	Verb
sprong	1.593	Name
sprucier	1.593	Noun
spunkier	1.593	Adjective
spurning	1.593	Verb
spurted	1.593	Verb
sputniks	1.593	Name
sputtery	1.593	Noun
squalled	1.593	Verb
squally	1.593	Adverb
squam	1.593	Name
squamous	1.593	Adjective
squashes	1.593	Verb
squawker	1.593	Noun
squelchy	1.593	Adjective
squinch	1.593	Noun
squoosh	1.593	Verb
stabbers	1.593	Noun
stabler	1.593	Noun
stablest	1.593	Adjective
stably	1.593	Adverb
stad	1.593	Name
stades	1.593	Name
stagey	1.593	Adjective
staggard	1.593	Noun
staggy	1.593	Name
staler	1.593	Adjective
stamens	1.593	Noun
stanch	1.593	Verb
stannary	1.593	Noun
stap	1.593	Verb
starer	1.593	Noun
starers	1.593	Noun
stargaze	1.593	Verb
starkly	1.593	Adverb
staters	1.593	Noun
statism	1.593	Noun
stators	1.593	Noun
statures	1.593	Noun
statuses	1.593	Noun
steadied	1.593	Verb
stean	1.593	Noun
stearic	1.593	Adjective
steeler	1.593	Name
steerers	1.593	Noun
stempel	1.593	Name
stenotic	1.593	Adjective
stepdown	1.593	Noun
stepper	1.593	Noun
stept	1.593	Verb
stewbum	1.593	Noun
stewy	1.593	Adjective
stickmen	1.593	Noun
stilling	1.593	Verb
stipple	1.593	Noun
stippled	1.593	Adjective
stlg	1.593	Name
stoat	1.593	Noun
stob	1.593	Noun
stockmen	1.593	Noun
stockpot	1.593	Noun
stogey	1.593	Noun
stogy	1.593	Noun
stoma	1.593	Noun
stoniest	1.593	Adjective
stopgaps	1.593	Noun
stor	1.593	Noun
storable	1.593	Adjective
storages	1.593	Noun
stormily	1.593	Adverb
stott	1.593	Name
stoup	1.593	Noun
stoutest	1.593	Adjective
stover	1.593	Noun
stows	1.593	Verb
strafers	1.593	Noun
straggle	1.593	Verb
stratus	1.593	Noun
strawhat	1.593	Noun
stree	1.593	Noun
streel	1.593	Name
streng	1.593	Noun
streps	1.593	Noun
strewing	1.593	Verb
striated	1.593	Adjective
striatum	1.593	Noun
stridden	1.593	Verb
stridors	1.593	Noun
stroppy	1.593	Adjective
strub	1.593	Name
stubb	1.593	Name
stubbles	1.593	Noun
studiers	1.593	Noun
stull	1.593	Noun
stunter	1.593	Noun
stupa	1.593	Noun
stupes	1.593	Noun
sturdier	1.593	Adjective
stylize	1.593	Verb
styloid	1.593	Adjective
stymies	1.593	Noun
styrax	1.593	Noun
styrene	1.593	Noun
styrenes	1.593	Noun
suavity	1.593	Noun
subahdar	1.593	Name
subhead	1.593	Noun
submerse	1.593	Noun
suborn	1.593	Adjective
subpart	1.593	Name
subplots	1.593	Noun
subsect	1.593	Noun
substrat	1.593	Noun
subsumes	1.593	Verb
subunits	1.593	Noun
subverts	1.593	Verb
subvocal	1.593	Adjective
succes	1.593	Noun
succuba	1.593	Noun
sucrose	1.593	Noun
suffixes	1.593	Noun
sugg	1.593	Name
suicided	1.593	Verb
sulfides	1.593	Noun
sulfite	1.593	Noun
sulfone	1.593	Noun
sulked	1.593	Verb
sumos	1.593	Noun
sunbirds	1.593	Noun
sundeck	1.593	Noun
sundogs	1.593	Noun
sunlamps	1.593	Noun
sunna	1.593	Noun
sunniest	1.593	Adjective
sunsuit	1.593	Noun
supari	1.593	Noun
superset	1.593	Noun
supp	1.593	Noun
sups	1.593	Verb
surance	1.593	Noun
surinam	1.593	Name
surlier	1.593	Adjective
surliest	1.593	Adjective
surmises	1.593	Verb
surplice	1.593	Noun
surreys	1.593	Noun
surv	1.593	Noun
susans	1.593	Name
suscept	1.593	Verb
sutlers	1.593	Noun
svastika	1.593	Noun
swabber	1.593	Noun
swabby	1.593	Noun
swamping	1.593	Verb
swang	1.593	Verb
swanked	1.593	Verb
swankier	1.593	Adjective
swashes	1.593	Noun
swashing	1.593	Adjective
swayback	1.593	Noun
swearer	1.593	Noun
sweatier	1.593	Adjective
sweeny	1.593	Name
sweeting	1.593	Verb
sweller	1.593	Noun
swelters	1.593	Verb
swep	1.593	Verb
swifts	1.593	Noun
swiggle	1.593	Verb
swines	1.593	Noun
swingman	1.593	Noun
swingy	1.593	Adjective
swith	1.593	#N/A
swizzled	1.593	Verb
swizzles	1.593	Noun
swoony	1.593	Adjective
swop	1.593	Verb
swot	1.593	Noun
swotting	1.593	Verb
sybarite	1.593	Noun
syconia	1.593	Noun
syenite	1.593	Noun
syke	1.593	Name
syl	1.593	Name
sylphid	1.593	Noun
sylvian	1.593	Noun
sym	1.593	Noun
symbiote	1.593	Noun
synchros	1.593	Noun
syncs	1.593	Verb
synod	1.593	Noun
synopses	1.593	Noun
syren	1.593	Noun
taa	1.593	Noun
tabbed	1.593	Verb
tabla	1.593	Noun
tableaux	1.593	Noun
tabled	1.593	Verb
tabulate	1.593	Verb
tabule	1.593	Verb
tacan	1.593	Noun
tacet	1.593	Noun
tacker	1.593	Noun
tacket	1.593	Noun
tacklers	1.593	Noun
tael	1.593	Noun
taenias	1.593	Noun
taffies	1.593	Noun
tagalog	1.593	Name
tailcoat	1.593	Noun
tailers	1.593	Noun
tailless	1.593	Adjective
talar	1.593	Adjective
taler	1.593	Name
talionis	1.593	Name
tallboy	1.593	Noun
tallith	1.593	Noun
tallness	1.593	Noun
tallows	1.593	Noun
tallyman	1.593	Name
talpa	1.593	Name
tamarin	1.593	Noun
tamarisk	1.593	Noun
tamas	1.593	Name
tamely	1.593	Adverb
tamest	1.593	Adjective
tamperer	1.593	Noun
tampoon	1.593	Noun
tanagers	1.593	Noun
tanbark	1.593	Noun
tangents	1.593	Noun
tangler	1.593	Noun
tangly	1.593	Adverb
tanjong	1.593	Name
tankless	1.593	Adjective
tanners	1.593	Noun
tannish	1.593	Adjective
tantalus	1.593	Noun
taoists	1.593	Noun
tapeline	1.593	Noun
tapings	1.593	Noun
tappers	1.593	Noun
taproom	1.593	Noun
taprooms	1.593	Noun
tapster	1.593	Noun
tares	1.593	Noun
tarlatan	1.593	Adjective
tarman	1.593	Name
tarots	1.593	Noun
tarpeian	1.593	Adjective
tartans	1.593	Noun
tartlets	1.593	Noun
tartly	1.593	Adverb
tartuffe	1.593	Noun
tasco	1.593	Name
taskless	1.593	Adjective
tasse	1.593	Noun
tatler	1.593	#N/A
tattooer	1.593	Noun
tattva	1.593	Name
tauruses	1.593	Noun
tav	1.593	Noun
tavers	1.593	Name
tawney	1.593	Name
taxiing	1.593	Verb
taxwise	1.593	Adverb
tazia	1.593	Name
tdr	1.593	Name
teagle	1.593	Name
teakwood	1.593	Noun
teals	1.593	Noun
tean	1.593	Noun
teardown	1.593	Noun
tearer	1.593	Noun
teargas	1.593	Noun
tearooms	1.593	Noun
teather	1.593	Verb
tedded	1.593	Verb
teethe	1.593	Verb
teetotal	1.593	Adjective
tejano	1.593	Noun
teleview	1.593	Verb
televise	1.593	Verb
telexed	1.593	Verb
tellies	1.593	#N/A
temescal	1.593	Name
tempora	1.593	Name
tempore	1.593	Noun
tempter	1.593	Noun
tenace	1.593	Name
tench	1.593	Noun
tenderer	1.593	Adjective
tendo	1.593	Noun
tengu	1.593	Name
tenpenny	1.593	Adjective
tenpins	1.593	Noun
tensely	1.593	Adverb
tensest	1.593	Adjective
tenspot	1.593	Noun
tera	1.593	#N/A
terabyte	1.593	Noun
teratoma	1.593	Noun
terbium	1.593	Noun
teres	1.593	Noun
terma	1.593	Noun
termin	1.593	#N/A
tern	1.593	Noun
terral	1.593	Name
terrasse	1.593	Noun
terrene	1.593	Name
tersely	1.593	Adverb
tersest	1.593	Adjective
testings	1.593	Noun
testudo	1.593	Name
tetchy	1.593	Noun
tetter	1.593	Verb
textural	1.593	Adjective
thak	1.593	Verb
thalers	1.593	Noun
thatd	1.593	Noun
theat	1.593	Noun
theatric	1.593	Adjective
thed	1.593	Verb
thema	1.593	Noun
thens	1.593	Noun
thereat	1.593	Noun
thereon	1.593	Adverb
therm	1.593	Noun
thermic	1.593	Adjective
theropod	1.593	Noun
thetic	1.593	Adjective
theurgic	1.593	Adjective
thew	1.593	Verb
theyd	1.593	Noun
thickets	1.593	Noun
thicks	1.593	Verb
thio	1.593	Noun
thiokol	1.593	Noun
thiols	1.593	Noun
thionyl	1.593	Noun
thisbe	1.593	Verb
tholes	1.593	Noun
thoracal	1.593	Adjective
thous	1.593	Adjective
thraldom	1.593	Noun
thrashes	1.593	Verb
thrifts	1.593	Noun
throned	1.593	Adjective
throstle	1.593	Noun
thrusted	1.593	Verb
thugged	1.593	Verb
thugging	1.593	Verb
thumbkin	1.593	Noun
thumpers	1.593	Noun
thung	1.593	Name
thwacks	1.593	Noun
thymine	1.593	Verb
tibicen	1.593	Adjective
tickers	1.593	Noun
ticklers	1.593	Noun
tid	1.593	Noun
tiddle	1.593	Verb
tiddlers	1.593	Noun
tiddley	1.593	Noun
tided	1.593	Verb
tidiest	1.593	Adjective
tidily	1.593	Adverb
tieing	1.593	Verb
tienda	1.593	Noun
tiens	1.593	Name
tierce	1.593	Noun
tiered	1.593	Adjective
tiffins	1.593	Noun
tilers	1.593	Noun
tilty	1.593	Noun
timbale	1.593	#N/A
timbered	1.593	Verb
tinged	1.593	Verb
tinkerer	1.593	Noun
tinkers	1.593	Noun
tinman	1.593	Name
tinsmith	1.593	Noun
tintypes	1.593	Noun
tinware	1.593	Noun
tipless	1.593	Adjective
tippets	1.593	Noun
tippler	1.593	Noun
tippytoe	1.593	Noun
tiredest	1.593	Adjective
tissu	1.593	Noun
tithe	1.593	Noun
titrated	1.593	Verb
titter	1.593	Verb
tittles	1.593	Noun
tlingit	1.593	Verb
toddles	1.593	Verb
tods	1.593	Noun
tody	1.593	Noun
toeless	1.593	Adjective
toerag	1.593	Verb
toffees	1.593	Noun
tofus	1.593	Noun
tog	1.593	Noun
toile	1.593	Noun
toiler	1.593	Noun
toity	1.593	Name
tokay	1.593	Verb
tokes	1.593	Noun
tol	1.593	Noun
tollway	1.593	Noun
toluol	1.593	Verb
tombe	1.593	Noun
tombolas	1.593	Noun
tomboys	1.593	Noun
tomcods	1.593	Noun
tomtit	1.593	Noun
tondo	1.593	Noun
toneless	1.593	Adjective
toners	1.593	Noun
tongas	1.593	Name
tonger	1.593	Noun
tongued	1.593	Verb
toniest	1.593	Adjective
toning	1.593	Adjective
tooled	1.593	Adjective
toolmark	1.593	Noun
tooters	1.593	Noun
toothful	1.593	Noun
tootling	1.593	Verb
toper	1.593	Noun
topes	1.593	Noun
topia	1.593	Name
topis	1.593	Noun
topknots	1.593	Noun
torahs	1.593	Name
toras	1.593	Noun
torii	1.593	Name
torpid	1.593	Adjective
tors	1.593	Noun
torse	1.593	Verb
torta	1.593	Noun
torus	1.593	Noun
toted	1.593	Verb
totemic	1.593	Adjective
toter	1.593	Noun
tother	1.593	Noun
tottle	1.593	Name
toucans	1.593	Noun
touchier	1.593	Adjective
touchup	1.593	Noun
toughed	1.593	Verb
toughing	1.593	Verb
toughly	1.593	Adverb
toughy	1.593	Noun
toup	1.593	Verb
tournel	1.593	Name
tourneur	1.593	Name
touse	1.593	Verb
tovarish	1.593	Verb
towhead	1.593	Noun
towheads	1.593	Noun
townfolk	1.593	Noun
townies	1.593	Noun
towpath	1.593	Noun
towson	1.593	Name
toxology	1.593	Noun
toyo	1.593	Name
toytown	1.593	Name
tps	1.593	Name
tracery	1.593	Noun
tradings	1.593	Noun
traduced	1.593	Verb
traipsed	1.593	Verb
traipses	1.593	Noun
tramline	1.593	Noun
tramples	1.593	Verb
tramways	1.593	Noun
transept	1.593	Verb
tranvia	1.593	Noun
trashier	1.593	Adjective
trashman	1.593	Noun
travails	1.593	Noun
treaters	1.593	Noun
treelike	1.593	Adjective
tref	1.593	Verb
trendier	1.593	Adjective
trendily	1.593	Adverb
trental	1.593	Adjective
trepan	1.593	Noun
tribble	1.593	Noun
trickful	1.593	#N/A
trickie	1.593	Noun
tricolor	1.593	Noun
trid	1.593	Noun
trifid	1.593	Adjective
trigo	1.593	Name
trillium	1.593	Noun
trillo	1.593	Noun
trimmers	1.593	Noun
triode	1.593	Noun
tripes	1.593	Noun
triply	1.593	Adverb
tripos	1.593	Noun
trippet	1.593	Name
tripple	1.593	Noun
tristeza	1.593	Noun
triune	1.593	Adjective
trivets	1.593	Verb
troche	1.593	Name
trochlea	1.593	Noun
troggs	1.593	Name
troikas	1.593	Noun
trompe	1.593	Noun
tron	1.593	Name
trothed	1.593	Adjective
trowels	1.593	Noun
trs	1.593	Noun
truants	1.593	Noun
trucing	1.593	Verb
truckle	1.593	Noun
truckmen	1.593	Noun
trudged	1.593	Verb
truff	1.593	Verb
truffled	1.593	Adjective
trullo	1.593	Name
trumpety	1.593	Adjective
trunch	1.593	Noun
trunked	1.593	Verb
trunkful	1.593	Noun
trunking	1.593	Verb
trush	1.593	Noun
tsarinas	1.593	Noun
tsi	1.593	Name
tsks	1.593	Name
tubba	1.593	Noun
tubercle	1.593	Noun
tubers	1.593	Noun
tubings	1.593	Noun
tucky	1.593	#N/A
tui	1.593	Noun
tuis	1.593	Noun
tuke	1.593	Name
tules	1.593	Noun
tumbrel	1.593	Noun
tunas	1.593	Noun
tuners	1.593	Noun
tungs	1.593	Noun
tunisian	1.593	Adjective
tunning	1.593	Verb
tur	1.593	Verb
turb	1.593	Noun
turbot	1.593	Noun
tureens	1.593	Noun
turkic	1.593	Adjective
turm	1.593	Verb
turmoils	1.593	Noun
turnouts	1.593	Noun
turreted	1.593	Adjective
turvy	1.593	Adjective
tushes	1.593	Noun
tusker	1.593	Noun
tusky	1.593	Adjective
tussles	1.593	Noun
tutelary	1.593	Noun
tuum	1.593	Unclassified
twaddles	1.593	Verb
twait	1.593	#N/A
twangy	1.593	Adjective
twank	1.593	Name
tway	1.593	Name
tweets	1.593	Noun
tweezing	1.593	Verb
twelfths	1.593	Number
twick	1.593	Name
twiglet	1.593	Noun
twined	1.593	Verb
twinged	1.593	Verb
twinkled	1.593	Verb
twirlier	1.593	Adjective
twirp	1.593	Noun
twitted	1.593	Verb
twosomes	1.593	Noun
tympans	1.593	Noun
typer	1.593	Noun
typeset	1.593	Noun
tyrosine	1.593	Verb
tzigane	1.593	Noun
tzimmes	1.593	Noun
udell	1.593	Name
ugandan	1.593	Adjective
uhlans	1.593	Noun
uit	1.593	Noun
ukelele	1.593	Noun
ukranian	1.593	Noun
ula	1.593	Name
ulan	1.593	Name
ullage	1.593	Name
ulnae	1.593	Noun
ultima	1.593	Noun
ultimata	1.593	Noun
ultralow	1.593	Noun
ulu	1.593	Name
umble	1.593	Noun
umping	1.593	Adjective
umps	1.593	Verb
unaged	1.593	Adjective
unalike	1.593	Adjective
unavowed	1.593	Adjective
unbaked	1.593	Adjective
unbarred	1.593	Adjective
unbelief	1.593	Noun
unbent	1.593	Verb
unbidden	1.593	Noun
unbilled	1.593	Adjective
unblown	1.593	Noun
unbooked	1.593	Adjective
unbooted	1.593	Adjective
unbosom	1.593	Verb
unbraid	1.593	Verb
unbrick	1.593	Noun
unbroke	1.593	Noun
unburied	1.593	Adjective
unburnt	1.593	Noun
unbury	1.593	Verb
unbusy	1.593	Adjective
unca	1.593	Name
uncaged	1.593	Adjective
uncap	1.593	Verb
uncapped	1.593	Adjective
uncase	1.593	Noun
uncasual	1.593	Adjective
unchic	1.593	Adjective
unclever	1.593	Verb
unclick	1.593	Verb
unclip	1.593	Verb
uncloak	1.593	Verb
unclose	1.593	Verb
unclosed	1.593	Adjective
unclutch	1.593	Verb
uncocks	1.593	Noun
uncowed	1.593	Adjective
uncrated	1.593	Adjective
uncrazy	1.593	Adjective
undated	1.593	Adjective
unde	1.593	Unclassified
undeeded	1.593	Adjective
undenied	1.593	Adjective
underbid	1.593	Verb
undig	1.593	Verb
undimmed	1.593	Adjective
undine	1.593	Name
undock	1.593	Verb
undocked	1.593	Adjective
undraped	1.593	Adjective
undriven	1.593	Adjective
undulate	1.593	Noun
undy	1.593	Name
unearned	1.593	Adjective
unearths	1.593	Verb
uneasily	1.593	Adverb
unerotic	1.593	Adjective
unesco	1.593	Name
unfamous	1.593	Adjective
unfelt	1.593	Adjective
unfemale	1.593	Noun
unfilial	1.593	Adjective
unfinish	1.593	Verb
unfits	1.593	Verb
unfixed	1.593	Adjective
unforced	1.593	Adjective
unforged	1.593	Adjective
unfoul	1.593	Verb
unfouled	1.593	Adjective
unfueled	1.593	Adjective
ungagged	1.593	Adjective
unguento	1.593	Noun
unguents	1.593	Noun
unhailed	1.593	Adjective
unhallow	1.593	Noun
unhanded	1.593	Adjective
unhappen	1.593	Verb
unhat	1.593	Verb
unheated	1.593	Adjective
unhinge	1.593	Verb
unhinges	1.593	Verb
unhuman	1.593	Noun
unhung	1.593	Verb
unicell	1.593	Noun
unifocal	1.593	Adjective
unionise	1.593	Verb
unionist	1.593	Noun
unities	1.593	Noun
unjammed	1.593	Adjective
unjoint	1.593	Verb
unjudged	1.593	Adjective
unkilled	1.593	Adjective
unknit	1.593	Verb
unlace	1.593	Verb
unlacing	1.593	Verb
unlax	1.593	Verb
unlearnt	1.593	Noun
unlifted	1.593	Adjective
unlimber	1.593	Noun
unlink	1.593	Verb
unlist	1.593	Noun
unlogged	1.593	Adjective
unlonely	1.593	Adverb
unlooked	1.593	Adjective
unloose	1.593	Noun
unloosed	1.593	Adjective
unloyal	1.593	Adjective
unluck	1.593	Noun
unluckly	1.593	Adverb
unmaking	1.593	Verb
unman	1.593	Verb
unmeddle	1.593	Verb
unmeet	1.593	Noun
unmelted	1.593	Adjective
unmet	1.593	Adjective
unmilled	1.593	Adjective
unmissed	1.593	Adjective
unmixed	1.593	Adjective
unmodern	1.593	Verb
unmoor	1.593	Verb
unmould	1.593	Verb
unmoving	1.593	Adjective
unn	1.593	Verb
unnormal	1.593	Adjective
unowned	1.593	Adjective
unphased	1.593	Adjective
unplan	1.593	Adjective
unpocket	1.593	Noun
unpolish	1.593	Adjective
unproved	1.593	Adjective
unrated	1.593	Adjective
unreel	1.593	Verb
unregal	1.593	Adjective
unrisen	1.593	Adjective
unruffle	1.593	Verb
unrung	1.593	Verb
unsafer	1.593	Adjective
unsay	1.593	Verb
unseamed	1.593	Adjective
unseeing	1.593	Adjective
unset	1.593	Verb
unshaken	1.593	Noun
unshined	1.593	Adjective
unshorn	1.593	Noun
unshrunk	1.593	Verb
unsickly	1.593	Adverb
unsifted	1.593	Adjective
unsilent	1.593	Adjective
unsling	1.593	Verb
unslung	1.593	Verb
unsmiled	1.593	Adjective
unsnaps	1.593	Verb
unsnarl	1.593	Noun
unsolid	1.593	Adjective
unsort	1.593	Verb
unsought	1.593	Adjective
unsown	1.593	Noun
unspell	1.593	Verb
unspent	1.593	Adjective
unsplit	1.593	Adjective
unstack	1.593	Verb
unsticks	1.593	Noun
unstop	1.593	Verb
unstring	1.593	Verb
unsubtly	1.593	Adverb
unsunk	1.593	Noun
unsweet	1.593	Verb
untaught	1.593	Noun
unteach	1.593	Verb
untended	1.593	Adjective
untether	1.593	#N/A
unthawed	1.593	Adjective
untired	1.593	Adjective
untorn	1.593	Noun
untraced	1.593	Adjective
untuck	1.593	Verb
untwine	1.593	Verb
untwined	1.593	Adjective
unvalued	1.593	Adjective
unvented	1.593	Adjective
unviable	1.593	Adjective
unwarned	1.593	Adjective
unweave	1.593	Verb
unwedge	1.593	Verb
unwedged	1.593	Adjective
unwelded	1.593	Adjective
unwept	1.593	Name
unwet	1.593	Verb
unwifely	1.593	Adverb
unwire	1.593	Verb
unwired	1.593	Adjective
unwished	1.593	Adjective
unwork	1.593	Noun
unworn	1.593	Adjective
upas	1.593	Noun
upcurve	1.593	Noun
updo	1.593	Noun
upend	1.593	Verb
upheaved	1.593	Verb
uplander	1.593	Noun
upo	1.593	Noun
uppish	1.593	Adjective
uprise	1.593	Noun
uproots	1.593	Verb
uprose	1.593	Name
upshift	1.593	Verb
upshots	1.593	Noun
upsilon	1.593	Noun
upstroke	1.593	Noun
upswell	1.593	Noun
ura	1.593	Name
uranian	1.593	Adjective
urbanite	1.593	Noun
uremic	1.593	Adjective
ureteral	1.593	Noun
urgence	1.593	Noun
urger	1.593	Name
urinates	1.593	Verb
urman	1.593	Name
urogram	1.593	Noun
urologic	1.593	Adjective
ursuline	1.593	Adjective
usances	1.593	Noun
usee	1.593	Noun
ush	1.593	Verb
usurers	1.593	Noun
usurious	1.593	Adjective
usurpers	1.593	Noun
usurps	1.593	Verb
util	1.593	Noun
utopians	1.593	Noun
utu	1.593	Noun
uvala	1.593	Noun
uvre	1.593	Noun
vacantly	1.593	Adverb
vade	1.593	Noun
vaguer	1.593	Adjective
vahini	1.593	Noun
vailing	1.593	Verb
valances	1.593	Noun
valency	1.593	Noun
valent	1.593	Adjective
valeted	1.593	Verb
valew	1.593	Name
valgus	1.593	Noun
valvular	1.593	Adjective
vampyre	1.593	Noun
vanadium	1.593	Noun
vanda	1.593	Noun
vanillas	1.593	Noun
vanload	1.593	Noun
vare	1.593	Name
variably	1.593	Adverb
varix	1.593	Noun
vasa	1.593	Name
vastest	1.593	Adjective
vasty	1.593	Adjective
vasu	1.593	Noun
vaulter	1.593	Noun
vaunce	1.593	Verb
vedic	1.593	Adjective
veganism	1.593	Noun
vegetal	1.593	Adjective
vegs	1.593	Noun
veiling	1.593	Adjective
veilings	1.593	Noun
vela	1.593	Name
veldts	1.593	Noun
velo	1.593	Noun
velum	1.593	Noun
vendable	1.593	Adjective
vender	1.593	Verb
venders	1.593	Noun
venditor	1.593	Noun
vendue	1.593	Verb
veneered	1.593	Verb
venerate	1.593	Verb
venger	1.593	Noun
venter	1.593	Noun
ventless	1.593	Adjective
verandas	1.593	Noun
verged	1.593	Verb
veri	1.593	Adjective
veriest	1.593	Adjective
verite	1.593	Noun
verities	1.593	Noun
vernal	1.593	Adjective
vernier	1.593	Noun
verry	1.593	Noun
verso	1.593	Name
vertigos	1.593	Noun
vertu	1.593	Noun
verves	1.593	Noun
vesture	1.593	Noun
vetiver	1.593	Adjective
vetoing	1.593	Verb
viands	1.593	Noun
viator	1.593	Noun
vibrance	1.593	Noun
vica	1.593	Noun
videtur	1.593	Noun
vidicons	1.593	Name
vies	1.593	Verb
viewport	1.593	Noun
vileness	1.593	Noun
viler	1.593	Adjective
villi	1.593	Noun
vimana	1.593	Name
vindict	1.593	Verb
vinegars	1.593	Noun
vintages	1.593	Noun
vinum	1.593	Noun
viny	1.593	Adjective
vinyon	1.593	Noun
violas	1.593	Noun
virgos	1.593	Name
viscid	1.593	Name
viselike	1.593	Adjective
visitant	1.593	Noun
visory	1.593	Adjective
viss	1.593	Noun
vitalism	1.593	Noun
vitalist	1.593	Noun
vitamine	1.593	Noun
vitiated	1.593	Verb
vitiligo	1.593	Noun
vitrify	1.593	Verb
vivacity	1.593	Noun
viveur	1.593	Noun
vivified	1.593	Verb
viz	1.593	Name
vizard	1.593	Noun
vlach	1.593	Name
vobis	1.593	Noun
vocalise	1.593	Verb
vocat	1.593	Noun
vocoder	1.593	Noun
voider	1.593	Noun
voitures	1.593	Noun
voivod	1.593	Name
volente	1.593	Noun
voltages	1.593	Noun
voltaic	1.593	Adjective
voodooed	1.593	Verb
vortexes	1.593	Noun
vrouw	1.593	Noun
vulgarly	1.593	Adverb
waar	1.593	Verb
waddled	1.593	Verb
waddy	1.593	Name
wader	1.593	Noun
waf	1.593	Verb
waffing	1.593	Verb
wagger	1.593	Noun
waggers	1.593	Verb
waggish	1.593	Adjective
waggy	1.593	Adjective
wahines	1.593	Name
wakens	1.593	Verb
walkable	1.593	Adjective
wallas	1.593	Name
walleyes	1.593	Noun
wallie	1.593	Noun
walloon	1.593	Adjective
wallows	1.593	Verb
walruses	1.593	Noun
wanger	1.593	Verb
wanked	1.593	Adjective
wans	1.593	Verb
wany	1.593	Noun
wapped	1.593	Verb
wapping	1.593	Name
waps	1.593	Noun
warantee	1.593	Noun
warblers	1.593	Noun
warcraft	1.593	Noun
warily	1.593	Adverb
waringin	1.593	Noun
warpaint	1.593	Noun
warranto	1.593	Noun
warst	1.593	Verb
washbowl	1.593	Noun
washdown	1.593	Name
washrag	1.593	Noun
washup	1.593	Noun
wastage	1.593	Noun
wats	1.593	Noun
watteau	1.593	Name
waveform	1.593	Noun
waverer	1.593	Noun
waverers	1.593	Noun
waxings	1.593	Noun
waxwing	1.593	Noun
waybill	1.593	Noun
wayland	1.593	Name
wayman	1.593	Noun
weared	1.593	Verb
weason	1.593	Noun
weel	1.593	Verb
weening	1.593	Verb
weighin	1.593	Noun
weirdies	1.593	Noun
weirdy	1.593	Noun
welcher	1.593	Noun
welkin	1.593	Noun
welshers	1.593	Noun
welter	1.593	Noun
wem	1.593	Name
wemmy	1.593	Noun
wenched	1.593	Verb
wenching	1.593	Verb
wende	1.593	Noun
wended	1.593	Verb
wending	1.593	Verb
westham	1.593	Name
westlaw	1.593	Name
westling	1.593	Verb
wetted	1.593	Adjective
whangs	1.593	Noun
whare	1.593	Verb
wharfs	1.593	Noun
wharves	1.593	Noun
wheal	1.593	Name
wheaten	1.593	Adjective
wheedled	1.593	Verb
wheedles	1.593	Verb
wheen	1.593	Name
wheezed	1.593	Verb
wheezers	1.593	Noun
wheezily	1.593	Adverb
whelks	1.593	Noun
whelped	1.593	Verb
whelps	1.593	Noun
whenas	1.593	Noun
wherefor	1.593	Noun
whereon	1.593	Adverb
whereto	1.593	Adverb
whetting	1.593	Verb
whickers	1.593	Name
whiffet	1.593	Verb
whiling	1.593	Verb
whimmy	1.593	Adjective
whinnied	1.593	Verb
whipster	1.593	Name
whirlies	1.593	Name
whirly	1.593	Adjective
whirr	1.593	Verb
whishes	1.593	Verb
whishing	1.593	Verb
whiskin	1.593	Noun
whitened	1.593	Verb
whitish	1.593	Adjective
whitsun	1.593	Noun
whizkid	1.593	Noun
whizzle	1.593	Noun
wholl	1.593	Verb
whoot	1.593	Verb
whops	1.593	Verb
whorls	1.593	Noun
whoso	1.593	Noun
whs	1.593	Name
whups	1.593	Verb
whyfor	1.593	Noun
wickers	1.593	Name
wicking	1.593	Noun
wickiups	1.593	Noun
wideners	1.593	Noun
wides	1.593	Noun
wielders	1.593	Noun
wifeless	1.593	Adjective
wifelet	1.593	Noun
wifes	1.593	Noun
wigger	1.593	Noun
wigless	1.593	Adjective
wigmaker	1.593	Noun
wildcard	1.593	Noun
wildered	1.593	Verb
wilders	1.593	Name
willets	1.593	Noun
wincing	1.593	Verb
windbags	1.593	Noun
windburn	1.593	Noun
windlass	1.593	Noun
windle	1.593	Name
windless	1.593	Adjective
windsock	1.593	Noun
winer	1.593	Name
wineries	1.593	Noun
wineshop	1.593	Noun
wingmen	1.593	Noun
winker	1.593	Noun
winkled	1.593	Adjective
winnable	1.593	Adjective
winnowed	1.593	Verb
winster	1.593	Name
wintery	1.593	Adjective
wird	1.593	Unclassified
wiremen	1.593	Noun
wirings	1.593	Noun
wiseness	1.593	Noun
wishers	1.593	Noun
wishlist	1.593	Noun
wist	1.593	Noun
witched	1.593	#N/A
witcher	1.593	Name
withing	1.593	Verb
withness	1.593	Noun
witney	1.593	Name
wittily	1.593	Adverb
wobegone	1.593	Name
wod	1.593	Noun
wode	1.593	Verb
woden	1.593	Name
wodges	1.593	Noun
wold	1.593	Noun
wolfers	1.593	Noun
womanize	1.593	Verb
wonted	1.593	Adjective
wontons	1.593	Noun
woodie	1.593	Noun
woodworm	1.593	Noun
wooer	1.593	Noun
wooers	1.593	Noun
wooingly	1.593	Adverb
woom	1.593	Noun
woon	1.593	#N/A
wordings	1.593	Noun
workbox	1.593	Noun
workfare	1.593	Verb
worktops	1.593	Noun
workwise	1.593	Adverb
wormless	1.593	Adjective
worts	1.593	Noun
wotcha	1.593	Noun
wreaker	1.593	Noun
wreathed	1.593	Verb
wrens	1.593	Noun
wrested	1.593	Verb
wresting	1.593	Verb
wrests	1.593	Verb
wristlet	1.593	Noun
writhes	1.593	Noun
wugg	1.593	Verb
wus	1.593	Verb
wussiest	1.593	Adjective
wye	1.593	Name
xiphoid	1.593	Adjective
xray	1.593	Noun
xvi	1.593	Number
xxv	1.593	Number
xylenol	1.593	Name
yacked	1.593	Verb
yad	1.593	Name
yagi	1.593	Name
yammerer	1.593	Noun
yappers	1.593	Noun
yarm	1.593	Verb
yarrow	1.593	Name
yas	1.593	Noun
yawner	1.593	Noun
yawny	1.593	Adjective
yawping	1.593	Verb
yaws	1.593	Verb
yearends	1.593	Noun
yed	1.593	Adjective
yeech	1.593	Verb
yeggman	1.593	Noun
yellowed	1.593	Adjective
yemenite	1.593	Noun
yeom	1.593	Name
yesty	1.593	Noun
yobbo	1.593	Noun
yoghurts	1.593	Noun
yok	1.593	Name
yokes	1.593	Noun
yonker	1.593	Noun
yook	1.593	Name
youngish	1.593	Adjective
youngun	1.593	Noun
younker	1.593	Noun
youthen	1.593	Adjective
yowl	1.593	Noun
yowls	1.593	Verb
yows	1.593	Noun
yuckiest	1.593	Adjective
yulan	1.593	Adjective
yummier	1.593	Adjective
yummiest	1.593	Adjective
yuppy	1.593	Adjective
zagging	1.593	Adjective
zaibatsu	1.593	Noun
zakat	1.593	Name
zamias	1.593	Noun
zanders	1.593	Name
zanies	1.593	Noun
zappers	1.593	Noun
zarzuela	1.593	Noun
zeins	1.593	Name
zeiss	1.593	Verb
zel	1.593	Name
zendo	1.593	Noun
zestful	1.593	Adjective
ziff	1.593	Name
zinged	1.593	Verb
zings	1.593	Noun
zingy	1.593	Name
zodiacs	1.593	#N/A
zoftig	1.593	Name
zombi	1.593	Noun
zombiism	1.593	Noun
zonal	1.593	Adjective
zoner	1.593	Noun
zugzwang	1.593	Noun
zygotes	1.593	Noun
zymurgy	1.593	Noun
